CustomerID,recency,frequency,monetary,tenure,n_products,uk,avg_order,inv_last_90,rev_last_90,mean_gap,n_returns,return_ratio,aov_trend,churn_prob,segment,value_at_risk
15749,235,2,24850.9,332,5,1,12425.45,0.0,0.0,97.0,1.0,0.1333955711865566,1.0,0.29641438118603686,Hibernating,7366.164145416084
12590,211,1,9341.26,211,67,0,9341.26,0.0,0.0,212.0,1.0,0.0003083095856447631,1.0,0.525268193548936,Hibernating,4906.666765670933
12830,37,6,6814.64,171,13,1,1135.7733333333333,1.0,400.32000000000005,26.2,0.0,-0.0,0.31205178413300244,0.3381457056288836,Loyal,2304.3412514068154
13135,196,1,3096.0,196,1,1,3096.0,0.0,0.0,197.0,0.0,-0.0,1.0,0.69655530714849,Hibernating,2156.535230931725
12688,113,1,4873.8099999999995,113,171,0,4873.8099999999995,0.0,0.0,114.0,0.0,-0.0,1.0,0.4137834849036146,Hibernating,2016.7020865580857
18087,290,1,3202.9199999999996,290,1,1,3202.9199999999996,0.0,0.0,291.0,2.0,0.08916863362182009,1.0,0.6294795613107866,Hibernating,2016.1726765135445
13027,113,6,6912.0,354,6,1,1152.0,0.0,0.0,47.6,0.0,-0.0,1.0,0.28210703242798035,At risk (was loyal),1949.9238081422002
14439,319,1,2661.24,319,32,0,2661.24,0.0,0.0,320.0,0.0,-0.0,1.0,0.7014526739336069,Hibernating,1866.7339139790718
16180,100,8,10254.18,252,90,1,1281.7725,0.0,0.0,21.428571428571427,2.0,0.0035790282596950707,1.0,0.17731530506833632,At risk (was loyal),1818.2230549256328
17850,372,34,5333.25,373,21,1,156.86029411764707,0.0,0.0,0.0,1.0,0.005581962218159659,1.0,0.32029299993125615,At risk (was loyal),1708.2026418833718
12755,280,2,3811.95,365,4,0,1905.975,0.0,0.0,85.0,1.0,0.41742415299256286,1.0,0.44241188130465464,Hibernating,1686.4519709392782
15032,256,3,4464.1,366,29,1,1488.0333333333335,0.0,0.0,55.0,0.0,-0.0,1.0,0.376144956489064,Hibernating,1679.1487002628307
17723,127,6,3276.4000000000005,214,4,1,546.0666666666667,0.0,0.0,17.0,0.0,-0.0,1.0,0.47921089545961354,At risk (was loyal),1570.0865778838781
12435,79,2,7829.89,267,31,0,3914.945,1.0,3850.9,188.0,0.0,-0.0,0.967808413692922,0.20001975961514237,Hibernating,1566.1327156130071
18251,87,1,4314.72,87,16,1,4314.72,1.0,4314.72,88.0,0.0,-0.0,1.0,0.34775124338276003,Hibernating,1500.4492448484625
18073,114,12,3859.82,197,23,1,321.6516666666667,0.0,0.0,7.181818181818182,1.0,0.0033887590613033767,1.0,0.38571759926112653,At risk (was loyal),1488.8005039800814
16754,372,1,2002.4,372,2,1,2002.4,0.0,0.0,373.0,0.0,-0.0,1.0,0.737429531067334,Hibernating,1476.6288930092296
15195,2,1,3861.0,2,1,1,3861.0,1.0,3861.0,3.0,0.0,-0.0,1.0,0.37450262447288224,New / recent,1445.9546330897983
12378,129,1,4008.62,129,219,0,4008.62,0.0,0.0,130.0,0.0,-0.0,1.0,0.34864611132098017,Hibernating,1397.5897747635074
12980,157,9,7374.900000000001,358,6,1,819.4333333333334,0.0,0.0,24.375,3.0,0.03835170646381646,1.0,0.18548161497549315,At risk (was loyal),1367.9083622827645
12752,81,1,4366.78,81,53,0,4366.78,1.0,4366.78,82.0,0.0,-0.0,1.0,0.31047589350541843,Hibernating,1355.779922241591
14364,108,8,3717.35,211,61,1,464.66875,0.0,0.0,14.142857142857142,0.0,-0.0,1.0,0.3638486313257773,At risk (was loyal),1352.5527096588783
16041,30,3,3166.4,141,6,1,1055.4666666666667,1.0,426.6,55.0,0.0,-0.0,0.3114095919410176,0.4269189207806737,Champions,1351.7960707599254
15372,137,1,2007.3999999999999,137,27,1,2007.3999999999999,0.0,0.0,138.0,0.0,-0.0,1.0,0.6535981827740217,Hibernating,1312.0329921005712
14935,297,1,1784.71,297,10,0,1784.71,0.0,0.0,298.0,0.0,-0.0,1.0,0.7326531752476825,Hibernating,1307.5734483962915
17597,213,1,2044.3700000000001,213,55,1,2044.3700000000001,0.0,0.0,214.0,0.0,-0.0,1.0,0.6274488647089146,Hibernating,1282.7376355449637
12754,235,3,3010.74,308,49,0,1003.5799999999999,0.0,0.0,36.0,0.0,-0.0,1.0,0.42181474285736437,Hibernating,1269.974518910381
16152,268,1,1829.04,268,29,1,1829.04,0.0,0.0,269.0,0.0,-0.0,1.0,0.6804672462740872,Hibernating,1244.6018121251564
16182,72,4,6617.65,294,17,1,1654.4125,1.0,1773.65,73.66666666666667,0.0,-0.0,1.098462014863749,0.18404572463872737,At risk (was loyal),1217.950189655474
14459,155,1,1837.92,155,37,1,1837.92,0.0,0.0,156.0,0.0,-0.0,1.0,0.6436637307786913,Hibernating,1183.0024440727725
12764,316,1,1693.88,316,45,0,1693.88,0.0,0.0,317.0,0.0,-0.0,1.0,0.6891173731172892,Hibernating,1167.282135975914
16698,226,2,1998.0,253,4,1,999.0,0.0,0.0,26.0,0.0,-0.0,1.0,0.542117066800251,Hibernating,1083.1498994669014
12758,116,2,2791.59,276,84,0,1395.795,0.0,0.0,159.0,0.0,-0.0,1.0,0.3842946308527493,Hibernating,1072.7930485422264
16553,163,12,5668.82,360,61,1,472.40166666666664,0.0,0.0,17.545454545454547,1.0,0.0007497151082588617,1.0,0.1890051364077283,At risk (was loyal),1071.4360973708583
16902,116,1,1706.88,116,43,1,1706.88,0.0,0.0,117.0,0.0,-0.0,1.0,0.626499207127588,Hibernating,1069.3589666619375
16532,17,3,6748.8,338,2,1,2249.6,1.0,2232.0,160.0,0.0,-0.0,0.9883103081827842,0.15837299001892485,Champions,1068.82763503972
12643,128,6,3041.64,332,10,0,506.94,0.0,0.0,40.4,0.0,-0.0,1.0,0.35123253386346753,At risk (was loyal),1068.3229243004773
17553,129,1,1487.6,129,2,1,1487.6,0.0,0.0,130.0,0.0,-0.0,1.0,0.6923099474959105,Hibernating,1029.8802778949164
14101,73,6,5976.79,326,15,1,996.1316666666667,1.0,1032.4,50.0,0.0,-0.0,1.0440114958569209,0.17211649541812088,At risk (was loyal),1028.7041486500707
17353,129,2,1740.0,154,5,1,870.0,0.0,0.0,25.0,0.0,-0.0,1.0,0.5867697303729503,Hibernating,1020.9793308489336
17061,73,11,5116.13,232,55,1,465.1027272727273,1.0,573.4,15.4,0.0,-0.0,1.2622365846088144,0.19917885389482334,At risk (was loyal),1019.0249097769225
12653,148,2,2209.85,296,37,0,1104.925,0.0,0.0,147.0,0.0,-0.0,1.0,0.4588935779437056,Hibernating,1014.0859732188978
14566,110,1,1432.0,110,4,0,1432.0,0.0,0.0,111.0,0.0,-0.0,1.0,0.7060262693377891,Hibernating,1011.0296176917141
13952,217,2,3251.07,238,119,1,1625.535,0.0,0.0,20.0,1.0,0.0015318033755040647,1.0,0.3109265999983374,Hibernating,1010.8441414565948
12557,16,5,11990.960000000001,371,15,0,2398.192,1.0,2990.0,88.25,0.0,-0.0,1.3287471558589306,0.08424533292067599,Champions,1010.182417238509
12424,162,2,1760.96,162,30,0,880.48,0.0,0.0,0.0,0.0,-0.0,1.0,0.5720768254833951,Hibernating,1007.4044066032395
13631,99,11,3070.42,267,6,1,279.1290909090909,0.0,0.0,16.5,1.0,0.01584473785345327,1.0,0.3218252991467625,At risk (was loyal),988.1388350062025
12770,210,1,1351.45,210,12,0,1351.45,0.0,0.0,211.0,0.0,-0.0,1.0,0.7157559976869783,Hibernating,967.3084430740669
12501,336,1,1995.39,336,147,0,1995.39,0.0,0.0,337.0,1.0,0.024912423135326926,1.0,0.4823651406102141,Hibernating,962.5065779222152
15245,134,3,2515.84,261,55,1,838.6133333333333,0.0,0.0,63.0,0.0,-0.0,1.0,0.3809788728249536,Hibernating,958.4818874079313
16281,72,1,2062.06,72,17,1,2062.06,1.0,2062.06,73.0,0.0,-0.0,1.0,0.46067481567264223,Hibernating,949.9391104059287
15341,80,1,2020.52,80,17,1,2020.52,1.0,2020.52,81.0,0.0,-0.0,1.0,0.4648856690473843,Hibernating,939.3107920236209
12409,78,2,11067.72,182,91,0,5533.86,1.0,4860.64,103.0,3.0,0.001047189484374379,0.7830799667476496,0.08456284026385091,Hibernating,935.917838445028
17444,151,2,2389.1,172,131,0,1194.55,0.0,0.0,21.0,0.0,-0.0,1.0,0.39149976072535897,Hibernating,935.3320783489551
13328,316,1,1308.48,316,17,1,1308.48,0.0,0.0,317.0,0.0,-0.0,1.0,0.7109774814793554,Hibernating,930.299814966107
13572,205,1,1384.25,205,32,1,1384.25,0.0,0.0,206.0,0.0,-0.0,1.0,0.6656449158488777,Hibernating,921.418974763809
14887,79,1,1862.0,79,6,1,1862.0,1.0,1862.0,80.0,0.0,-0.0,1.0,0.4916163494751991,Hibernating,915.3896427228208
14145,46,4,3148.2,217,6,1,787.05,1.0,891.0,56.333333333333336,0.0,-0.0,1.1842105263157896,0.28961847775737504,Loyal,911.7768916757681
12357,33,1,6207.67,33,131,0,6207.67,1.0,6207.67,34.0,0.0,-0.0,1.0,0.14572228931916603,Needs attention,904.5958837379075
12916,138,4,2923.15,320,53,1,730.7875,0.0,0.0,60.0,0.0,-0.0,1.0,0.30702867255815763,At risk (was loyal),897.4908641883785
12405,148,1,1390.39,148,53,0,1390.39,0.0,0.0,149.0,0.0,-0.0,1.0,0.642809818877653,Hibernating,893.7563440693
15939,89,14,6100.01,331,27,1,435.71500000000003,1.0,254.76,18.153846153846153,1.0,0.0020901605079335934,0.5665933877935075,0.1464349482498959,At risk (was loyal),893.2546486738474
13802,138,3,4179.42,311,54,1,1393.14,0.0,0.0,86.0,3.0,0.06535595848227743,1.0,0.2129069321679986,Hibernating,889.8274904415767
15797,113,3,2192.4,304,7,1,730.8000000000001,0.0,0.0,95.5,0.0,-0.0,1.0,0.40439795200399026,At risk (was loyal),886.6020699735483
17313,31,1,2328.84,31,24,1,2328.84,1.0,2328.84,32.0,1.0,0.017480805894780235,1.0,0.3779466280171482,New / recent,880.1772251914554
15704,140,4,2293.62,215,79,1,573.405,0.0,0.0,24.666666666666668,0.0,-0.0,1.0,0.3833893236488594,At risk (was loyal),879.3494205074969
13814,92,2,1562.12,137,36,0,781.06,0.0,0.0,44.0,0.0,-0.0,1.0,0.5623105817173376,Hibernating,878.3966059122873
14828,196,3,2139.76,336,17,1,713.2533333333334,0.0,0.0,69.5,0.0,-0.0,1.0,0.4043540291889766,Hibernating,865.2205774974047
15665,168,2,2222.21,243,92,1,1111.105,0.0,0.0,74.0,0.0,-0.0,1.0,0.38765917814778317,Hibernating,861.4601022717852
17230,264,8,3476.17,359,51,1,434.52125,0.0,0.0,13.428571428571429,2.0,0.0027328928101905256,1.0,0.2473252943134522,At risk (was loyal),859.7447683335932
14918,115,2,1610.15,154,39,1,805.075,0.0,0.0,38.0,0.0,-0.0,1.0,0.5274052690346469,Hibernating,849.2015939361368
13501,288,1,1340.32,288,52,0,1340.32,0.0,0.0,289.0,1.0,0.022270801002745613,1.0,0.6313615926701854,Hibernating,846.2265698877029
12625,211,2,2374.22,319,71,0,1187.11,0.0,0.0,107.0,1.0,0.005012172418731204,1.0,0.35637570634183946,Hibernating,846.1143295109221
12840,143,4,2726.77,226,67,1,681.6925,0.0,0.0,27.0,2.0,0.004584178350209222,1.0,0.30144664916745295,At risk (was loyal),821.9756795503357
13093,275,8,7832.47,373,97,1,979.05875,0.0,0.0,13.428571428571429,5.0,0.011618301761768637,1.0,0.10487790882680982,At risk (was loyal),821.4530745487232
12798,10,3,6977.04,170,6,0,2325.68,2.0,5370.0,80.0,0.0,-0.0,1.670773596176822,0.1165363719788528,Loyal,813.0789287513352
12818,261,1,1182.0800000000002,261,13,0,1182.0800000000002,0.0,0.0,262.0,1.0,0.02047238765565782,1.0,0.685063985814616,Hibernating,809.8004363517414
13868,7,2,3192.54,38,32,1,1596.27,2.0,3192.54,31.0,0.0,-0.0,1.0,0.25300323215970255,New / recent,807.7229387991367
16751,30,1,1764.72,30,24,1,1764.72,1.0,1764.72,31.0,0.0,-0.0,1.0,0.4549825174584935,New / recent,802.9167482093527
13850,129,1,1595.48,129,93,1,1595.48,0.0,0.0,130.0,1.0,0.005434101336274977,1.0,0.5010503962121277,Hibernating,799.4158861485255
13791,127,2,1516.0,168,7,1,758.0,0.0,0.0,40.0,1.0,0.3089182058047493,1.0,0.527069293993397,Hibernating,799.0370496939898
16380,61,1,1743.1499999999999,61,28,1,1743.1499999999999,1.0,1743.1499999999999,62.0,0.0,-0.0,1.0,0.45707365815029316,Needs attention,796.7479472046834
13851,95,3,2651.46,288,77,1,883.82,0.0,0.0,95.5,0.0,-0.0,1.0,0.30039826061201735,Hibernating,796.4939720823395
12769,238,1,1143.6,238,32,0,1143.6,0.0,0.0,239.0,0.0,-0.0,1.0,0.6951266257031836,Hibernating,794.9468091541607
15332,366,4,1661.06,369,29,0,415.265,0.0,0.0,1.0,0.0,-0.0,1.0,0.4759577729461152,At risk (was loyal),790.5944183298741
15947,82,1,1708.24,82,29,1,1708.24,1.0,1708.24,83.0,0.0,-0.0,1.0,0.46243061168482347,Hibernating,789.9424681044828
15410,84,8,3450.84,261,48,1,431.355,1.0,361.43,24.714285714285715,0.0,-0.0,0.8189298280254158,0.2220183818313065,At risk (was loyal),766.1499127587458
16270,353,1,1141.24,353,54,1,1141.24,0.0,0.0,354.0,0.0,-0.0,1.0,0.6670353944916637,Hibernating,761.2474736096663
14411,310,1,1063.0,310,14,1,1063.0,0.0,0.0,311.0,0.0,-0.0,1.0,0.715507235156275,Hibernating,760.5841909711204
15171,331,1,1034.5,331,3,1,1034.5,0.0,0.0,332.0,0.0,-0.0,1.0,0.7344431396595767,Hibernating,759.7814279778321
17152,194,3,1689.5,263,9,1,563.1666666666666,0.0,0.0,34.0,1.0,0.11009174311926606,1.0,0.4467385951129297,At risk (was loyal),754.7648564432947
12744,56,4,9120.39,318,177,0,2280.0975,1.0,999.26,87.0,0.0,-0.0,0.3691333595201653,0.08210156347729324,Loyal,748.7982785226704
15808,306,4,3651.27,369,142,1,912.8175,0.0,0.0,20.666666666666668,1.0,0.002793548546122308,1.0,0.20346430223137207,At risk (was loyal),742.9031028083419
12432,42,4,4359.32,172,106,0,1089.83,2.0,1042.66,43.0,0.0,-0.0,0.3143704811466958,0.1693168253513534,Loyal,738.1062230906618
15491,95,6,3100.09,235,108,1,516.6816666666667,0.0,0.0,27.6,1.0,0.002980558628943031,1.0,0.2352144153309124,At risk (was loyal),729.1858568232083
13151,295,1,1257.8700000000001,295,73,1,1257.8700000000001,0.0,0.0,296.0,1.0,0.005962460349638674,1.0,0.577299926390365,Hibernating,726.1682584086485
13082,126,9,3613.63,338,63,1,401.51444444444445,0.0,0.0,26.125,1.0,0.005022650354352825,1.0,0.20030496964887057,At risk (was loyal),723.8280474722482
15057,275,2,1489.5,315,25,1,744.75,0.0,0.0,40.0,0.0,-0.0,1.0,0.48028365119049343,Hibernating,715.38249844824
17504,206,8,2745.2799999999997,322,101,1,343.15999999999997,0.0,0.0,16.428571428571427,0.0,-0.0,1.0,0.26029414670730405,At risk (was loyal),714.5803150726276
15333,208,1,1028.56,208,16,1,1028.56,0.0,0.0,209.0,0.0,-0.0,1.0,0.6920973184330275,Hibernating,711.8636178474746
14105,239,1,1266.23,239,74,1,1266.23,0.0,0.0,240.0,1.0,0.00465950103851591,1.0,0.5621189654594548,Hibernating,711.7718976337255
12502,95,5,2995.87,309,101,0,599.174,0.0,0.0,53.25,0.0,-0.0,1.0,0.2365713103685874,At risk (was loyal),708.7368915939398
12354,232,1,1079.4,232,58,0,1079.4,0.0,0.0,233.0,0.0,-0.0,1.0,0.6562817372188592,Hibernating,708.3905071540366
16102,42,3,1842.14,128,41,1,614.0466666666667,1.0,449.3,42.5,0.0,-0.0,0.645156658338359,0.38426418152906644,Loyal,707.8684193619545
14235,75,5,3093.86,260,64,1,618.772,1.0,342.0,45.75,0.0,-0.0,0.4971183127048614,0.2255783414711488,At risk (was loyal),697.9078075439285
15734,114,2,1339.45,200,25,1,669.725,0.0,0.0,85.0,0.0,-0.0,1.0,0.5198692127102863,Hibernating,696.338816964793
17354,50,1,1393.06,50,15,1,1393.06,1.0,1393.06,51.0,0.0,-0.0,1.0,0.4951164422273554,Needs attention,689.7269110092396
12406,22,2,3295.7000000000003,183,90,0,1647.8500000000001,1.0,1794.05,161.0,1.0,0.0045362138544163605,1.1947191422768286,0.20916830637073963,New / recent,689.3559873060467
16258,45,5,5203.51,219,111,1,1040.702,1.0,1462.45,43.0,0.0,-0.0,1.5636744665950293,0.13239620739207425,Loyal,688.9249891267323
12514,267,1,1017.68,267,51,0,1017.68,0.0,0.0,268.0,0.0,-0.0,1.0,0.6747784460696643,Hibernating,686.7085289961759
13722,131,3,2375.41,282,75,1,791.8033333333333,0.0,0.0,75.5,1.0,0.0026311247321515025,1.0,0.2879771806537217,Hibernating,684.063874696657
16986,29,2,1873.2,30,3,1,936.6,2.0,1873.2,0.0,0.0,-0.0,1.0,0.3624584306970529,Loyal,678.9571323817196
13340,45,7,10736.48,276,128,1,1533.782857142857,2.0,1506.94,38.333333333333336,0.0,-0.0,0.40818393982798706,0.06320309689219758,Loyal,678.5787857211415
14930,108,3,2362.96,274,116,0,787.6533333333333,0.0,0.0,82.5,0.0,-0.0,1.0,0.2867426500337564,Hibernating,677.561412323765
16209,88,5,2262.62,246,37,1,452.524,1.0,145.72,39.0,0.0,-0.0,0.2753460248476546,0.29944832408945116,At risk (was loyal),677.5377670512739
15069,179,1,1109.53,179,70,1,1109.53,0.0,0.0,180.0,0.0,-0.0,1.0,0.6030567204464481,Hibernating,669.1095230369475
12371,59,1,1527.96,59,62,0,1527.96,1.0,1527.96,60.0,0.0,-0.0,1.0,0.43569035762344105,Needs attention,665.717438834313
18133,212,1,931.4999999999999,212,1,1,931.4999999999999,0.0,0.0,213.0,0.0,-0.0,1.0,0.714472397035986,Hibernating,665.5310378390209
13763,63,1,1714.96,63,15,1,1714.96,1.0,1714.96,64.0,2.0,0.01486915146708961,1.0,0.38505939012379137,Needs attention,660.3614516866973
13235,212,1,1031.07,212,53,1,1031.07,0.0,0.0,213.0,0.0,-0.0,1.0,0.6379996857225779,Hibernating,657.8223359579783
14016,161,4,4291.21,357,153,0,1072.8025,0.0,0.0,64.66666666666667,1.0,0.002971189944095022,1.0,0.15161864222969662,At risk (was loyal),650.6274337224964
14403,130,4,1426.31,247,11,1,356.5775,0.0,0.0,38.333333333333336,0.0,-0.0,1.0,0.4553636978210124,At risk (was loyal),649.4897958390882
17919,88,1,1304.04,88,23,1,1304.04,1.0,1304.04,89.0,0.0,-0.0,1.0,0.4959513708254124,Hibernating,646.7404256111707
14154,239,2,1345.62,239,52,1,672.81,0.0,0.0,0.0,0.0,-0.0,1.0,0.48050350999675695,Hibernating,646.5751331218361
12739,99,1,975.54,99,37,0,975.54,0.0,0.0,100.0,0.0,-0.0,1.0,0.659229809480515,Hibernating,643.1050483406216
15813,207,2,1303.9099999999999,239,40,1,651.9549999999999,0.0,0.0,31.0,0.0,-0.0,1.0,0.4917750278917144,Hibernating,641.2303766182853
12377,315,2,1548.12,354,71,0,774.06,0.0,0.0,39.0,0.0,-0.0,1.0,0.4107661557460713,Hibernating,635.9153010336079
17829,298,1,889.24,298,30,0,889.24,0.0,0.0,299.0,0.0,-0.0,1.0,0.7119209083108503,Hibernating,633.0685485063406
15265,151,2,1506.1200000000001,235,76,1,753.0600000000001,0.0,0.0,84.0,0.0,-0.0,1.0,0.4199017375209894,Hibernating,632.4224049151127
13934,263,1,922.1,263,31,1,922.1,0.0,0.0,264.0,0.0,-0.0,1.0,0.682919033811642,Hibernating,629.7196410777151
12397,35,2,2214.9,135,109,0,1107.45,1.0,1105.09,99.0,0.0,-0.0,0.9957470197601391,0.2842584798455961,Needs attention,629.6041070100108
16126,29,4,6287.77,296,57,1,1571.9425,1.0,2581.07,88.66666666666667,0.0,-0.0,2.0889767178352714,0.09975773931346112,Champions,627.2537205230014
16253,66,2,3683.86,255,114,1,1841.93,1.0,1983.46,188.0,0.0,-0.0,1.16646671371442,0.16916830000016947,Loyal,623.1923336386243
13492,136,3,1269.84,214,38,0,423.28,0.0,0.0,38.5,0.0,-0.0,1.0,0.48948031424990396,Hibernating,621.561682247098
16216,267,1,914.9300000000001,267,37,1,914.9300000000001,0.0,0.0,268.0,0.0,-0.0,1.0,0.6750925314278987,Hibernating,617.6624097793274
14163,87,4,2445.91,239,36,1,611.4775,1.0,786.52,50.0,0.0,-0.0,1.4219442084139353,0.25244525420145236,At risk (was loyal),617.4583717038743
13316,37,4,5732.93,254,66,1,1433.2325,2.0,2197.75,72.0,0.0,-0.0,0.62167980131139,0.10746121262231571,Loyal,616.0676096788525
12534,130,1,981.18,130,62,0,981.18,0.0,0.0,131.0,0.0,-0.0,1.0,0.627883891829062,Hibernating,616.067116984839
18093,93,4,2106.52,302,31,1,526.63,0.0,0.0,69.33333333333333,1.0,0.01096595332586446,1.0,0.291641937537569,At risk (was loyal),614.3495742616399
13075,129,1,919.61,129,22,1,919.61,0.0,0.0,130.0,0.0,-0.0,1.0,0.667276086573333,Hibernating,613.6337619737028
12438,14,2,2466.85,140,83,0,1233.425,1.0,1696.78,125.0,0.0,-0.0,2.2034100796031533,0.24831554467610262,New / recent,612.5572013842437
12967,358,2,1608.1,371,18,1,804.05,0.0,0.0,13.0,2.0,0.25704247248305456,1.0,0.37893084031549396,Hibernating,609.3586843113458
17004,46,2,1312.1399999999999,92,38,1,656.0699999999999,1.0,406.54,46.0,0.0,-0.0,0.44891784452296823,0.4596919315353018,Loyal,603.1801710447309
16692,256,2,1126.0,289,1,1,563.0,0.0,0.0,32.0,0.0,-0.0,1.0,0.5354836534355611,Hibernating,602.9545937684419
12449,22,4,3596.29,187,117,0,899.0725,1.0,1216.71,54.333333333333336,0.0,-0.0,1.5339387623025913,0.1675344610856216,Champions,602.50250705761
12349,18,1,1457.55,18,72,0,1457.55,1.0,1457.55,19.0,0.0,-0.0,1.0,0.41331154581789625,New / recent,602.4222436068746
16766,273,2,1145.6,273,17,1,572.8,0.0,0.0,0.0,0.0,-0.0,1.0,0.5251085310606237,Hibernating,601.5643331830505
16398,154,2,1645.95,253,74,1,822.975,0.0,0.0,99.0,1.0,0.00899176767216501,1.0,0.364282278741583,Hibernating,599.5904166947086
13422,64,1,2626.3,64,127,1,2626.3,1.0,2626.3,65.0,1.0,0.009423904352130372,1.0,0.22812395112277217,Needs attention,599.1219328337367
17242,108,2,1135.04,180,30,1,567.52,0.0,0.0,72.0,0.0,-0.0,1.0,0.5261591675645042,Hibernating,597.2117015524149
13878,54,1,1271.57,54,35,1,1271.57,1.0,1271.57,55.0,0.0,-0.0,1.0,0.4693881884383712,Needs attention,596.8599387725797
17386,7,6,2686.42,165,23,1,447.7366666666667,1.0,989.08,31.2,0.0,-0.0,2.913617778406212,0.22125197771493682,Champions,594.3757379729606
16308,37,4,2560.0,261,1,1,640.0,1.0,960.0,74.0,0.0,-0.0,1.7999999999999998,0.23180595283468022,Loyal,593.4232392567814
14973,107,3,1314.45,225,29,1,438.15000000000003,0.0,0.0,58.5,0.0,-0.0,1.0,0.45135998633285174,Hibernating,593.290134035217
15480,116,1,905.5,116,45,0,905.5,0.0,0.0,117.0,0.0,-0.0,1.0,0.6514469949776416,Hibernating,589.8852539522544
12356,22,3,2487.43,325,52,0,829.1433333333333,1.0,58.349999999999994,151.0,0.0,-0.0,0.04804288043209774,0.2369163264307771,Loyal,589.3127778537079
18173,86,4,2106.84,274,23,1,526.71,1.0,378.0,62.0,0.0,-0.0,0.6559311445824946,0.27870632411399976,At risk (was loyal),587.1896318963393
13893,297,1,821.1,297,21,1,821.1,0.0,0.0,298.0,0.0,-0.0,1.0,0.7048835617849466,Hibernating,578.7798925816197
17679,52,2,1992.1100000000001,85,29,1,996.0550000000001,2.0,1992.1100000000001,32.0,0.0,-0.0,1.0,0.2900400583694689,Loyal,577.7917006784027
12398,45,1,1435.66,45,84,0,1435.66,1.0,1435.66,46.0,0.0,-0.0,1.0,0.4015180124114677,Needs attention,576.4433496986477
17457,126,5,1737.7,339,14,1,347.54,0.0,0.0,52.75,0.0,-0.0,1.0,0.33029113966074436,At risk (was loyal),573.9469133884755
14844,63,4,3189.81,241,87,1,797.4525,1.0,932.13,58.666666666666664,0.0,-0.0,1.238612203678112,0.1795964766252207,Loyal,572.8786371038952
14246,110,3,1474.06,245,57,1,491.3533333333333,0.0,0.0,67.5,0.0,-0.0,1.0,0.3865705443391816,Hibernating,569.828176588614
14212,89,1,1070.48,89,9,1,1070.48,1.0,1070.48,90.0,0.0,-0.0,1.0,0.5322967060982394,Hibernating,569.8129779440434
12560,5,2,1918.01,143,90,0,959.005,1.0,625.7,137.0,1.0,0.017007210598484892,0.48417175445520044,0.29697959774729576,New / recent,569.6098382752907
16276,176,1,810.6000000000001,176,6,1,810.6000000000001,0.0,0.0,177.0,0.0,-0.0,1.0,0.7010752774375172,Hibernating,568.2916198908515
14407,107,5,2113.03,276,65,1,422.60600000000005,0.0,0.0,42.0,1.0,0.008021656105213838,1.0,0.2686018291290518,At risk (was loyal),567.5637230045603
17588,100,3,1240.2,232,19,1,413.40000000000003,0.0,0.0,65.5,0.0,-0.0,1.0,0.45686937770517666,At risk (was loyal),566.6094022299601
14758,144,4,1484.06,259,54,1,371.015,0.0,0.0,37.666666666666664,0.0,-0.0,1.0,0.38148964567501237,At risk (was loyal),566.1535235604588
12669,150,2,1427.73,256,96,0,713.865,0.0,0.0,105.0,0.0,-0.0,1.0,0.3959508478022801,Hibernating,565.3109039327494
16174,126,3,1009.5500000000001,151,19,1,336.5166666666667,0.0,0.0,12.0,0.0,-0.0,1.0,0.5589573154466148,At risk (was loyal),564.29535780913
16671,28,3,1692.27,164,3,1,564.09,2.0,309.39,67.5,0.0,-0.0,0.11186437001041304,0.3334003656234837,Champions,564.2034367336528
17505,161,2,1145.84,205,48,1,572.92,0.0,0.0,44.0,0.0,-0.0,1.0,0.4922148352971641,Hibernating,563.9994468769024
15098,182,2,946.5,182,1,1,473.25,0.0,0.0,0.0,0.0,-0.0,1.0,0.592687101918386,Hibernating,560.9783419657524
15815,63,5,2100.6,259,33,1,420.12,1.0,225.9,48.75,0.0,-0.0,0.4819971195391263,0.2669345290908463,Loyal,560.7226718082318
15076,172,1,880.85,172,49,1,880.85,0.0,0.0,173.0,0.0,-0.0,1.0,0.6362314164994576,Hibernating,560.4244432235472
13414,133,3,1390.5,296,23,1,463.5,0.0,0.0,81.0,0.0,-0.0,1.0,0.40303674565840747,Hibernating,560.4225948380156
15095,103,4,1370.6,203,30,1,342.65,0.0,0.0,33.0,1.0,0.0043046840799649795,1.0,0.4081548606838505,At risk (was loyal),559.4170520532855
16053,32,2,1511.95,122,81,1,755.975,1.0,387.76,89.0,0.0,-0.0,0.3449239007641057,0.36929780536698265,Loyal,558.3598168246094
15004,147,1,1220.38,147,153,1,1220.38,0.0,0.0,148.0,0.0,-0.0,1.0,0.457330606207373,Hibernating,558.1171252033539
15812,107,5,1801.14,317,36,1,360.228,0.0,0.0,52.25,0.0,-0.0,1.0,0.3087364833924674,At risk (was loyal),556.0776296975088
14567,56,2,1530.3600000000001,130,33,1,765.1800000000001,1.0,729.6,73.0,1.0,0.003855302020439635,0.9111344222988161,0.3617168125137014,Loyal,553.5569411984682
16494,296,1,826.53,296,47,1,826.53,0.0,0.0,297.0,0.0,-0.0,1.0,0.667271582084032,Hibernating,551.519980739915
13339,200,1,860.12,200,54,1,860.12,0.0,0.0,201.0,0.0,-0.0,1.0,0.6350189736899471,Hibernating,546.1925196501973
16563,53,1,1077.74,53,19,1,1077.74,1.0,1077.74,54.0,0.0,-0.0,1.0,0.5064158609776708,Needs attention,545.7846300100749
12876,57,2,2053.02,196,66,0,1026.51,1.0,1386.59,138.0,0.0,-0.0,2.080623621385592,0.26547492081702245,Needs attention,545.0253219357635
13819,301,3,1140.35,319,26,1,380.1166666666666,0.0,0.0,8.5,0.0,-0.0,1.0,0.4760723545817146,Hibernating,542.8891095472582
15505,52,5,3497.14,155,88,1,699.428,2.0,1505.6,25.25,0.0,-0.0,1.1339968064914587,0.15511464687084295,Loyal,542.4576361578997
15832,254,1,836.79,254,54,1,836.79,0.0,0.0,255.0,0.0,-0.0,1.0,0.6473858167394341,Hibernating,541.725977589391
17406,333,3,1889.42,366,99,1,629.8066666666667,0.0,0.0,16.5,1.0,0.0032814302801918048,1.0,0.2856292688111826,At risk (was loyal),539.6736530772247
12585,234,2,1824.1,351,76,0,912.05,0.0,0.0,117.0,2.0,0.031407269338303824,1.0,0.29558609132197544,Hibernating,539.1785891804154
13224,60,2,2152.95,151,100,1,1076.475,1.0,940.69,91.0,1.0,0.0023688427506444645,0.7759804002441721,0.24952861477587046,Needs attention,537.2226311817103
15653,92,2,877.4399999999999,115,4,1,438.71999999999997,0.0,0.0,23.0,0.0,-0.0,1.0,0.6112158363157717,Hibernating,536.3052234169107
17083,109,3,1405.78,303,24,1,468.5933333333333,0.0,0.0,97.0,0.0,-0.0,1.0,0.3807902180103584,At risk (was loyal),535.3072726746016
12611,52,1,1193.32,52,65,0,1193.32,1.0,1193.32,53.0,0.0,-0.0,1.0,0.447103165571736,Needs attention,533.537149540064
12882,9,2,1463.04,33,12,1,731.52,2.0,1463.04,24.0,0.0,-0.0,1.0,0.3626481170209573,New / recent,530.5687011263414
18231,192,5,2071.77,288,106,1,414.354,0.0,0.0,23.75,1.0,0.008253811957891079,1.0,0.25570723829766306,At risk (was loyal),529.7665850879494
12497,81,1,953.1,81,13,0,953.1,1.0,953.1,82.0,0.0,-0.0,1.0,0.5537636334867662,Hibernating,527.7921190762369
16260,50,1,1035.45,50,18,1,1035.45,1.0,1035.45,51.0,0.0,-0.0,1.0,0.5096609483202392,Needs attention,527.7284289381918
17160,31,6,3518.03,241,111,1,586.3383333333334,1.0,516.85,41.6,0.0,-0.0,0.8610779759961081,0.1500006392808132,Champions,527.7067490090793
15123,7,2,2199.31,206,93,1,1099.655,1.0,1129.84,198.0,0.0,-0.0,1.056448521230142,0.2393244114389873,Loyal,526.3485713218791
13425,108,3,1624.21,294,66,1,541.4033333333333,0.0,0.0,93.0,0.0,-0.0,1.0,0.3237092708696531,Hibernating,525.7718348391993
17282,130,3,1685.46,299,79,1,561.82,0.0,0.0,84.0,0.0,-0.0,1.0,0.31126476435947287,At risk (was loyal),524.6243097373172
15464,338,1,1044.65,338,155,1,1044.65,0.0,0.0,339.0,0.0,-0.0,1.0,0.5021834185924919,Hibernating,524.6059082326467
17584,7,2,1227.3,127,29,1,613.65,1.0,492.85,120.0,0.0,-0.0,0.6710463612226837,0.4273851043693845,Loyal,524.5297385925455
18202,199,3,1396.99,311,55,1,465.66333333333336,0.0,0.0,55.5,0.0,-0.0,1.0,0.3752560948320726,At risk (was loyal),524.2290119194571
13461,38,3,1445.0,163,14,1,481.6666666666667,1.0,560.8,62.0,0.0,-0.0,1.2684912915629947,0.36249386720640697,Loyal,523.8036381132581
16083,100,2,1317.62,360,31,1,658.81,0.0,0.0,259.0,0.0,-0.0,1.0,0.394878951231197,Hibernating,520.3004037212497
14885,131,1,765.3199999999999,131,15,1,765.3199999999999,0.0,0.0,132.0,0.0,-0.0,1.0,0.6790981868679524,Hibernating,519.7274243737813
14045,109,4,1659.75,373,4,1,414.9375,0.0,0.0,87.66666666666667,0.0,-0.0,1.0,0.3130011953916058,At risk (was loyal),519.5037340512177
16320,172,2,1038.46,213,56,0,519.23,0.0,0.0,40.0,0.0,-0.0,1.0,0.49996599200998665,Hibernating,519.1946840626907
12652,331,1,793.98,331,47,0,793.98,0.0,0.0,332.0,1.0,0.006864152749439532,1.0,0.6527645081503464,Hibernating,518.2819641812121
13341,260,1,775.85,260,42,1,775.85,0.0,0.0,261.0,0.0,-0.0,1.0,0.6672074369920273,Hibernating,517.6528899902644
12762,7,2,1702.52,25,61,0,851.26,2.0,1702.52,17.0,0.0,-0.0,1.0,0.3038483944656502,New / recent,517.3079685456588
14164,70,2,1631.77,80,28,1,815.885,2.0,1631.77,10.0,0.0,-0.0,1.0,0.315192348370931,Loyal,514.3214183012341
15985,123,2,1037.42,236,28,1,518.71,0.0,0.0,113.0,0.0,-0.0,1.0,0.4945240995639094,Hibernating,513.029191369591
13475,191,4,1431.78,298,64,1,357.945,0.0,0.0,35.333333333333336,0.0,-0.0,1.0,0.3556555609294908,At risk (was loyal),509.2205190276263
18143,116,2,1000.16,141,59,1,500.08,0.0,0.0,25.0,0.0,-0.0,1.0,0.5083309055167655,Hibernating,508.4122384616482
14306,51,2,2093.32,85,33,1,1046.66,2.0,2093.32,34.0,1.0,0.004729329486175071,1.0,0.24281825273560506,Loyal,508.29630481649684
14875,107,2,1465.3200000000002,262,46,1,732.6600000000001,0.0,0.0,155.0,2.0,0.0052207026451560066,1.0,0.34636610176158955,Hibernating,507.5371762332925
12976,211,1,738.6,211,22,1,738.6,0.0,0.0,212.0,0.0,-0.0,1.0,0.6861690296384996,Hibernating,506.8044452909958
15978,77,1,1098.78,77,49,1,1098.78,1.0,1098.78,78.0,0.0,-0.0,1.0,0.4611462396386589,Hibernating,506.6982651901656
13753,287,1,741.26,287,35,1,741.26,0.0,0.0,288.0,0.0,-0.0,1.0,0.6835112991450638,Hibernating,506.65958560427
16256,266,1,752.4300000000001,266,13,1,752.4300000000001,0.0,0.0,267.0,1.0,0.02631474024161716,1.0,0.668351257083874,Hibernating,502.88753636761936
12857,210,2,1106.4,302,37,1,553.2,0.0,0.0,91.0,0.0,-0.0,1.0,0.4545136371750245,Hibernating,502.8738881704472
13261,268,2,944.1,285,8,1,472.05,0.0,0.0,17.0,0.0,-0.0,1.0,0.5316997342940923,Hibernating,501.9777191470526
18080,18,2,1231.5,242,2,1,615.75,1.0,390.0,223.0,0.0,-0.0,0.4634581105169341,0.4074889873633027,Loyal,501.8226879379073
17649,138,1,868.49,138,52,1,868.49,0.0,0.0,139.0,1.0,0.007772110214279957,1.0,0.5770260501625535,Hibernating,501.1413543056761
12865,26,2,1568.23,123,86,0,784.115,1.0,586.85,97.0,1.0,0.01285525720079325,0.5979844708471744,0.3194253118984086,New / recent,500.93235687844134
15379,169,7,3649.59,358,145,1,521.37,0.0,0.0,30.833333333333332,1.0,0.004849859847270516,1.0,0.1362792297048011,At risk (was loyal),497.3633139383451
13639,74,1,1033.34,74,39,1,1033.34,1.0,1033.34,75.0,0.0,-0.0,1.0,0.48061526713028846,Hibernating,496.6389801364122
12360,52,3,2302.06,200,104,0,767.3533333333334,1.0,923.78,74.0,0.0,-0.0,1.3404823403082102,0.21549035624831597,Loyal,496.07172950499825
17819,71,7,3704.87,371,36,1,529.2671428571429,1.0,236.39999999999998,49.333333333333336,1.0,0.011822277164920765,0.4089411181298959,0.13374569338447478,At risk (was loyal),495.51040704933905
14195,201,2,1012.0,252,7,1,506.0,0.0,0.0,50.0,1.0,0.04871541501976284,1.0,0.48940565361388827,Hibernating,495.27852145725495
16244,211,2,1522.75,372,88,1,761.375,0.0,0.0,160.0,0.0,-0.0,1.0,0.3249306357563489,Hibernating,494.7881255979803
14055,106,1,725.6400000000001,106,10,1,725.6400000000001,0.0,0.0,107.0,0.0,-0.0,1.0,0.6813057380745023,Hibernating,494.3826957763819
12516,77,2,1186.06,180,19,0,593.03,1.0,656.86,102.0,0.0,-0.0,1.2412320483749055,0.41678737280391076,Hibernating,494.3348313878064
17197,29,1,1013.01,29,29,1,1013.01,1.0,1013.01,30.0,0.0,-0.0,1.0,0.48737420201675496,New / recent,493.71494038499293
13853,57,1,1090.14,57,23,1,1090.14,1.0,1090.14,58.0,1.0,0.030454803970132276,1.0,0.4514208523730821,Needs attention,492.1119280059918
13689,63,1,910.0,63,6,1,910.0,1.0,910.0,64.0,0.0,-0.0,1.0,0.5396627387010917,Needs attention,491.09309221799344
18194,82,1,896.0,82,5,1,896.0,1.0,896.0,83.0,0.0,-0.0,1.0,0.5467066250133426,Hibernating,489.8491360119549
13583,155,1,781.03,155,53,1,781.03,0.0,0.0,156.0,0.0,-0.0,1.0,0.6268907015721149,Hibernating,489.6204446488689
16377,267,1,676.2,267,5,1,676.2,0.0,0.0,268.0,0.0,-0.0,1.0,0.7216767320252261,Hibernating,487.99780619545794
16000,2,3,12393.7,2,9,1,4131.233333333334,3.0,12393.7,0.0,0.0,-0.0,1.0,0.03937088859606835,Champions,487.9509819930923
17050,96,6,3185.64,299,169,1,530.9399999999999,0.0,0.0,40.2,0.0,-0.0,1.0,0.15288259583609004,At risk (was loyal),487.02891259928185
15791,43,2,1612.69,204,66,1,806.345,1.0,389.45000000000005,160.0,1.0,0.005115676292405856,0.3183757888885256,0.2995498622117371,Loyal,483.08106729024627
13370,371,1,737.87,371,38,1,737.87,0.0,0.0,372.0,1.0,0.022429425237507964,1.0,0.6541303961841329,Hibernating,482.66319543238615
17770,198,5,1143.27,282,33,1,228.654,0.0,0.0,20.5,0.0,-0.0,1.0,0.4217140090540673,At risk (was loyal),482.13297513124354
13659,205,2,1563.0,320,92,1,781.5,0.0,0.0,115.0,1.0,0.014299424184261037,1.0,0.30770416879123463,Hibernating,480.9416158206997
13562,81,3,1799.33,245,50,1,599.7766666666666,1.0,589.6,81.5,0.0,-0.0,0.9747629636365139,0.2669046309939585,Hibernating,480.2495096863593
14603,274,1,660.0,274,2,1,660.0,0.0,0.0,275.0,0.0,-0.0,1.0,0.7271532252716428,Hibernating,479.92112867928427
15108,141,3,1159.25,227,49,0,386.4166666666667,0.0,0.0,42.5,1.0,0.007332326935518654,1.0,0.41318877207139665,Hibernating,478.98908402376657
14461,148,3,2102.67,261,172,1,700.89,0.0,0.0,56.5,0.0,-0.0,1.0,0.22777846672896393,Hibernating,478.9429486369906
17940,49,9,2152.1800000000003,302,5,1,239.13111111111115,1.0,192.0,31.125,0.0,-0.0,0.7836015059841442,0.2218457916816338,Loyal,477.45207594137867
13507,3,4,2479.16,145,146,1,619.79,1.0,456.37,47.0,0.0,-0.0,0.6768423810677332,0.19219620242603405,Champions,476.48513720652653
14920,212,2,977.77,212,57,1,488.885,0.0,0.0,0.0,0.0,-0.0,1.0,0.4866905444088553,Hibernating,475.8714136066464
16951,136,2,1262.75,304,72,1,631.375,0.0,0.0,167.0,0.0,-0.0,1.0,0.37676481522197264,Hibernating,475.75977042154597
13989,65,2,1266.08,239,33,1,633.04,1.0,369.40999999999997,173.0,0.0,-0.0,0.4119798811156835,0.3746677576741092,Loyal,474.35935463603613
12446,57,1,1002.3100000000001,57,57,0,1002.3100000000001,1.0,1002.3100000000001,58.0,0.0,-0.0,1.0,0.4719618162489906,Needs attention,473.0520480445258
14062,9,12,10464.85,364,60,1,872.0708333333333,2.0,1664.18,31.818181818181817,0.0,-0.0,0.9454848324048055,0.04508819635309946,Champions,471.84121160573295
17244,53,1,954.9,53,31,1,954.9,1.0,954.9,54.0,0.0,-0.0,1.0,0.49309903059320076,Needs attention,470.8602643134474
14015,52,1,917.34,52,20,1,917.34,1.0,917.34,53.0,0.0,-0.0,1.0,0.5132690384799631,Needs attention,470.84221975920934
16131,51,6,3506.54,239,55,1,584.4233333333333,2.0,1228.04,37.2,0.0,-0.0,1.077937239411894,0.13421127438976618,Loyal,470.6172020986907
13635,67,1,1071.03,67,62,1,1071.03,1.0,1071.03,68.0,0.0,-0.0,1.0,0.43873670279065763,Needs attention,469.900170789878
16303,25,3,5320.63,333,117,1,1773.5433333333333,1.0,1324.3,153.0,1.0,0.0027816254842001793,0.6627580805388944,0.08831450797478307,Champions,469.8888205658701
14700,32,3,2195.1,238,80,1,731.6999999999999,1.0,654.0,102.5,0.0,-0.0,0.8487444033482577,0.21402866731427445,Loyal,469.8143276215638
14442,204,2,1589.82,316,58,0,794.91,0.0,0.0,112.0,3.0,0.028430891547470787,1.0,0.2952906817078788,Hibernating,469.4590315928199
16054,145,1,783.9,145,70,1,783.9,0.0,0.0,146.0,0.0,-0.0,1.0,0.5975971374439971,Hibernating,468.45639604234935
15074,105,1,735.67,105,41,1,735.67,0.0,0.0,106.0,0.0,-0.0,1.0,0.6344709634114242,Hibernating,466.7612536528824
12453,134,1,707.09,134,43,0,707.09,0.0,0.0,135.0,0.0,-0.0,1.0,0.6599105396602069,Hibernating,466.6161434883357
13593,108,5,1965.0800000000002,336,76,1,393.016,0.0,0.0,56.75,0.0,-0.0,1.0,0.23738190698822473,At risk (was loyal),466.4744377844207
12950,2,3,1843.0,24,13,1,614.3333333333334,3.0,1843.0,10.5,0.0,-0.0,1.0,0.2529001791407567,Loyal,466.09503015641457
13564,354,2,1174.03,368,67,1,587.015,0.0,0.0,13.0,0.0,-0.0,1.0,0.39628543473895594,Hibernating,465.25098894657646
17669,42,7,3406.7200000000003,249,45,1,486.67428571428576,2.0,973.5,33.833333333333336,0.0,-0.0,1.0002178183641428,0.13652525620313988,Loyal,465.1033208123607
16709,84,5,3029.87,281,64,1,605.9739999999999,1.0,1045.28,48.75,0.0,-0.0,2.1067928388231323,0.15308296307898903,At risk (was loyal),463.82147734413644
12815,147,2,863.46,198,37,0,431.73,0.0,0.0,50.0,0.0,-0.0,1.0,0.5368908992108771,Hibernating,463.58381583262394
17037,87,1,1267.32,87,75,1,1267.32,1.0,1267.32,88.0,1.0,0.011125840356026893,1.0,0.3654412842517601,Hibernating,463.1310483579406
18142,157,2,1019.52,215,9,1,509.76,0.0,0.0,58.0,2.0,0.004531544256120528,1.0,0.45244205567915463,Hibernating,461.27372460601174
16214,170,3,1062.75,269,36,1,354.25,0.0,0.0,49.0,0.0,-0.0,1.0,0.43342085942809844,At risk (was loyal),460.6180183572116
12635,89,2,1509.18,154,95,0,754.59,1.0,879.54,65.0,0.0,-0.0,1.3968934629311986,0.30335409966008775,Hibernating,457.81594012501125
14408,10,7,2599.03,264,60,1,371.29,1.0,308.22,41.833333333333336,0.0,-0.0,0.8072777751101138,0.17611372591137853,Champions,457.7248570554502
15071,93,2,982.07,275,25,1,491.035,0.0,0.0,182.0,0.0,-0.0,1.0,0.46458248087524956,Hibernating,456.25251699315635
15478,40,2,1399.92,56,34,1,699.96,2.0,1399.92,16.0,0.0,-0.0,1.0,0.325191142318391,Loyal,455.241583954362
12455,73,5,2339.86,296,84,0,467.97200000000004,1.0,262.5,55.5,0.0,-0.0,0.5054492240150961,0.19433492563975213,At risk (was loyal),454.71651910743043
18192,71,1,957.97,71,45,1,957.97,1.0,957.97,72.0,0.0,-0.0,1.0,0.4739969361556941,Hibernating,454.0748449290703
14565,95,4,2934.27,361,109,1,733.5675,0.0,0.0,88.0,1.0,0.0035784028054677997,1.0,0.15453948487980443,At risk (was loyal),453.46057429826374
12539,22,4,5568.35,333,157,0,1392.0875,1.0,1050.66,103.33333333333333,0.0,-0.0,0.6976972744920524,0.08114374306221882,Champions,451.8367616805062
14817,200,2,1010.34,277,51,1,505.17,0.0,0.0,76.0,0.0,-0.0,1.0,0.4469272429858683,Hibernating,451.5484706783422
14740,197,3,1448.21,283,85,1,482.7366666666667,0.0,0.0,43.0,1.0,0.017262689803274386,1.0,0.3116740914052029,Hibernating,451.3695359139289
13931,95,2,1237.53,280,56,1,618.765,0.0,0.0,185.0,1.0,0.005333204043538338,1.0,0.3627519346312448,Hibernating,448.91640166420433
14937,56,3,1621.88,130,33,0,540.6266666666667,2.0,862.3199999999999,36.5,1.0,0.0026204158137470095,0.5676444257201537,0.2767367533014582,Loyal,448.83380544456907
17704,168,2,885.19,239,27,1,442.595,0.0,0.0,71.0,0.0,-0.0,1.0,0.5068462064211718,Hibernating,448.65519346195714
12418,112,1,668.58,112,34,0,668.58,0.0,0.0,113.0,0.0,-0.0,1.0,0.6687779427359257,Hibernating,447.13155695438525
18094,81,7,3017.3,291,39,1,431.04285714285714,2.0,615.0,34.666666666666664,0.0,-0.0,0.6400116554968155,0.14785800651495734,At risk (was loyal),446.13196305758083
12646,4,2,1346.97,49,43,0,673.485,2.0,1346.97,44.0,0.0,-0.0,1.0,0.3309375235031358,New / recent,445.7629160330189
12412,74,3,1142.88,169,42,0,380.96000000000004,1.0,306.14,46.5,0.0,-0.0,0.7317446279608958,0.3895162158713497,Hibernating,445.1702927950482
14222,177,1,683.17,177,41,1,683.17,0.0,0.0,178.0,0.0,-0.0,1.0,0.6510870882505432,Hibernating,444.80316608012356
18260,172,6,2615.85,358,86,1,435.97499999999997,0.0,0.0,36.6,2.0,0.013647571535065085,1.0,0.1699738205399932,At risk (was loyal),444.62601845954117
14488,67,1,1064.28,67,46,1,1064.28,1.0,1064.28,68.0,1.0,0.015832299770737027,1.0,0.4174383378017165,Needs attention,444.27127415561085
16317,119,3,1341.65,297,64,1,447.2166666666667,0.0,0.0,88.5,0.0,-0.0,1.0,0.331022784976137,At risk (was loyal),444.1167194632343
17727,15,1,1042.55,15,65,1,1042.55,1.0,1042.55,16.0,0.0,-0.0,1.0,0.4228386714315722,New / recent,440.8304569009856
13270,366,1,590.0,366,1,1,590.0,0.0,0.0,367.0,0.0,-0.0,1.0,0.7463954944450625,Hibernating,440.3733417225869
13355,122,1,674.7,122,32,1,674.7,0.0,0.0,123.0,0.0,-0.0,1.0,0.6525397313344743,Hibernating,440.2685567313698
13744,95,2,1080.52,292,54,1,540.26,0.0,0.0,197.0,0.0,-0.0,1.0,0.40510838558224477,Hibernating,437.7277127893271
13823,18,2,957.66,91,39,1,478.83,1.0,307.24,72.0,0.0,-0.0,0.4723716982872606,0.456793493733533,New / recent,437.4528572088552
14584,169,4,969.26,198,67,1,242.315,0.0,0.0,9.0,0.0,-0.0,1.0,0.45007198714081337,At risk (was loyal),436.23677425610475
18064,133,2,814.0,235,7,1,407.0,0.0,0.0,102.0,0.0,-0.0,1.0,0.5343655988298159,Hibernating,434.9735974474702
15129,50,11,3447.4,291,54,1,313.40000000000003,1.0,650.67,23.6,0.0,-0.0,2.326538493168808,0.1260484467799746,Loyal,434.5394154292844
15576,37,1,921.37,37,43,1,921.37,1.0,921.37,38.0,0.0,-0.0,1.0,0.4710041933246552,Needs attention,433.96913360353756
16801,163,3,842.33,201,28,1,280.7766666666667,0.0,0.0,18.5,0.0,-0.0,1.0,0.5150881619395813,At risk (was loyal),433.87421144656753
17046,157,1,642.02,157,22,1,642.02,0.0,0.0,158.0,0.0,-0.0,1.0,0.675336025526542,Hibernating,433.5792351085505
14852,58,6,2836.69,252,96,1,472.7816666666667,1.0,648.27,38.4,0.0,-0.0,1.4811370760640095,0.1524571541509784,Loyal,432.473684608539
17396,39,7,7312.8,371,23,1,1044.6857142857143,2.0,2529.0,55.333333333333336,0.0,-0.0,1.3216480622099587,0.05913109919237185,Loyal,432.41390217397685
15364,95,2,913.19,254,29,1,456.595,0.0,0.0,158.0,0.0,-0.0,1.0,0.47301090185048283,Hibernating,431.94882546084244
13253,156,2,1030.4,339,35,1,515.2,0.0,0.0,182.0,0.0,-0.0,1.0,0.4187381694921428,Hibernating,431.467809844704
16222,318,1,773.5500000000001,318,120,1,773.5500000000001,0.0,0.0,319.0,0.0,-0.0,1.0,0.557662146905479,Hibernating,431.3795537387333
16980,255,2,1028.46,291,71,1,514.23,0.0,0.0,36.0,0.0,-0.0,1.0,0.41907332020643484,Hibernating,431.00014689951
13805,52,2,924.6,129,10,1,462.3,1.0,424.36,76.0,0.0,-0.0,0.8483128098512714,0.46600689856007815,Needs attention,430.86997840864825
16716,266,2,901.2,311,1,1,450.6,0.0,0.0,44.0,1.0,0.6451398135818908,1.0,0.47787896506594524,Hibernating,430.6645233174299
13848,92,3,1255.0,366,3,1,418.3333333333333,0.0,0.0,136.5,0.0,-0.0,1.0,0.34300708481880987,Hibernating,430.4738914476064
13186,39,3,1575.89,128,69,1,525.2966666666667,1.0,273.95,44.0,2.0,0.022971146463268376,0.420833525354471,0.2730660824118193,Loyal,430.32210861196194
15442,248,1,594.0,248,2,1,594.0,0.0,0.0,249.0,0.0,-0.0,1.0,0.7224928183827913,Hibernating,429.16073411937805
16807,142,3,1121.59,270,57,1,373.8633333333333,0.0,0.0,64.0,0.0,-0.0,1.0,0.38215889333780556,At risk (was loyal),428.6255931787493
15222,318,1,585.0,318,5,1,585.0,0.0,0.0,319.0,0.0,-0.0,1.0,0.7322014059995714,Hibernating,428.3378225097493
12707,291,1,603.42,291,33,0,603.42,0.0,0.0,292.0,0.0,-0.0,1.0,0.7083003757068109,Hibernating,427.40261270900385
12689,25,2,1139.61,127,56,0,569.805,1.0,664.5799999999999,101.0,0.0,-0.0,1.399027429846536,0.3741550064657905,New / recent,426.3907869184794
16012,35,3,1415.29,155,87,1,471.7633333333333,1.0,283.17,59.5,0.0,-0.0,0.5002473236052716,0.30090993957328793,Loyal,425.87482837867867
14036,284,1,626.65,284,38,1,626.65,0.0,0.0,285.0,0.0,-0.0,1.0,0.6793339351082178,Hibernating,425.7046104355647
15113,9,3,3339.12,54,75,1,1113.04,3.0,3339.12,21.5,0.0,-0.0,1.0,0.1273667213755097,Loyal,425.29276667939195
12461,154,1,626.88,154,34,0,626.88,0.0,0.0,155.0,0.0,-0.0,1.0,0.6781412823906094,Hibernating,425.11320710502525
12456,44,3,2581.04,254,104,0,860.3466666666667,1.0,755.64,104.5,1.0,0.010519015590614635,0.8279171688397063,0.1645803690733618,Loyal,424.7885157931097
13476,178,2,1100.72,281,54,1,550.36,0.0,0.0,102.0,1.0,0.007222545243113598,1.0,0.3857234655977067,Hibernating,424.5735330527077
15146,164,2,1327.16,291,90,1,663.58,0.0,0.0,126.0,1.0,0.010172096808222068,1.0,0.3197914781043555,Hibernating,424.41445808097643
14352,157,4,1078.96,273,44,1,269.74,0.0,0.0,38.333333333333336,0.0,-0.0,1.0,0.3933042161077848,At risk (was loyal),424.3595170116555
16456,99,5,2158.18,373,80,1,431.63599999999997,0.0,0.0,68.0,0.0,-0.0,1.0,0.19647157627194425,At risk (was loyal),424.02102647858464
14687,106,1,628.38,106,15,1,628.38,0.0,0.0,107.0,0.0,-0.0,1.0,0.6747083088537756,Hibernating,423.97320711753554
17277,227,2,1065.3500000000001,322,67,1,532.6750000000001,0.0,0.0,95.0,0.0,-0.0,1.0,0.3970640305811569,Hibernating,423.01216497963554
14934,81,2,1890.94,282,68,0,945.47,1.0,1062.1,200.0,1.0,0.0011105587697124181,1.281429467689783,0.2236758625391915,Hibernating,422.9576355098588
17499,289,1,622.88,289,40,1,622.88,0.0,0.0,290.0,0.0,-0.0,1.0,0.6775174311298015,Hibernating,422.01205750213074
16505,31,1,777.6,31,4,1,777.6,1.0,777.6,32.0,0.0,-0.0,1.0,0.5423717220532309,New / recent,421.74825106859237
15255,66,1,890.85,66,47,1,890.85,1.0,890.85,67.0,0.0,-0.0,1.0,0.4731037283953282,Needs attention,421.46445644097815
14019,46,3,1408.86,138,37,1,469.61999999999995,1.0,621.0799999999999,45.0,1.0,0.007026957966015076,1.5767853969382313,0.29881280281793604,Loyal,420.98540537807736
16889,194,3,1578.67,336,112,1,526.2233333333334,0.0,0.0,70.5,0.0,-0.0,1.0,0.2665160788862631,At risk (was loyal),420.740938255377
14921,30,2,1316.07,201,78,1,658.035,1.0,413.06,171.0,0.0,-0.0,0.45742572064539705,0.31945270363340744,Loyal,420.4221196708185
17084,35,2,2747.9900000000002,35,146,1,1373.9950000000001,2.0,2747.9900000000002,0.0,0.0,-0.0,1.0,0.15297725280787489,Loyal,420.3799609435121
13192,95,2,911.94,205,57,1,455.97,0.0,0.0,109.0,0.0,-0.0,1.0,0.4609534643017526,Hibernating,420.36190223534027
16718,369,1,606.0500000000001,369,41,1,606.0500000000001,0.0,0.0,370.0,0.0,-0.0,1.0,0.6931254698297877,Hibernating,420.06869099034293
15569,103,5,1375.71,332,27,1,275.142,0.0,0.0,56.75,0.0,-0.0,1.0,0.30525699638791665,At risk (was loyal),419.94510250082084
13655,114,2,932.97,241,52,1,466.485,0.0,0.0,127.0,0.0,-0.0,1.0,0.44945758555820176,Hibernating,419.3304435982355
15494,21,2,1280.58,121,120,1,640.29,1.0,160.7,99.0,0.0,-0.0,0.14349751759117046,0.3270374783901627,Loyal,418.7976540768745
14000,211,1,635.66,211,15,1,635.66,0.0,0.0,212.0,1.0,0.0030676776893307747,1.0,0.6540362988980362,Hibernating,415.74471375752563
14267,162,3,1312.24,260,25,1,437.41333333333336,0.0,0.0,48.5,3.0,0.025262147168200938,1.0,0.31676415344750114,Hibernating,415.6705927199489
13752,124,6,1175.38,246,64,1,195.89666666666668,0.0,0.0,24.0,0.0,-0.0,1.0,0.3531445808467327,At risk (was loyal),415.07907743563277
14346,120,2,1021.58,297,55,1,510.79,0.0,0.0,176.0,0.0,-0.0,1.0,0.4060993407904459,Hibernating,414.86296456470376
12917,128,1,594.0,128,2,1,594.0,0.0,0.0,129.0,0.0,-0.0,1.0,0.6982729826359941,Hibernating,414.7741516857805
18079,45,4,3613.15,238,99,1,903.2875,2.0,1406.97,64.0,0.0,-0.0,0.6377403475691014,0.11475710603901333,Loyal,414.63463768486105
18239,218,5,1561.6100000000001,372,80,1,312.322,0.0,0.0,37.75,0.0,-0.0,1.0,0.2652128296742975,At risk (was loyal),414.15900694767976
12399,119,4,1033.65,261,46,0,258.4125,0.0,0.0,47.333333333333336,0.0,-0.0,1.0,0.40059067230168993,At risk (was loyal),414.07054842464186
16172,95,5,1140.21,241,52,1,228.042,0.0,0.0,36.0,0.0,-0.0,1.0,0.36292616569691755,At risk (was loyal),413.8120433892824
17695,131,2,765.34,171,30,1,382.67,0.0,0.0,39.0,0.0,-0.0,1.0,0.540279505913102,Hibernating,413.49751705553354
17937,8,7,4301.22,362,19,1,614.46,2.0,686.7,58.666666666666664,0.0,-0.0,0.474959330699512,0.09604488463582768,Champions,413.11017869331477
16045,119,4,1340.7,290,71,1,335.175,0.0,0.0,56.333333333333336,0.0,-0.0,1.0,0.30785212973588716,At risk (was loyal),412.73735033690394
14245,219,2,1693.45,263,107,1,846.725,0.0,0.0,43.0,3.0,0.009430452626295433,1.0,0.24362700980964658,Hibernating,412.57015976214603
15649,336,2,816.0,367,1,1,408.0,0.0,0.0,31.0,0.0,-0.0,1.0,0.5040881148148284,Hibernating,411.3359016889
13294,189,2,873.74,249,48,1,436.87,0.0,0.0,59.0,0.0,-0.0,1.0,0.46962061992254245,Hibernating,410.3263204511222
16072,288,1,584.3199999999999,288,23,1,584.3199999999999,0.0,0.0,289.0,0.0,-0.0,1.0,0.7018643088560916,Hibernating,410.1133529507914
17044,25,1,948.48,25,6,1,948.48,1.0,948.48,26.0,2.0,0.0538229588394062,1.0,0.4311805749644773,New / recent,408.96615174230743
12507,134,3,1052.81,298,18,0,350.93666666666667,0.0,0.0,82.0,1.0,0.04440497335701599,1.0,0.3881922219215347,Hibernating,408.6926531612109
17409,184,2,771.85,248,13,1,385.925,0.0,0.0,63.0,0.0,-0.0,1.0,0.5280838583648657,Hibernating,407.6015260789216
12425,78,1,777.2,78,36,0,777.2,1.0,777.2,79.0,0.0,-0.0,1.0,0.524435387847507,Hibernating,407.5911834350824
13122,94,2,922.39,240,54,1,461.195,0.0,0.0,146.0,0.0,-0.0,1.0,0.44177271985220196,Hibernating,407.48673906447254
16763,198,1,594.9,198,22,1,594.9,0.0,0.0,199.0,0.0,-0.0,1.0,0.6844276114637016,Hibernating,407.16598605975605
14301,117,1,640.14,117,13,1,640.14,0.0,0.0,118.0,1.0,0.012653482050801386,1.0,0.6359757462655165,Hibernating,407.1135142144077
17142,239,1,579.0,239,15,1,579.0,0.0,0.0,240.0,0.0,-0.0,1.0,0.7030156660445056,Hibernating,407.04607063976874
13373,60,3,3312.25,276,135,1,1104.0833333333333,1.0,1256.67,107.0,0.0,-0.0,1.2226914058319307,0.12287153948733254,Loyal,406.9812566669172
15625,103,4,1519.26,235,44,1,379.815,0.0,0.0,43.0,3.0,0.009675763200505508,1.0,0.2667597806514876,At risk (was loyal),405.27746435257905
17291,308,1,550.8000000000001,308,1,1,550.8000000000001,0.0,0.0,309.0,0.0,-0.0,1.0,0.7357186782764382,Hibernating,405.2338479946622
12717,151,2,830.98,245,48,0,415.49,0.0,0.0,94.0,0.0,-0.0,1.0,0.48733646405779224,Hibernating,404.9668549027442
12358,1,2,928.0600000000001,150,12,0,464.03000000000003,1.0,523.2,149.0,0.0,-0.0,1.2922985723459963,0.43592648961297487,New / recent,404.56593795021746
12823,74,5,1759.5,296,1,1,351.9,1.0,535.5,55.0,0.0,-0.0,1.75,0.22993004252659296,At risk (was loyal),404.56190982554034
13979,73,1,869.87,73,54,1,869.87,1.0,869.87,74.0,0.0,-0.0,1.0,0.46431636442965457,Hibernating,403.89487592642365
16101,70,1,1263.2,70,74,1,1263.2,1.0,1263.2,71.0,2.0,0.013647878404053196,1.0,0.31941060639075275,Needs attention,403.4794779927989
12550,79,1,824.83,79,56,0,824.83,1.0,824.83,80.0,0.0,-0.0,1.0,0.488706598354736,Hibernating,403.09986352093694
13730,135,2,752.6,161,38,1,376.3,0.0,0.0,25.0,0.0,-0.0,1.0,0.5351494625153836,Hibernating,402.7534854890777
15980,88,3,2398.86,254,40,1,799.62,2.0,1638.68,82.5,0.0,-0.0,1.0778236733405246,0.1676454452955386,At risk (was loyal),402.15795290165573
17787,152,4,1817.54,371,94,1,454.385,0.0,0.0,72.0,0.0,-0.0,1.0,0.22107455100799173,At risk (was loyal),401.8118394390653
13520,58,6,2967.75,371,48,0,494.625,1.0,596.37,62.2,0.0,-0.0,1.257432381145156,0.1353334827038974,Loyal,401.6359432944915
16175,94,4,1037.59,240,45,1,259.3975,0.0,0.0,48.0,0.0,-0.0,1.0,0.38514356775124264,At risk (was loyal),399.62111446301185
15147,240,1,623.5,240,28,1,623.5,0.0,0.0,241.0,1.0,0.02381716118684844,1.0,0.6408852835973363,Hibernating,399.5919743229392
12713,0,1,794.55,0,37,0,794.55,1.0,794.55,1.0,0.0,-0.0,1.0,0.5026984188447416,New / recent,399.41902869308944
12853,134,6,1904.1000000000001,315,64,1,317.35,0.0,0.0,36.0,2.0,0.011764088020587154,1.0,0.2094854975884245,At risk (was loyal),398.8813359581191
15075,77,1,773.03,77,27,1,773.03,1.0,773.03,78.0,0.0,-0.0,1.0,0.51560526373738,Hibernating,398.57833702690687
15235,217,12,2247.51,373,132,1,187.29250000000002,0.0,0.0,13.727272727272727,0.0,-0.0,1.0,0.17728245262379103,At risk (was loyal),398.4440850964966
12868,185,6,1607.0600000000002,373,72,1,267.84333333333336,0.0,0.0,37.0,0.0,-0.0,1.0,0.2477267398910316,At risk (was loyal),398.1117346092813
16116,211,1,592.88,211,33,1,592.88,0.0,0.0,212.0,0.0,-0.0,1.0,0.6711870921965151,Hibernating,397.93340322146986
14258,9,9,12669.98,337,58,1,1407.7755555555555,2.0,3283.66,40.5,1.0,0.0015706417847541985,1.224421285445201,0.031401700602671445,Champions,397.85891860183517
12627,10,6,4082.53,140,161,0,680.4216666666667,2.0,1588.7,25.4,0.0,-0.0,1.2741044898810265,0.0974490305538332,Champions,397.83859070694064
15303,290,1,574.02,290,31,1,574.02,0.0,0.0,291.0,0.0,-0.0,1.0,0.6910567312836181,Hibernating,396.6803848914225
14257,64,5,3099.7200000000003,318,88,1,619.9440000000001,1.0,373.88,63.25,1.0,0.00401649181216368,0.5486455551316292,0.12765103896600458,Loyal,395.68247850370375
12716,3,2,963.49,133,59,0,481.745,1.0,339.59,129.0,0.0,-0.0,0.5443019714697868,0.4099524612868904,New / recent,394.98509692530604
15508,189,6,1000.27,235,78,1,166.71166666666667,0.0,0.0,8.8,0.0,-0.0,1.0,0.39470329934660137,At risk (was loyal),394.80986923742495
17443,219,1,534.24,219,1,0,534.24,0.0,0.0,220.0,0.0,-0.0,1.0,0.7373882248277193,Hibernating,393.94228523196074
16108,84,1,816.1,84,47,1,816.1,1.0,816.1,85.0,0.0,-0.0,1.0,0.4815899797038686,Hibernating,393.02558243632717
15795,149,1,610.01,149,42,1,610.01,0.0,0.0,150.0,0.0,-0.0,1.0,0.6438347213721353,Hibernating,392.74561838421624
13849,51,2,1537.95,170,97,1,768.975,1.0,944.37,119.0,0.0,-0.0,1.5909734155463462,0.2552546922884934,Needs attention,392.5689540050884
17656,73,5,1674.69,128,67,1,334.938,2.0,747.04,13.5,0.0,-0.0,1.207955586697569,0.23434125392728394,At risk (was loyal),392.44895453948317
12383,184,5,1628.56,352,83,0,325.712,0.0,0.0,41.25,1.0,0.006907943213636587,1.0,0.24072183446616077,At risk (was loyal),392.0299507382108
12535,91,2,716.35,186,28,0,358.175,0.0,0.0,94.0,0.0,-0.0,1.0,0.5467222383676511,Hibernating,391.64447545466686
16249,52,5,1800.07,239,67,1,360.014,1.0,359.3,46.0,0.0,-0.0,0.9975221582903586,0.21755238018789974,Loyal,391.60951300483265
16644,177,2,833.78,212,62,1,416.89,0.0,0.0,34.0,0.0,-0.0,1.0,0.4695369220293517,Hibernating,391.49049484963285
13874,358,1,540.45,358,18,1,540.45,0.0,0.0,359.0,0.0,-0.0,1.0,0.7230644429871029,Hibernating,390.78017821237984
13330,92,3,1140.93,315,37,1,380.31,0.0,0.0,111.5,0.0,-0.0,1.0,0.3411829207305865,Hibernating,389.26582974914805
14038,78,3,1560.38,207,64,1,520.1266666666667,1.0,473.96,64.0,1.0,0.0037811302375062483,0.8725170744279376,0.2494028041675323,Hibernating,389.1631475669341
15497,17,2,1262.2,319,13,1,631.1,1.0,291.6,302.0,1.0,0.001980668673744256,0.3004327220276118,0.3069973304033421,Loyal,387.4920304350984
13800,309,1,558.32,309,33,1,558.32,0.0,0.0,310.0,0.0,-0.0,1.0,0.6922942287769275,Hibernating,386.5217138107342
13044,291,1,560.47,291,33,1,560.47,0.0,0.0,292.0,0.0,-0.0,1.0,0.688503209501577,Hibernating,385.88539382934886
17702,30,4,1807.87,206,57,1,451.9675,1.0,485.6,58.0,1.0,0.04875903687765161,1.1017417017704403,0.21330452364162072,Champions,385.62684915597686
17029,110,2,716.0,236,1,1,358.0,0.0,0.0,126.0,0.0,-0.0,1.0,0.538322948850674,Hibernating,385.4392313770826
13431,67,2,1269.1,88,44,1,634.55,2.0,1269.1,21.0,0.0,-0.0,1.0,0.30339648830999466,Needs attention,385.0404833142142
15133,127,3,982.42,301,27,1,327.4733333333333,0.0,0.0,86.5,0.0,-0.0,1.0,0.39060607219407795,Hibernating,383.73921744490605
13486,78,3,1122.41,155,69,1,374.1366666666667,1.0,302.8,38.0,0.0,-0.0,0.7388880077109846,0.34183555918962305,Hibernating,383.6796499900248
17970,211,1,562.79,211,27,1,562.79,0.0,0.0,212.0,0.0,-0.0,1.0,0.6801821760759361,Hibernating,382.7997268737761
12710,96,3,1023.02,201,74,0,341.00666666666666,0.0,0.0,51.5,1.0,0.01803483802858204,1.0,0.3739711415113579,Hibernating,382.5799571889494
14855,119,2,645.65,134,13,1,322.825,0.0,0.0,15.0,0.0,-0.0,1.0,0.5922058429125769,Hibernating,382.35770247650527
16842,100,3,1264.19,302,45,1,421.3966666666667,0.0,0.0,100.5,1.0,0.0029663262642482535,1.0,0.302085143313809,At risk (was loyal),381.8930173258842
12536,59,1,4163.98,59,251,0,4163.98,1.0,4163.98,60.0,1.0,0.003054769715512563,1.0,0.09170763941655147,Needs attention,381.86877637773193
17204,175,4,1535.16,263,42,1,383.79,0.0,0.0,29.0,4.0,0.12028062221527397,1.0,0.24730594207957388,At risk (was loyal),379.65419004287867
17317,46,3,2600.34,89,8,1,866.7800000000001,3.0,2600.34,21.0,2.0,0.029350008075867004,1.0,0.14584013400824847,Loyal,379.2339340670088
16022,260,1,602.63,260,68,1,602.63,0.0,0.0,261.0,0.0,-0.0,1.0,0.6289218469529315,Hibernating,379.00717262924513
14256,260,2,935.0600000000001,364,50,1,467.53000000000003,0.0,0.0,104.0,0.0,-0.0,1.0,0.4049377137447768,Hibernating,378.64105861419097
13356,80,1,768.24,80,42,1,768.24,1.0,768.24,81.0,0.0,-0.0,1.0,0.49156582215661093,Hibernating,377.6405272135948
15415,313,1,559.61,313,46,1,559.61,0.0,0.0,314.0,0.0,-0.0,1.0,0.67435171880986,Hibernating,377.3739653631858
13336,77,1,795.12,77,51,1,795.12,1.0,795.12,78.0,0.0,-0.0,1.0,0.4743556412787059,Hibernating,377.16965749352465
13162,122,4,1647.49,334,72,1,411.8725,0.0,0.0,70.66666666666667,1.0,0.0015174598935350139,1.0,0.22882946500922702,At risk (was loyal),376.99425530805144
12510,142,2,814.5699999999999,325,28,0,407.28499999999997,0.0,0.0,182.0,0.0,-0.0,1.0,0.46133933711766034,Hibernating,375.79318383593255
14400,149,1,559.7,149,24,1,559.7,0.0,0.0,150.0,0.0,-0.0,1.0,0.6712612412110686,Hibernating,375.7049167058351
17642,119,2,712.29,176,34,1,356.145,0.0,0.0,56.0,0.0,-0.0,1.0,0.5273589479031626,Hibernating,375.6325050019437
16567,194,2,865.6,336,34,1,432.8,0.0,0.0,142.0,0.0,-0.0,1.0,0.4339139301783061,Hibernating,375.5958979623418
15641,105,4,1887.2,359,102,1,471.8,0.0,0.0,84.0,0.0,-0.0,1.0,0.19888821171471047,At risk (was loyal),375.3418331480016
16919,156,11,2592.25,368,141,1,235.6590909090909,0.0,0.0,20.7,0.0,-0.0,1.0,0.14470018503470672,At risk (was loyal),375.09905465621847
12878,236,2,854.99,266,38,1,427.495,0.0,0.0,29.0,1.0,0.015614217710148657,1.0,0.4381353709775411,Hibernating,374.6013608320879
14770,232,2,876.42,323,49,1,438.21,0.0,0.0,90.0,0.0,-0.0,1.0,0.4273336768294496,Hibernating,374.5237810468662
16745,86,17,7180.7,311,148,1,422.3941176470588,1.0,821.6,13.625,1.0,0.003286587658584818,2.067210768819487,0.052137669784377776,At risk (was loyal),374.3849654206815
16275,196,1,559.87,196,33,1,559.87,0.0,0.0,197.0,0.0,-0.0,1.0,0.6681685612493528,Hibernating,374.08753238667515
18159,301,1,530.15,301,23,1,530.15,0.0,0.0,302.0,0.0,-0.0,1.0,0.7048946361054456,Hibernating,373.69989133130196
15306,64,3,1174.35,148,57,1,391.45,1.0,517.28,41.5,0.0,-0.0,1.5745049994673324,0.318121238582867,Loyal,373.58567652978985
12633,58,4,1929.98,287,72,0,482.495,1.0,197.23000000000002,76.0,1.0,0.012098570969647355,0.3414745346991776,0.19350246087618272,Loyal,373.4558794418151
12429,9,4,3388.4,365,81,0,847.1,1.0,905.52,118.33333333333333,0.0,-0.0,1.094116509859518,0.10977311455558159,Champions,371.95522136013267
17761,32,1,712.78,32,19,1,712.78,1.0,712.78,33.0,0.0,-0.0,1.0,0.5212073365628779,Needs attention,371.5061653552881
13243,203,1,585.12,203,56,1,585.12,0.0,0.0,204.0,0.0,-0.0,1.0,0.6346832779337876,Hibernating,371.36587958461786
13450,26,6,2043.7199999999998,218,32,1,340.61999999999995,2.0,622.26,37.8,0.0,-0.0,0.8755223502595922,0.18166634783045912,Champions,371.2751483880659
13726,38,2,1079.6599999999999,100,39,1,539.8299999999999,1.0,786.98,61.0,0.0,-0.0,2.6888752220855543,0.3438241766208081,Needs attention,371.21321053042163
12394,63,2,1080.48,217,25,0,540.24,1.0,729.4,153.0,0.0,-0.0,2.0775891534692947,0.34350996939553047,Needs attention,371.15565173248274
13385,329,1,534.57,329,35,1,534.57,0.0,0.0,330.0,0.0,-0.0,1.0,0.6937932787463064,Hibernating,370.881073019413
12772,59,1,752.47,59,54,0,752.47,1.0,752.47,60.0,0.0,-0.0,1.0,0.49109423808537445,Needs attention,369.5336813321017
14893,9,2,1237.8500000000001,11,72,1,618.9250000000001,2.0,1237.8500000000001,2.0,0.0,-0.0,1.0,0.2985213790963661,Loyal,369.52468911443685
17312,138,3,644.3,159,11,1,214.76666666666665,0.0,0.0,10.0,0.0,-0.0,1.0,0.5732392926650887,At risk (was loyal),369.3380762641166
13325,81,1,675.3,81,12,1,675.3,1.0,675.3,82.0,0.0,-0.0,1.0,0.5468413241806267,Hibernating,369.2819462191772
18104,37,1,754.64,37,38,1,754.64,1.0,754.64,38.0,0.0,-0.0,1.0,0.48843844537030556,Needs attention,368.5951884142474
14733,16,12,9585.91,367,102,1,798.8258333333333,1.0,541.71,31.454545454545453,3.0,0.014017448526013701,0.65885429335928,0.038282537097872625,Champions,366.97295519186815
18121,149,2,653.3,154,28,1,326.65,0.0,0.0,5.0,0.0,-0.0,1.0,0.5615547119627842,Hibernating,366.8636933252869
12521,142,1,545.68,142,37,0,545.68,0.0,0.0,143.0,0.0,-0.0,1.0,0.6717427392489217,Hibernating,366.55657795335156
13037,138,3,881.07,256,44,1,293.69,0.0,0.0,58.5,0.0,-0.0,1.0,0.41590216182198364,Hibernating,366.43891771649515
13357,257,1,609.4,257,85,1,609.4,0.0,0.0,258.0,0.0,-0.0,1.0,0.601303564348295,Hibernating,366.43439211385095
14006,115,3,962.19,312,22,1,320.73,0.0,0.0,98.0,0.0,-0.0,1.0,0.3807724431123833,Hibernating,366.3754370383041
16480,75,1,769.29,75,51,1,769.29,1.0,769.29,76.0,0.0,-0.0,1.0,0.47527499497601855,Hibernating,365.6243008851013
15777,241,4,1047.11,361,18,1,261.7775,0.0,0.0,39.666666666666664,1.0,0.024352742309785985,1.0,0.34916375643580344,At risk (was loyal),365.6128610014941
17414,43,2,778.0,184,5,1,389.0,1.0,180.0,141.0,0.0,-0.0,0.3010033444816054,0.4693858163444347,Loyal,365.18216511597024
15066,53,1,833.24,53,39,1,833.24,1.0,833.24,54.0,1.0,0.08718976525370842,1.0,0.43816966927765344,Needs attention,365.10049522891194
15260,100,7,1780.77,372,62,1,254.3957142857143,0.0,0.0,44.833333333333336,0.0,-0.0,1.0,0.20499060100313404,At risk (was loyal),365.041112548351
12674,38,4,1814.6,207,51,0,453.65,1.0,532.6,56.333333333333336,2.0,0.010106910613909403,1.2463338533541344,0.2011652526819152,Loyal,365.03446751660334
15104,196,2,976.59,282,65,1,488.295,0.0,0.0,85.0,1.0,0.008140570761527355,1.0,0.37298361825078347,Hibernating,364.2520717475326
14837,89,4,1649.5,201,96,1,412.375,1.0,303.94,36.666666666666664,1.0,0.005031827826614126,0.6776509408722019,0.22045545729316054,At risk (was loyal),363.64127680506834
15825,172,1,532.94,172,20,1,532.94,0.0,0.0,173.0,0.0,-0.0,1.0,0.6822331137913344,Hibernating,363.5893156639538
14223,92,3,975.23,264,49,1,325.07666666666665,0.0,0.0,85.5,0.0,-0.0,1.0,0.37269709427860404,Hibernating,363.465387253323
14305,71,3,1841.26,135,95,1,613.7533333333333,1.0,810.51,31.5,2.0,0.02036648816571261,1.5726606839679844,0.1967757608557678,Loyal,362.31533743329106
16135,262,1,517.55,262,21,1,517.55,0.0,0.0,263.0,0.0,-0.0,1.0,0.6997708119980676,Hibernating,362.16638374959985
13929,169,2,842.65,326,8,1,421.325,0.0,0.0,157.0,1.0,0.047231946834391504,1.0,0.4294046895284416,Hibernating,361.83786163114127
14544,24,2,2004.3,361,97,1,1002.15,1.0,902.53,337.0,0.0,-0.0,0.8191637093041197,0.18050975726469412,Loyal,361.7957064856264
16681,72,6,1770.34,253,18,1,295.0566666666667,2.0,437.65999999999997,35.6,0.0,-0.0,0.6568118378005223,0.2041899735646552,At risk (was loyal),361.4856778004517
13376,99,3,869.76,234,44,1,289.92,0.0,0.0,67.0,0.0,-0.0,1.0,0.4154857455676146,Hibernating,361.3728820648885
14923,50,1,749.1,50,44,1,749.1,1.0,749.1,51.0,0.0,-0.0,1.0,0.4819195697151858,Needs attention,361.00594967364566
16142,249,1,535.34,249,37,1,535.34,0.0,0.0,250.0,0.0,-0.0,1.0,0.6739305314896122,Hibernating,360.781970727649
12886,67,2,1378.4,219,75,1,689.2,1.0,603.4,151.0,1.0,0.01981282646546721,0.7785806451612903,0.2615070188710266,Needs attention,360.4612748118231
14857,59,2,1173.12,148,58,1,586.56,1.0,650.6,88.0,1.0,0.0063676350245499185,1.2451198040266402,0.3068700828221541,Loyal,359.9954315603254
15654,9,2,922.53,26,15,1,461.265,2.0,922.53,16.0,0.0,-0.0,1.0,0.38898411965286733,Loyal,358.8495199033597
18074,373,1,489.6,373,13,1,489.6,0.0,0.0,374.0,0.0,-0.0,1.0,0.7329191130298748,Hibernating,358.8371977394267
15782,9,3,2614.7400000000002,89,34,1,871.58,3.0,2614.7400000000002,39.5,1.0,0.007954901825802947,1.0,0.1371936969514905,Champions,358.7258471669403
16491,46,1,731.5,46,39,1,731.5,1.0,731.5,47.0,0.0,-0.0,1.0,0.4902416391063558,Needs attention,358.6117590062993
13707,267,2,806.41,315,48,1,403.205,0.0,0.0,48.0,0.0,-0.0,1.0,0.44466294643423543,Hibernating,358.5806466340318
12866,283,1,499.12,283,25,0,499.12,0.0,0.0,284.0,0.0,-0.0,1.0,0.7183147769390146,Hibernating,358.525271465801
12794,53,2,860.41,98,43,0,430.205,1.0,543.41,45.0,0.0,-0.0,1.7142271293375393,0.4165490067548531,Needs attention,358.40293090194314
16278,100,1,537.83,100,21,1,537.83,0.0,0.0,101.0,0.0,-0.0,1.0,0.6651994186286679,Hibernating,357.7642033210565
12513,112,1,532.79,112,33,0,532.79,0.0,0.0,113.0,0.0,-0.0,1.0,0.6712331120185185,Hibernating,357.62628975234645
14756,15,1,738.96,15,38,1,738.96,1.0,738.96,16.0,0.0,-0.0,1.0,0.4839014107849271,New / recent,357.5837865136298
12847,22,1,843.64,22,72,1,843.64,1.0,843.64,23.0,0.0,-0.0,1.0,0.4237245847557344,New / recent,357.47100868332774
14745,112,5,1220.26,285,46,1,244.052,0.0,0.0,42.75,1.0,0.04351531640797863,1.0,0.29275245459197374,At risk (was loyal),357.2341102404019
16714,317,2,864.06,317,75,1,432.03,0.0,0.0,0.0,0.0,-0.0,1.0,0.4115340914059039,Hibernating,355.5901470201853
12381,4,3,1459.81,119,68,0,486.6033333333333,2.0,446.07,57.0,1.0,0.018050294216370624,0.22001203464399155,0.24351821056033904,Loyal,355.4903189580885
15673,88,4,2726.23,327,107,1,681.5575,1.0,711.53,79.0,0.0,-0.0,1.0595076190003474,0.13018704071550619,At risk (was loyal),354.91981600983445
12426,194,1,510.73,194,29,0,510.73,0.0,0.0,195.0,0.0,-0.0,1.0,0.6945923874737553,Hibernating,354.74917005447105
15389,172,1,500.0,172,1,1,500.0,0.0,0.0,173.0,0.0,-0.0,1.0,0.709305455626018,Hibernating,354.652727813009
16146,157,3,734.13,232,26,1,244.71,0.0,0.0,37.0,0.0,-0.0,1.0,0.48286605320052617,At risk (was loyal),354.4864556361023
13555,73,4,4098.88,201,128,1,1024.72,2.0,2508.83,42.666666666666664,0.0,-0.0,1.5778308858212007,0.08638561425727809,At risk (was loyal),354.08426656687203
12603,21,1,613.1999999999999,21,1,0,613.1999999999999,1.0,613.1999999999999,22.0,0.0,-0.0,1.0,0.5772478501330379,New / recent,353.96838170157883
16572,127,3,1009.6,275,40,1,336.53333333333336,0.0,0.0,74.0,1.0,0.009805863708399367,1.0,0.3504904443991276,At risk (was loyal),353.8551526653592
13354,71,1,743.53,71,51,1,743.53,1.0,743.53,72.0,0.0,-0.0,1.0,0.4757011112210739,Needs attention,353.69804722620506
16672,2,20,8134.9400000000005,266,22,1,406.747,3.0,1223.1,13.421052631578947,2.0,0.0018746296838083624,1.0027575869811802,0.043440413809694677,Champions,353.38515991703764
13517,59,3,2128.42,179,125,1,709.4733333333334,1.0,516.24,60.0,2.0,0.009091250786968737,0.6404247664652831,0.1659670235019448,Loyal,353.2475321620094
13388,131,2,627.15,131,34,1,313.575,0.0,0.0,0.0,0.0,-0.0,1.0,0.5632476277570617,Hibernating,353.2407497478412
18287,42,3,1837.28,201,59,1,612.4266666666666,2.0,1072.0,78.5,0.0,-0.0,0.7003972402257997,0.19225603813615474,Loyal,353.22817374679437
14873,210,1,519.68,210,28,1,519.68,0.0,0.0,211.0,0.0,-0.0,1.0,0.6788200909899899,Hibernating,352.7692248856779
13375,88,1,778.65,88,37,1,778.65,1.0,778.65,89.0,1.0,0.007384575868490336,1.0,0.45258111276299795,Hibernating,352.40228345290836
12475,53,1,669.38,53,35,0,669.38,1.0,669.38,54.0,0.0,-0.0,1.0,0.5258630193799937,Needs attention,352.00218791258015
17082,33,2,2003.85,318,75,1,1001.925,1.0,1366.91,285.0,0.0,-0.0,2.1460577134423966,0.17559844460381918,Loyal,351.87294321936304
16079,16,3,1352.0,40,18,1,450.6666666666667,3.0,1352.0,11.5,0.0,-0.0,1.0,0.2599730961627973,Champions,351.4836260121019
16943,211,3,816.73,318,23,1,272.24333333333334,0.0,0.0,53.0,0.0,-0.0,1.0,0.43005390434410945,At risk (was loyal),351.2379252949645
18167,23,3,1293.3600000000001,105,24,1,431.12000000000006,2.0,794.8800000000001,41.0,1.0,0.010167316137811591,0.797303803562831,0.27143247088157607,Champions,351.05990053939524
12985,0,2,1215.6200000000001,28,71,1,607.8100000000001,2.0,1215.6200000000001,27.0,0.0,-0.0,1.0,0.28840602727043935,New / recent,350.5921348704915
12407,49,5,1507.1200000000001,264,56,0,301.42400000000004,1.0,264.76,53.0,0.0,-0.0,0.8524421262757977,0.23258883627059082,Loyal,350.53928692013284
17958,116,1,508.4599999999999,116,7,1,508.4599999999999,0.0,0.0,117.0,0.0,-0.0,1.0,0.6892697007603901,Hibernating,350.4660720486279
17268,107,4,763.64,245,3,1,190.91,0.0,0.0,45.333333333333336,0.0,-0.0,1.0,0.45849775658852765,At risk (was loyal),350.1272268412632
13692,24,3,1473.3700000000001,236,47,1,491.1233333333334,1.0,616.74,105.5,0.0,-0.0,1.4399215530625822,0.23751066110662714,Loyal,349.94108275467124
15267,22,5,1717.36,182,8,1,343.472,3.0,309.6,39.75,0.0,-0.0,0.14661590043757458,0.20373896266252392,Champions,349.89314491811206
17640,86,1,621.66,86,5,1,621.66,1.0,621.66,87.0,0.0,-0.0,1.0,0.5624973024210835,Hibernating,349.68207302309077
12637,67,8,5804.9,323,204,0,725.6125,1.0,308.0,36.285714285714285,1.0,0.0025237299522816933,0.39222107005766893,0.060222528772720496,Loyal,349.5857572727652
16812,360,1,479.35,360,15,1,479.35,0.0,0.0,361.0,0.0,-0.0,1.0,0.7278422936084089,Hibernating,348.89120344119084
15149,133,1,520.8000000000001,133,23,1,520.8000000000001,0.0,0.0,134.0,0.0,-0.0,1.0,0.669547264417125,Hibernating,348.7002153084387
16997,288,3,702.0,325,7,1,234.0,0.0,0.0,18.5,0.0,-0.0,1.0,0.4967100942746546,At risk (was loyal),348.69048618080757
13629,23,11,7792.36,338,28,1,708.3963636363636,3.0,2074.0,31.0,0.0,-0.0,0.9671770694161731,0.0447320629489872,Champions,348.56833804116985
17667,66,5,2055.51,298,85,1,411.10200000000003,1.0,304.5,57.75,0.0,-0.0,0.6955985402710436,0.16951978573348522,Loyal,348.4496147730363
18204,71,3,1960.95,192,158,1,653.65,1.0,616.48,60.0,0.0,-0.0,0.9170602542265726,0.17768258035422702,At risk (was loyal),348.42665594562146
15165,373,1,487.75,373,27,1,487.75,0.0,0.0,374.0,0.0,-0.0,1.0,0.714236386408893,Hibernating,348.3687974709375
14894,85,1,655.75,85,23,1,655.75,1.0,655.75,86.0,0.0,-0.0,1.0,0.53062605704891,Hibernating,347.95803690982274
14261,50,2,1163.45,78,52,1,581.725,2.0,1163.45,27.0,0.0,-0.0,1.0,0.2985326622126799,Loyal,347.3278258513424
12939,64,8,11581.8,334,21,1,1447.725,4.0,3591.72,38.285714285714285,0.0,-0.0,0.4495224077856542,0.029963355381036734,Loyal,347.02958935209125
14409,71,5,1908.25,368,40,1,381.65,1.0,115.72,73.75,0.0,-0.0,0.258227198429036,0.18185670555132558,Loyal,347.02805836831703
13953,7,7,3515.68,352,8,1,502.23999999999995,2.0,911.32,57.166666666666664,0.0,-0.0,0.8748022546806123,0.09869701339412856,Champions,346.9871160494699
13043,273,1,516.42,273,13,1,516.42,0.0,0.0,274.0,1.0,0.08684791448820726,1.0,0.6717889222754456,Hibernating,346.9252352414856
12727,10,7,3425.7,320,107,0,489.38571428571424,1.0,571.0,51.166666666666664,0.0,-0.0,1.200126107822188,0.1012376690182222,Champions,346.8098827557238
14001,45,3,2043.0800000000002,373,34,1,681.0266666666668,1.0,733.94,163.5,0.0,-0.0,1.121255175153154,0.1697290949310467,Loyal,346.77011927172293
15448,312,1,494.64,312,28,1,494.64,0.0,0.0,313.0,0.0,-0.0,1.0,0.7004156996217968,Hibernating,346.4536216609256
15416,64,4,3984.32,282,165,1,996.08,1.0,839.99,72.33333333333333,1.0,0.0024972893743474417,0.8014330556907195,0.0869537866881788,Loyal,346.45171137744455
14270,331,1,492.65000000000003,331,29,1,492.65000000000003,0.0,0.0,332.0,0.0,-0.0,1.0,0.7029347471393176,Hibernating,346.3008031781848
15232,113,2,612.06,140,26,1,306.03,0.0,0.0,27.0,0.0,-0.0,1.0,0.5656115944956815,Hibernating,346.1882325270268
15606,61,9,2900.36,324,48,1,322.26222222222225,1.0,460.98,32.5,1.0,0.16471058765118812,1.5117939804376521,0.11927524478109788,Loyal,345.94114895330506
14465,246,3,1038.44,302,107,1,346.1466666666667,0.0,0.0,28.0,0.0,-0.0,1.0,0.3330091549116538,Hibernating,345.8100268264578
15122,114,3,1633.78,297,65,1,544.5933333333334,0.0,0.0,91.0,3.0,0.013251478167195095,1.0,0.21142414967721984,Hibernating,345.42054725964823
14803,162,3,845.55,292,35,1,281.84999999999997,0.0,0.0,64.5,0.0,-0.0,1.0,0.40807584918747447,Hibernating,345.048534280469
13577,25,4,1658.3,241,61,1,414.575,1.0,493.8,71.66666666666667,0.0,-0.0,1.2721339630742807,0.2073869792173551,Champions,343.90982763613994
13933,109,2,608.7900000000001,148,23,1,304.39500000000004,0.0,0.0,39.0,0.0,-0.0,1.0,0.5639735841718762,Hibernating,343.3414783079965
15977,17,2,1054.73,39,48,1,527.365,2.0,1054.73,21.0,0.0,-0.0,1.0,0.3255082027640771,Loyal,343.32326670135507
13761,50,2,1070.65,179,68,1,535.325,1.0,578.9399999999999,129.0,0.0,-0.0,1.177401313782514,0.3202265548267328,Needs attention,342.8505609252415
16037,269,3,855.02,358,37,1,285.00666666666666,0.0,0.0,44.0,0.0,-0.0,1.0,0.4004058143904032,At risk (was loyal),342.35497942008254
16614,182,1,506.19,182,26,1,506.19,0.0,0.0,183.0,0.0,-0.0,1.0,0.6758293300372624,Hibernating,342.0980485715619
15002,115,4,1641.76,367,93,1,410.44,0.0,0.0,83.33333333333333,0.0,-0.0,1.0,0.20823006617159018,At risk (was loyal),341.8637934378699
17388,77,4,1259.56,287,13,1,314.89,1.0,306.53000000000003,69.33333333333333,0.0,-0.0,0.9649119125316098,0.27108940145062294,At risk (was loyal),341.4533664911466
12612,74,1,668.0400000000001,74,18,0,668.0400000000001,1.0,668.0400000000001,75.0,1.0,0.09048859349739535,1.0,0.5109629963371083,Hibernating,341.3437200730419
12908,176,2,750.0,312,1,1,375.0,0.0,0.0,136.0,1.0,0.52,1.0,0.45501520801647305,Hibernating,341.26140601235477
13901,72,5,2867.2,318,144,1,573.4399999999999,1.0,214.92000000000002,61.25,0.0,-0.0,0.3241286741972944,0.11897544980413315,At risk (was loyal),341.12640967841054
14210,105,6,1905.8400000000001,371,66,1,317.64000000000004,0.0,0.0,52.6,1.0,0.0025972799395542123,1.0,0.178923283696796,At risk (was loyal),340.9991510007017
17500,17,3,1138.0,29,3,1,379.3333333333333,3.0,1138.0,6.0,0.0,-0.0,1.0,0.2993169983778909,Champions,340.6227441540398
13158,94,4,1201.06,318,59,1,300.265,0.0,0.0,74.33333333333333,0.0,-0.0,1.0,0.2832045704776668,At risk (was loyal),340.1456814179065
15819,49,4,1905.45,276,96,1,476.3625,1.0,319.98,75.33333333333333,0.0,-0.0,0.6054608412647354,0.17809282441698987,Loyal,339.34697228535333
15773,5,1,635.6800000000001,5,10,1,635.6800000000001,1.0,635.6800000000001,6.0,0.0,-0.0,1.0,0.5337856682588519,New / recent,339.31687359878697
18008,70,9,2116.19,318,24,1,235.13222222222223,2.0,50.78,30.75,0.0,-0.0,0.08605071148101347,0.16018120423913634,Loyal,338.97386259881796
15829,99,2,636.14,140,44,1,318.07,0.0,0.0,41.0,0.0,-0.0,1.0,0.5320805297570361,Hibernating,338.477708199641
12630,9,2,1030.88,43,59,0,515.44,2.0,1030.88,34.0,0.0,-0.0,1.0,0.3277410032033257,New / recent,337.86164538224443
17311,78,2,1384.85,316,55,1,692.425,1.0,828.39,238.0,0.0,-0.0,1.488678431513496,0.24384081868431934,Hibernating,337.6829577549796
16708,45,1,656.63,45,27,1,656.63,1.0,656.63,46.0,0.0,-0.0,1.0,0.5141199153048785,Needs attention,337.5865599866424
14970,68,4,1592.06,316,24,1,398.015,1.0,472.31,82.33333333333333,0.0,-0.0,1.2653985264567984,0.21198215712905827,Loyal,337.4883130788885
16800,11,1,1162.65,11,148,1,1162.65,1.0,1162.65,12.0,0.0,-0.0,1.0,0.28995187298607406,New / recent,337.112545127259
17058,81,3,1179.89,239,51,1,393.2966666666667,1.0,360.23,78.5,0.0,-0.0,0.8789742088182905,0.2855447641086853,At risk (was loyal),336.91141172419674
14004,43,7,4582.64,288,102,1,654.6628571428572,2.0,1379.3799999999999,40.5,0.0,-0.0,1.0765438959060458,0.0733095650474239,Loyal,335.9513451689267
17047,85,3,1100.9,205,59,1,366.9666666666667,1.0,351.47,59.5,0.0,-0.0,0.9379661876359366,0.3048952793320902,At risk (was loyal),335.6592130166981
16643,245,1,487.51,245,27,1,487.51,0.0,0.0,246.0,0.0,-0.0,1.0,0.6879240969457071,Hibernating,335.36987650200166
14532,236,4,932.85,352,45,1,233.2125,0.0,0.0,38.0,0.0,-0.0,1.0,0.359311530698425,At risk (was loyal),335.1837614120258
12578,21,2,2402.51,330,110,0,1201.255,1.0,989.85,308.0,2.0,0.017127920383265834,0.7006993898036329,0.13937656340929513,New / recent,334.8535873564657
15228,66,4,3386.71,294,110,1,846.6775,1.0,1162.68,75.66666666666667,1.0,0.002878900171552923,1.5683421536579996,0.09887251843602352,Loyal,334.8525469124652
14912,16,2,867.85,246,21,0,433.925,1.0,385.06,229.0,0.0,-0.0,0.797572443505458,0.3857859945275634,Loyal,334.8043753507459
18248,122,2,804.02,186,39,1,402.01,0.0,0.0,63.0,2.0,0.02611875326484416,1.0,0.41526500727856597,Hibernating,333.8813711521126
13824,32,5,1698.94,310,34,1,339.788,1.0,269.1,69.0,0.0,-0.0,0.7528115033849941,0.19647425241644875,Champions,333.79796640040144
12735,315,2,689.5699999999999,337,37,0,344.78499999999997,0.0,0.0,21.0,0.0,-0.0,1.0,0.4837357501328621,Hibernating,333.5696612191177
15974,39,7,3429.55,288,141,1,489.9357142857143,1.0,547.14,41.0,0.0,-0.0,1.1389219437900924,0.09708625106627558,Loyal,332.96215234434544
16628,29,5,2188.05,234,79,1,437.61,1.0,568.21,51.0,1.0,0.002289710015767464,1.403126234689846,0.1520697018787172,Champions,332.73611119572723
13464,58,1,674.68,58,41,1,674.68,1.0,674.68,59.0,0.0,-0.0,1.0,0.49295307170275077,Needs attention,332.58557841641186
14628,91,2,671.96,242,22,1,335.98,0.0,0.0,151.0,0.0,-0.0,1.0,0.49444155609799934,Hibernating,332.2449480356116
14360,31,4,2118.03,94,104,1,529.5075,3.0,993.54,20.666666666666668,0.0,-0.0,0.29451573602255243,0.1567714234433421,Champions,332.0465779957019
13925,92,4,616.65,134,27,1,154.1625,0.0,0.0,14.0,0.0,-0.0,1.0,0.5383888062185684,At risk (was loyal),331.9974573546802
15677,49,1,657.23,49,33,1,657.23,1.0,657.23,50.0,0.0,-0.0,1.0,0.5050548065012785,Needs attention,331.9371704768353
16586,248,1,463.95,248,8,1,463.95,0.0,0.0,249.0,0.0,-0.0,1.0,0.7152520328309332,Hibernating,331.84118063191147
12526,0,3,1172.66,94,63,0,390.8866666666667,2.0,688.36,46.5,0.0,-0.0,0.710675201321495,0.2828708301351744,Loyal,331.71130766631364
12372,71,3,1196.04,296,33,0,398.68,1.0,353.12,112.0,0.0,-0.0,0.8378493807241493,0.2773190199229439,Loyal,331.6846405886378
15655,243,1,521.27,243,32,1,521.27,0.0,0.0,244.0,1.0,0.019087996623630747,1.0,0.6361506028712347,Hibernating,331.6062247586885
12355,214,1,459.4,214,13,0,459.4,0.0,0.0,215.0,0.0,-0.0,1.0,0.721081268042317,Hibernating,331.2647345386404
17749,178,2,674.52,256,33,1,337.26,0.0,0.0,78.0,0.0,-0.0,1.0,0.48885917909956916,Hibernating,329.7452934862414
17985,22,1,631.35,22,20,1,631.35,1.0,631.35,23.0,0.0,-0.0,1.0,0.5215362571826019,New / recent,329.2719159722357
13421,40,2,1823.21,290,87,1,911.605,1.0,1008.67,249.0,1.0,0.0011518146565672634,1.238330837036855,0.18049989143565148,Needs attention,329.08920706439415
15045,151,2,633.66,257,10,1,316.83,0.0,0.0,105.0,0.0,-0.0,1.0,0.519085495836212,Hibernating,328.92371529157407
18265,72,2,801.51,158,44,1,400.755,1.0,312.96,85.0,0.0,-0.0,0.6405894995394534,0.40973919493088046,Hibernating,328.41006212905
14854,78,7,2740.03,274,110,1,391.4328571428572,1.0,458.2,32.333333333333336,1.0,0.003627697506961602,1.2048224451427143,0.11981376355333534,At risk (was loyal),328.29330654904544
12658,18,1,632.05,18,35,0,632.05,1.0,632.05,19.0,0.0,-0.0,1.0,0.5193300990292636,New / recent,328.24258909144606
17672,50,2,3147.57,309,104,1,1573.785,1.0,1969.73,259.0,2.0,0.013010036313727734,1.672323914962983,0.10424474319906533,Loyal,328.1176263510821
12843,65,8,1693.1100000000001,264,68,1,211.63875000000002,1.0,9.95,27.714285714285715,1.0,0.007294269126046152,0.041380498585993006,0.1937549397445631,Loyal,328.04842603091726
12374,25,1,622.93,25,32,0,622.93,1.0,622.93,26.0,0.0,-0.0,1.0,0.5265396533763962,New / recent,327.9973462777584
16163,365,1,441.6,365,5,1,441.6,0.0,0.0,366.0,0.0,-0.0,1.0,0.7420445913400338,Hibernating,327.68689153575895
17880,364,1,458.92,364,26,1,458.92,0.0,0.0,365.0,0.0,-0.0,1.0,0.7139883322228974,Hibernating,327.6635254237321
16820,95,1,497.61,95,26,1,497.61,0.0,0.0,96.0,0.0,-0.0,1.0,0.656912320221161,Hibernating,326.8861396652519
15065,37,4,3147.63,291,148,1,786.9075,1.0,299.38,84.0,1.0,0.0037011974088441138,0.3153304660756605,0.10384863363279238,Loyal,326.8770746815863
13452,259,2,590.0,270,1,1,295.0,0.0,0.0,11.0,0.0,-0.0,1.0,0.5538817233080975,Hibernating,326.7902167517775
13900,183,3,740.95,262,42,1,246.98333333333335,0.0,0.0,39.5,0.0,-0.0,1.0,0.4409241796065823,Hibernating,326.70277087949717
12885,63,3,1158.27,123,66,1,386.09,2.0,529.87,30.0,0.0,-0.0,0.42160248249522597,0.28197392579334496,Loyal,326.6019390286577
15402,148,2,626.35,196,34,1,313.175,0.0,0.0,47.0,0.0,-0.0,1.0,0.5213881980662324,Hibernating,326.57149785878465
13225,3,7,6463.84,361,23,1,923.4057142857143,2.0,2164.28,59.166666666666664,1.0,0.058912349315577116,1.2584310952748654,0.050507358410606176,Champions,326.47148358881265
13221,240,2,844.86,359,61,1,422.43,0.0,0.0,119.0,0.0,-0.0,1.0,0.38635248412492856,Hibernating,326.41375973778713
16723,91,2,576.4,107,37,1,288.2,0.0,0.0,16.0,0.0,-0.0,1.0,0.5650811078847529,Hibernating,325.7127505847715
18233,325,1,440.0,325,1,1,440.0,0.0,0.0,326.0,0.0,-0.0,1.0,0.7396460829816869,Hibernating,325.44427651194223
12420,63,1,600.39,63,29,0,600.39,1.0,600.39,64.0,0.0,-0.0,1.0,0.5420300931995202,Needs attention,325.42944765605995
12945,288,1,462.95,288,23,1,462.95,0.0,0.0,289.0,0.0,-0.0,1.0,0.7026914882762564,Hibernating,325.3110244974929
12849,31,2,992.65,268,46,1,496.325,1.0,341.44,237.0,0.0,-0.0,0.5243162727845089,0.32736093919857,New / recent,324.9548362954605
15192,119,3,1044.32,365,36,1,348.1066666666666,0.0,0.0,122.5,0.0,-0.0,1.0,0.3110444131018886,Hibernating,324.8299014905643
16652,58,6,6680.97,273,73,1,1113.4950000000001,2.0,2248.1,42.4,3.0,0.0045367663677579745,1.0142864555017406,0.048599676409838324,Loyal,324.69298010383756
14009,198,2,695.61,205,42,1,347.805,0.0,0.0,7.0,1.0,0.013915843648021163,1.0,0.46615618366117584,Hibernating,324.26290291655056
12644,129,1,477.91,129,31,0,477.91,0.0,0.0,130.0,0.0,-0.0,1.0,0.6782186384653512,Hibernating,324.12746950897605
14050,31,2,746.36,106,49,1,373.18,1.0,260.38,74.0,0.0,-0.0,0.5357833655705996,0.43409612658593316,Loyal,323.99198503867706
12348,75,4,1437.24,358,21,0,359.31,1.0,270.0,94.0,0.0,-0.0,0.6939446900380385,0.2252808030795099,At risk (was loyal),323.78258141799483
15891,226,1,509.13,226,59,1,509.13,0.0,0.0,227.0,0.0,-0.0,1.0,0.635845396771464,Hibernating,323.72796685825546
16141,88,1,620.4,88,30,1,620.4,1.0,620.4,89.0,0.0,-0.0,1.0,0.5216331108768241,Hibernating,323.62118198798163
14377,191,2,617.05,262,11,1,308.525,0.0,0.0,70.0,0.0,-0.0,1.0,0.5244185561978097,Hibernating,323.5924701018585
16027,91,6,934.62,302,11,1,155.77,0.0,0.0,41.6,0.0,-0.0,1.0,0.3462070131611257,At risk (was loyal),323.57199864065126
15223,225,1,454.90000000000003,225,8,1,454.90000000000003,0.0,0.0,226.0,0.0,-0.0,1.0,0.7106930330088344,Hibernating,323.2942607157188
17320,100,3,1200.6200000000001,368,57,1,400.2066666666667,0.0,0.0,133.0,0.0,-0.0,1.0,0.269028353454117,At risk (was loyal),323.000821724082
17788,73,2,1112.95,129,2,1,556.475,1.0,1101.2,55.0,0.0,-0.0,5.0,0.28988291384318216,Hibernating,322.6251889617696
16127,39,1,656.25,39,40,1,656.25,1.0,656.25,40.0,0.0,-0.0,1.0,0.490969057982644,Needs attention,322.19844430111016
15549,77,3,1640.21,316,102,1,546.7366666666667,1.0,57.83,119.0,0.0,-0.0,0.07309243038966619,0.19618802377421013,Hibernating,321.78955847469723
15199,59,4,1268.7,308,5,1,317.175,1.0,300.95,82.33333333333333,0.0,-0.0,0.9329372255231206,0.25360624739605653,Loyal,321.7502460713769
12444,21,5,4085.46,171,137,0,817.092,3.0,1738.19,37.25,0.0,-0.0,0.49367705178072113,0.07871419010495383,Champions,321.58367510618467
15258,168,2,623.16,217,32,1,311.58,0.0,0.0,48.0,0.0,-0.0,1.0,0.5151334237704566,Hibernating,321.0105443567977
13518,85,1,627.16,85,36,1,627.16,1.0,627.16,86.0,0.0,-0.0,1.0,0.5105220170221908,Hibernating,320.17898819563715
14548,150,2,652.8,317,2,1,326.4,0.0,0.0,167.0,0.0,-0.0,1.0,0.49035071513772155,Hibernating,320.1009468419046
16613,70,1,618.59,70,30,1,618.59,1.0,618.59,71.0,0.0,-0.0,1.0,0.517322166033008,Needs attention,320.0103186863584
12722,85,4,945.73,150,49,0,236.4325,1.0,49.980000000000004,21.0,2.0,0.06280862402588476,0.16739045492603966,0.33834185177522985,At risk (was loyal),319.98003947938815
12546,46,2,1001.5,77,57,0,500.75,2.0,1001.5,31.0,0.0,-0.0,1.0,0.3194494003667263,Needs attention,319.9285744672764
17932,29,3,1331.57,211,84,1,443.8566666666666,1.0,397.06,90.5,0.0,-0.0,0.8497715380252753,0.2402071138212821,Champions,319.8525865510046
12694,70,2,761.67,183,31,0,380.835,1.0,376.17,112.0,0.0,-0.0,0.9757976653696498,0.41992231142857456,Needs attention,319.84222694580234
17140,247,1,454.12,247,16,1,454.12,0.0,0.0,248.0,0.0,-0.0,1.0,0.7041093573385001,Hibernating,319.7501413545597
14421,57,2,813.11,211,25,1,406.555,1.0,357.93,154.0,0.0,-0.0,0.7863482578320664,0.39310847427222484,Loyal,319.64043151548873
14778,127,2,730.86,308,34,1,365.43,0.0,0.0,181.0,0.0,-0.0,1.0,0.43708892947632666,Hibernating,319.4508149970681
17053,130,1,498.48,130,13,1,498.48,0.0,0.0,131.0,1.0,0.004212806933076553,1.0,0.6399572766174009,Hibernating,319.005903248242
16546,290,2,787.15,372,25,1,393.575,0.0,0.0,81.0,1.0,1.121870037476974,1.0,0.40483985003221357,Hibernating,318.6696879528569
17002,85,3,1493.73,290,41,1,497.91,1.0,500.21,102.0,1.0,0.003983316931440086,1.0069450036234802,0.21306129749822622,At risk (was loyal),318.25605191202544
13750,53,5,1647.26,336,20,1,329.452,1.0,330.63,70.0,0.0,-0.0,1.004473542301178,0.19301831375236722,Loyal,317.9513475117244
12759,52,3,1411.44,275,80,0,470.48,1.0,403.92,111.5,0.0,-0.0,0.8018103858980468,0.22499174631287083,Loyal,317.5623504158384
15398,16,2,1345.53,78,60,1,672.765,2.0,1345.53,62.0,1.0,0.004384889225806932,1.0,0.23598896998434887,Loyal,317.53023878304094
12370,51,4,3421.94,360,142,0,855.485,1.0,739.28,102.66666666666667,0.0,-0.0,0.8267316767685805,0.0927605408472342,Loyal,317.42100514678464
16229,87,2,1010.6,212,46,1,505.3,1.0,652.4,125.0,0.0,-0.0,1.8213288665549972,0.3139492748776576,Hibernating,317.2771371913608
15381,213,2,596.85,268,8,1,298.425,0.0,0.0,54.0,0.0,-0.0,1.0,0.5310422379791824,Hibernating,316.952559737875
15299,67,6,3907.01,372,6,1,651.1683333333334,2.0,1472.0,60.8,1.0,0.001538260715995096,1.2090299423821667,0.08112372985887159,Loyal,316.9512237959099
18085,330,2,689.95,373,25,1,344.975,0.0,0.0,43.0,0.0,-0.0,1.0,0.45916264808952506,Hibernating,316.7992690493678
16536,110,1,548.12,110,49,1,548.12,0.0,0.0,111.0,1.0,0.01815295920601328,1.0,0.5777986527566177,Hibernating,316.7029975489573
12988,292,1,505.82,292,75,1,505.82,0.0,0.0,293.0,0.0,-0.0,1.0,0.6260735241131341,Hibernating,316.6805099669055
14431,302,1,470.36,302,17,1,470.36,0.0,0.0,303.0,1.0,0.10013606599200613,1.0,0.6725528926265912,Hibernating,316.3419785758435
12594,37,9,3208.2200000000003,322,49,0,356.4688888888889,2.0,808.32,35.125,0.0,-0.0,1.1788491187132797,0.0983381467849389,Loyal,315.4904092783767
16584,80,2,936.08,254,25,1,468.04,1.0,324.14,174.0,1.0,0.029965387573711644,0.5296924535085138,0.3361582181804262,Hibernating,314.6709848743333
13911,57,9,2580.91,308,120,1,286.7677777777778,1.0,143.28,30.875,0.0,-0.0,0.470227228906766,0.12191892596127571,Loyal,314.66177520271606
16184,64,6,1158.79,211,26,1,193.13166666666666,1.0,172.99,29.0,1.0,0.0028046496776810296,0.8774092107932643,0.2715212985831683,Loyal,314.6361655851896
14904,2,2,1025.44,25,66,1,512.72,2.0,1025.44,23.0,0.0,-0.0,1.0,0.30664727333841024,Loyal,314.44837997213943
16040,65,3,1313.55,268,57,1,437.84999999999997,1.0,437.37,101.0,0.0,-0.0,0.9983565020886118,0.2393818458062008,Loyal,314.44002355873505
13365,33,2,2207.52,217,121,1,1103.76,1.0,1506.92,184.0,1.0,0.007383851561933754,2.150899229232087,0.14233283804224822,Needs attention,314.2025866350238
13485,233,1,454.24,233,23,1,454.24,0.0,0.0,234.0,0.0,-0.0,1.0,0.6913529528796629,Hibernating,314.0401653160581
14725,24,1,655.58,24,45,1,655.58,1.0,655.58,25.0,0.0,-0.0,1.0,0.47898890663997057,New / recent,314.0155474150319
16551,95,3,922.12,336,26,1,307.37333333333333,0.0,0.0,120.0,0.0,-0.0,1.0,0.340402212953987,At risk (was loyal),313.8916886091305
14489,207,1,463.38,207,30,1,463.38,0.0,0.0,208.0,0.0,-0.0,1.0,0.6756581292644241,Hibernating,313.08646393854883
12545,75,2,832.39,259,41,0,416.195,1.0,288.24,184.0,0.0,-0.0,0.5297068822934853,0.37598052570973206,Hibernating,312.96242979552386
13720,116,4,799.9,254,42,1,199.975,0.0,0.0,45.333333333333336,0.0,-0.0,1.0,0.3908399285944098,At risk (was loyal),312.6328588826684
14138,1,2,965.8800000000001,63,40,1,482.94000000000005,2.0,965.8800000000001,62.0,0.0,-0.0,1.0,0.32345009169025307,Loyal,312.4139745617817
12670,10,5,2744.05,232,57,0,548.8100000000001,2.0,1253.58,55.25,1.0,0.0036078059802117307,1.2615953356994773,0.11381486574002496,Champions,312.3136823339155
13810,28,2,827.51,56,30,0,413.755,2.0,827.51,27.0,0.0,-0.0,1.0,0.3772931939468543,New / recent,312.2138909229614
14161,215,3,1097.6200000000001,369,87,1,365.8733333333334,0.0,0.0,76.0,0.0,-0.0,1.0,0.2844426358857779,Hibernating,312.2099260009476
13334,82,3,3502.32,305,207,1,1167.44,1.0,793.73,111.0,0.0,-0.0,0.5860835342373707,0.08912372020216407,Hibernating,312.13978773844326
16098,87,7,2005.63,373,34,1,286.5185714285714,1.0,293.14,47.0,0.0,-0.0,1.0270658514794246,0.1555347441009505,At risk (was loyal),311.94514881118937
15109,245,1,484.95,245,28,1,484.95,0.0,0.0,246.0,1.0,0.04371584699453552,1.0,0.6431256506437942,Hibernating,311.883784279708
14497,309,1,475.37,309,29,1,475.37,0.0,0.0,310.0,1.0,0.03765487935713233,1.0,0.6559514561857358,Hibernating,311.8196437270132
17722,96,4,2413.84,366,110,1,603.46,0.0,0.0,89.66666666666667,2.0,0.013754018493354987,1.0,0.12917047793519038,At risk (was loyal),311.79686645908
12624,106,2,569.13,177,35,0,284.565,0.0,0.0,71.0,0.0,-0.0,1.0,0.5469986826399823,Hibernating,311.31336025089314
16070,22,2,852.15,32,32,1,426.075,2.0,852.15,9.0,0.0,-0.0,1.0,0.36505363148644,Loyal,311.0804520711698
17525,359,1,422.70000000000005,359,9,1,422.70000000000005,0.0,0.0,360.0,0.0,-0.0,1.0,0.7358748731676772,Hibernating,311.0543088879772
14130,319,1,480.91,319,66,1,480.91,0.0,0.0,320.0,0.0,-0.0,1.0,0.6463020216641777,Hibernating,310.8131052385197
13398,192,1,457.34,192,26,1,457.34,0.0,0.0,193.0,0.0,-0.0,1.0,0.678323341512016,Hibernating,310.2243970071054
14672,234,2,765.55,336,58,1,382.775,0.0,0.0,101.0,0.0,-0.0,1.0,0.4050454258608712,Hibernating,310.08252576778995
15507,171,1,475.86,171,41,1,475.86,0.0,0.0,172.0,0.0,-0.0,1.0,0.6512844481301363,Hibernating,309.9202174872067
17646,219,3,1008.39,365,46,1,336.13,0.0,0.0,72.5,1.0,0.012624083935778817,1.0,0.30705589523175736,At risk (was loyal),309.6320941927518
15361,361,1,418.92,361,7,1,418.92,0.0,0.0,362.0,0.0,-0.0,1.0,0.7388653793461122,Hibernating,309.5254847156733
13260,61,1,557.62,61,8,1,557.62,1.0,557.62,62.0,0.0,-0.0,1.0,0.5549619689426378,Needs attention,309.4578931217937
17100,18,2,971.74,18,65,1,485.87,2.0,971.74,0.0,0.0,-0.0,1.0,0.31838035973365936,Loyal,309.3829307675862
16732,31,1,603.75,31,28,1,603.75,1.0,603.75,32.0,0.0,-0.0,1.0,0.5119083502737722,New / recent,309.06466647779
16696,135,4,657.9000000000001,248,7,1,164.47500000000002,0.0,0.0,37.0,0.0,-0.0,1.0,0.4691153023002494,At risk (was loyal),308.63095738333413
12520,79,5,2320.01,273,119,0,464.00200000000007,1.0,516.41,48.25,1.0,0.010991331933914076,1.1452872033710357,0.13295216674230198,At risk (was loyal),308.45035636380805
13116,138,1,501.14,138,30,1,501.14,0.0,0.0,139.0,1.0,0.03182743345173006,1.0,0.6153515542582519,Hibernating,308.37727790098035
13799,116,2,688.86,294,32,1,344.43,0.0,0.0,177.0,0.0,-0.0,1.0,0.44691290475979095,Hibernating,307.8604235728296
13344,67,3,2511.69,277,115,1,837.23,2.0,855.54,104.5,0.0,-0.0,0.25829182139298973,0.12247868642251857,Loyal,307.6284919005757
15948,8,2,955.24,43,51,1,477.62,2.0,955.24,35.0,0.0,-0.0,1.0,0.3218434937869066,Loyal,307.43777900500464
17040,137,1,449.73,137,15,1,449.73,0.0,0.0,138.0,0.0,-0.0,1.0,0.6826130054943933,Hibernating,306.9915469609935
12447,243,1,431.49,243,25,0,431.49,0.0,0.0,244.0,0.0,-0.0,1.0,0.7107571997271073,Hibernating,306.6846241102495
13731,219,2,610.59,246,36,1,305.295,0.0,0.0,27.0,0.0,-0.0,1.0,0.502044735102437,Hibernating,306.54349480619703
15093,18,6,4597.02,372,52,1,766.1700000000001,1.0,569.9200000000001,70.2,3.0,0.04065242265641654,0.7076059695562564,0.06667039562530391,Champions,306.4851420974346
18082,25,1,680.84,25,62,1,680.84,1.0,680.84,26.0,0.0,-0.0,1.0,0.449629657590263,New / recent,306.1258560737547
16529,190,1,455.25,190,30,1,455.25,0.0,0.0,191.0,0.0,-0.0,1.0,0.6720495563051332,Hibernating,305.95056050791186
17391,163,2,508.8,164,2,1,254.4,0.0,0.0,0.0,0.0,-0.0,1.0,0.6007556777674881,Hibernating,305.66448884809796
15182,154,2,622.85,268,24,1,311.425,0.0,0.0,114.0,0.0,-0.0,1.0,0.4894961652279896,Hibernating,304.8826865122533
14265,109,2,530.18,148,31,0,265.09,0.0,0.0,39.0,0.0,-0.0,1.0,0.5747923713672021,Hibernating,304.7434194514632
15585,176,1,455.3,176,31,1,455.3,0.0,0.0,177.0,0.0,-0.0,1.0,0.6675332867918862,Hibernating,303.92790547634576
15205,85,2,653.24,127,37,1,326.62,1.0,176.94,42.0,0.0,-0.0,0.3714885576317447,0.4652179713009917,Hibernating,303.8989875726598
18170,33,3,980.31,217,29,1,326.77,1.0,324.8,91.5,0.0,-0.0,0.9909841192354045,0.3097348982176668,Loyal,303.63621807176094
18176,358,1,454.85,358,29,1,454.85,0.0,0.0,359.0,1.0,0.01363086731889634,1.0,0.6667832990646921,Hibernating,303.2863835795752
15329,39,3,1023.2,171,49,1,341.06666666666666,1.0,269.2,66.0,1.0,0.015344018764659888,0.7140583554376657,0.2964025354864294,Loyal,303.2790743097146
14481,164,2,636.51,287,25,1,318.255,0.0,0.0,122.0,0.0,-0.0,1.0,0.47623985158730175,Hibernating,303.13142793383344
15981,24,8,3408.48,311,53,1,426.06,2.0,950.28,40.57142857142857,0.0,-0.0,1.159726629240908,0.08883882883013648,Champions,302.8053712909436
17589,60,4,2402.92,240,171,1,600.73,1.0,559.85,59.666666666666664,0.0,-0.0,0.9112784647354686,0.12575540407601607,Loyal,302.18017556234054
17144,1,2,984.57,84,42,1,492.285,2.0,984.57,83.0,0.0,-0.0,1.0,0.30689669219703686,Loyal,302.1612762364366
14107,51,7,2703.23,364,61,1,386.17571428571426,1.0,241.29,51.666666666666664,1.0,0.005456435449443814,0.5880484495966596,0.11167614858652694,Loyal,301.8863151435572
16624,80,2,810.5699999999999,197,44,1,405.28499999999997,1.0,384.14,116.0,0.0,-0.0,0.9008278029219332,0.3717852726087526,Hibernating,301.35798841847657
14022,225,1,440.0,225,28,1,440.0,0.0,0.0,226.0,0.0,-0.0,1.0,0.6825842708038784,Hibernating,300.3370791537065
13249,92,3,711.41,261,21,1,237.13666666666666,0.0,0.0,84.0,0.0,-0.0,1.0,0.4220563511036825,Hibernating,300.25510873867074
14231,183,3,827.96,288,45,1,275.9866666666667,0.0,0.0,52.0,1.0,0.007125948113435432,1.0,0.36216970551531946,Hibernating,299.8620293784639
15088,21,2,1160.07,67,53,1,580.035,2.0,1160.07,45.0,1.0,0.017067935555613024,1.0,0.25831802454640135,Loyal,299.6669907355438
15100,333,3,876.0,373,1,1,292.0,0.0,0.0,19.5,3.0,0.27499999999999997,1.0,0.342070907131693,Hibernating,299.6541146473631
14965,96,2,596.09,96,80,1,298.045,0.0,0.0,0.0,0.0,-0.0,1.0,0.5026054018589619,Hibernating,299.59805399410857
13390,74,1,544.08,74,13,1,544.08,1.0,544.08,75.0,0.0,-0.0,1.0,0.5505935225171087,Hibernating,299.56692373110855
17955,198,4,557.3,219,14,1,139.325,0.0,0.0,6.666666666666667,0.0,-0.0,1.0,0.537487782187632,At risk (was loyal),299.54194101316733
12822,70,2,918.98,87,40,1,459.49,2.0,918.98,16.0,0.0,-0.0,1.0,0.3259470084814104,Needs attention,299.5387818542465
15043,31,1,537.0,31,3,1,537.0,1.0,537.0,32.0,0.0,-0.0,1.0,0.5570499063717579,New / recent,299.135799721634
15353,254,2,770.12,367,59,1,385.06,0.0,0.0,113.0,0.0,-0.0,1.0,0.3881043446370305,Hibernating,298.8869178918699
13236,24,2,744.85,106,34,1,372.425,1.0,305.62,82.0,1.0,0.02360206753037524,0.6958085740955763,0.40125303396651674,New / recent,298.87332234996
16309,106,2,706.57,240,39,1,353.285,0.0,0.0,134.0,1.0,0.028164230012596058,1.0,0.4229835623246199,Hibernating,298.86749563170673
12645,33,4,1611.38,316,56,0,402.845,1.0,410.32,93.66666666666667,0.0,-0.0,1.0248946763692073,0.18521377513715362,Loyal,298.4497729805066
13363,17,2,892.5,43,46,1,446.25,2.0,892.5,26.0,0.0,-0.0,1.0,0.334223014403675,New / recent,298.29404035527995
16084,299,1,436.18,299,38,1,436.18,0.0,0.0,300.0,0.0,-0.0,1.0,0.6838761573527389,Hibernating,298.2931023141177
12436,99,1,429.01000000000005,99,15,0,429.01000000000005,0.0,0.0,100.0,0.0,-0.0,1.0,0.6952118203137125,Hibernating,298.25282303278584
16109,218,2,611.88,308,18,1,305.94,0.0,0.0,89.0,0.0,-0.0,1.0,0.4873233687638882,Hibernating,298.1834228792479
12949,30,8,4152.22,252,165,1,519.0275,1.0,717.8,31.428571428571427,1.0,0.002215682213370197,1.4630126775408947,0.07179641775468332,Champions,298.11452172935117
17554,1,5,1952.45,148,58,1,390.49,3.0,702.5600000000001,36.25,0.0,-0.0,0.37473164305125517,0.15264642974262937,Champions,298.0345217509967
15251,9,11,10484.99,241,97,1,953.180909090909,3.0,789.17,22.8,4.0,0.015057715839500085,0.21704748369228527,0.028389853445538196,Champions,297.66732947793355
13811,183,2,519.75,239,5,0,259.875,0.0,0.0,55.0,0.0,-0.0,1.0,0.5726208017677645,Hibernating,297.6196617187956
14905,157,2,616.15,233,14,1,308.075,0.0,0.0,76.0,1.0,0.026373448024020127,1.0,0.4829683500516007,Hibernating,297.5809488842938
16535,5,1,593.75,5,31,1,593.75,1.0,593.75,6.0,0.0,-0.0,1.0,0.5010693652378992,New / recent,297.5099356100027
15521,40,6,2780.2,254,115,1,463.3666666666666,1.0,663.22,42.4,1.0,0.02897273577440472,1.566429536415082,0.10697230410956374,Loyal,297.4043998854091
14891,148,2,554.38,187,30,1,277.19,0.0,0.0,39.0,0.0,-0.0,1.0,0.535560583197373,Hibernating,296.9040761129596
12965,89,1,769.8100000000001,89,108,1,769.8100000000001,1.0,769.8100000000001,90.0,0.0,-0.0,1.0,0.3855604176791476,Hibernating,296.80826513358465
13869,123,4,3083.65,357,234,1,770.9125,0.0,0.0,77.66666666666667,0.0,-0.0,1.0,0.09604942724300329,At risk (was loyal),296.1828163178871
15050,25,3,1682.77,71,66,1,560.9233333333333,3.0,1682.77,23.0,0.0,-0.0,1.0,0.1759674332149247,Loyal,296.1127175910788
14669,241,3,1259.24,332,158,1,419.74666666666667,0.0,0.0,45.0,0.0,-0.0,1.0,0.2349446172959174,Hibernating,295.851659883711
17560,94,4,854.95,310,22,1,213.7375,0.0,0.0,71.33333333333333,0.0,-0.0,1.0,0.3460160403512007,At risk (was loyal),295.82641369825905
18222,92,1,443.0,92,19,1,443.0,0.0,0.0,93.0,0.0,-0.0,1.0,0.6671110989116987,Hibernating,295.53021681788255
14753,87,1,563.15,87,30,1,563.15,1.0,563.15,88.0,0.0,-0.0,1.0,0.5245120944148061,Hibernating,295.378985969698
12610,22,4,1714.24,126,83,0,428.56,2.0,617.79,34.0,2.0,0.004812628336755647,0.5634456655570249,0.17220410408768347,Champions,295.19916339127053
18106,329,1,421.9,329,33,1,421.9,0.0,0.0,330.0,0.0,-0.0,1.0,0.6973990172347547,Hibernating,294.232645371343
14530,25,6,2862.11,296,140,1,477.0183333333334,1.0,379.79,53.8,0.0,-0.0,0.7649900093460955,0.1026962785126565,Champions,293.9280456938593
12379,81,2,777.24,170,38,0,388.62,1.0,362.40000000000003,88.0,1.0,0.0025088775667747414,0.8735898177610646,0.3780820201493759,Hibernating,293.8604693409009
12393,72,4,1582.6000000000001,332,47,0,395.65000000000003,1.0,521.5,86.33333333333333,0.0,-0.0,1.4744133446423524,0.1856169541826978,At risk (was loyal),293.75739168953754
17980,165,3,811.45,359,23,1,270.48333333333335,0.0,0.0,96.0,0.0,-0.0,1.0,0.361919126040515,At risk (was loyal),293.67927482557593
15238,29,3,1059.49,184,48,1,353.16333333333336,1.0,299.21000000000004,76.5,1.0,0.0027843585121143195,0.7871047508812544,0.27714812193620103,Loyal,293.6356637101856
16934,54,2,931.03,54,59,1,465.515,2.0,931.03,0.0,0.0,-0.0,1.0,0.3150369191192263,Loyal,293.3088228075733
13169,63,2,712.88,252,11,1,356.44,1.0,207.68,188.0,0.0,-0.0,0.41108471892319876,0.41123906484605954,Needs attention,293.1641045474589
14021,155,3,631.9,256,22,1,210.63333333333333,0.0,0.0,50.0,0.0,-0.0,1.0,0.4637825965554701,Hibernating,293.0642227634016
13888,119,2,595.67,218,38,1,297.835,0.0,0.0,98.0,0.0,-0.0,1.0,0.49182110203956797,Hibernating,292.9630758519094
15768,115,3,621.8299999999999,225,23,1,207.27666666666664,0.0,0.0,55.0,0.0,-0.0,1.0,0.4708560579607389,At risk (was loyal),292.7924225217263
16056,45,1,650.75,45,66,1,650.75,1.0,650.75,46.0,0.0,-0.0,1.0,0.44950529224803,Needs attention,292.5155689304055
14561,75,3,1080.76,184,67,1,360.25333333333333,1.0,513.77,54.0,0.0,-0.0,1.8122718213725109,0.2706483271597528,Hibernating,292.5058860611744
14140,3,2,920.05,31,59,1,460.025,2.0,920.05,27.0,0.0,-0.0,1.0,0.3174986786970809,Loyal,292.1146593352493
13563,84,2,777.53,140,49,1,388.765,1.0,466.65,55.0,0.0,-0.0,1.5010615028306742,0.3754523950516083,Hibernating,291.925500724477
16092,114,3,787.86,254,36,1,262.62,0.0,0.0,69.0,1.0,0.010788718807910035,1.0,0.37041825192148803,At risk (was loyal),291.8377239588636
18151,134,2,653.35,289,38,1,326.675,0.0,0.0,155.0,0.0,-0.0,1.0,0.4460666931169098,Hibernating,291.43767394793304
18235,71,3,1796.48,217,100,1,598.8266666666667,1.0,1046.68,72.5,0.0,-0.0,2.791891170978928,0.161944992496814,At risk (was loyal),290.9309401206764
12564,261,1,402.9,261,20,0,402.9,0.0,0.0,262.0,0.0,-0.0,1.0,0.721326977892875,Hibernating,290.6226393930393
14862,25,2,841.1999999999999,148,47,1,420.59999999999997,1.0,537.1,122.0,0.0,-0.0,1.766195330483394,0.34535634430377715,Loyal,290.5137568283373
12836,59,4,2610.36,311,148,1,652.59,1.0,497.83000000000004,83.66666666666667,0.0,-0.0,0.7069674750181062,0.11117611870732276,Loyal,290.2096932288471
17701,252,1,417.95,252,24,1,417.95,0.0,0.0,253.0,0.0,-0.0,1.0,0.694152322557156,Hibernating,290.12096321276334
16319,217,1,404.40000000000003,217,3,1,404.40000000000003,0.0,0.0,218.0,0.0,-0.0,1.0,0.7162504588308005,Hibernating,289.6516855511758
16503,106,4,1431.93,360,71,1,357.9825,0.0,0.0,84.0,1.0,0.007332760679642161,1.0,0.20224493753693143,At risk (was loyal),289.60059340725826
13320,78,4,1481.05,213,74,1,370.2625,1.0,536.05,45.0,1.0,0.003949900408493974,1.7017460317460316,0.19548020103668984,At risk (was loyal),289.5159517453895
15630,45,2,1186.35,204,57,1,593.175,1.0,789.49,159.0,1.0,0.005015383318582207,1.9893413294360731,0.24403425348509752,Loyal,289.51003662204545
15645,18,1,611.59,18,49,1,611.59,1.0,611.59,19.0,0.0,-0.0,1.0,0.4732571117125234,New / recent,289.4393169522622
12642,25,3,905.26,107,38,0,301.75333333333333,2.0,574.81,41.0,0.0,-0.0,0.8697382357391437,0.3197237472926358,Loyal,289.4331194741315
17513,72,1,513.2,72,6,1,513.2,1.0,513.2,73.0,0.0,-0.0,1.0,0.5633103374918543,Hibernating,289.0908652008197
16825,38,2,775.1800000000001,185,27,1,387.59000000000003,1.0,456.48,147.0,0.0,-0.0,1.4323187951051146,0.372666348934393,Loyal,288.8835003669628
15485,30,3,2564.5,373,59,1,854.8333333333334,1.0,1296.37,171.0,0.0,-0.0,2.0445380205499433,0.1125061647364104,Loyal,288.52205946652447
15288,43,5,2306.52,365,80,1,461.304,1.0,300.15999999999997,80.0,0.0,-0.0,0.5984170338324128,0.12508940012503236,Loyal,288.52120317638963
14348,260,1,409.57,260,18,1,409.57,0.0,0.0,261.0,0.0,-0.0,1.0,0.7042873518181418,Hibernating,288.45497068415636
17874,185,6,658.26,255,36,1,109.71,0.0,0.0,13.8,0.0,-0.0,1.0,0.43726772439740763,At risk (was loyal),287.83585226183754
12363,109,2,552.0,242,23,0,276.0,0.0,0.0,132.0,0.0,-0.0,1.0,0.5214318548286497,Hibernating,287.83038386541466
16449,197,2,687.79,280,39,1,343.895,0.0,0.0,82.0,1.0,0.01904651128978322,1.0,0.4179805656836637,Hibernating,287.482853271567
14220,247,2,632.4,358,21,1,316.2,0.0,0.0,110.0,0.0,-0.0,1.0,0.4545275727250011,Hibernating,287.4432369912907
13467,10,2,1071.91,36,89,1,535.955,2.0,1071.91,25.0,0.0,-0.0,1.0,0.2679855886634729,New / recent,287.25643234426326
16218,29,7,3071.52,373,55,1,438.7885714285714,1.0,449.2,57.0,1.0,0.005420768870135958,1.0277921840202568,0.09322317951325236,Champions,286.3368603385449
16345,44,1,565.46,44,35,1,565.46,1.0,565.46,45.0,0.0,-0.0,1.0,0.50550693195227,Needs attention,285.8439497417306
16107,17,7,3204.1600000000003,183,16,1,457.7371428571429,4.0,1710.04,27.0,0.0,-0.0,0.8583848686852461,0.08915666381708025,Champions,285.6722159361359
18095,312,2,580.0500000000001,332,20,1,290.02500000000003,0.0,0.0,20.0,0.0,-0.0,1.0,0.49244731218587534,Hibernating,285.64406343341705
15376,40,3,1221.56,222,100,1,407.18666666666667,1.0,244.34,90.5,0.0,-0.0,0.5000716317717607,0.23370765568161067,Loyal,285.4879238744283
17805,73,1,512.31,73,10,1,512.31,1.0,512.31,74.0,0.0,-0.0,1.0,0.55701867307589,Hibernating,285.3662364035092
14645,156,2,597.09,275,28,1,298.545,0.0,0.0,118.0,0.0,-0.0,1.0,0.47788967577570557,Hibernating,285.34314650891605
12729,113,1,417.01,113,25,0,417.01,0.0,0.0,114.0,0.0,-0.0,1.0,0.683942290658409,Hibernating,285.2107746274631
16653,16,2,1197.81,71,66,1,598.905,2.0,1197.81,55.0,1.0,0.025788731100925857,1.0,0.23808370863408312,Loyal,285.1790470389911
16834,227,1,413.46,227,24,1,413.46,0.0,0.0,228.0,0.0,-0.0,1.0,0.6889498856876183,Hibernating,284.85321973640265
17416,29,7,6838.34,281,184,1,976.9057142857143,2.0,1598.93,41.666666666666664,0.0,-0.0,0.762934185337662,0.04165003003642452,Champions,284.81706639928325
13265,53,5,2092.66,273,66,1,418.532,2.0,642.0,54.75,0.0,-0.0,0.6638357713040961,0.13606089052151335,Loyal,284.7291831587501
13875,53,5,1786.79,301,79,1,357.358,1.0,361.99,61.5,0.0,-0.0,1.0162549129702414,0.1592919830344548,Loyal,284.6213223661335
15221,366,1,403.25,366,5,1,403.25,0.0,0.0,367.0,1.0,0.7170489770613763,1.0,0.7057741962000613,Hibernating,284.6034446176747
13220,78,4,819.2900000000001,236,18,1,204.82250000000002,1.0,92.8,52.333333333333336,0.0,-0.0,0.38321243238034935,0.34721760640749827,At risk (was loyal),284.47191275359927
18218,211,2,616.12,281,15,1,308.06,0.0,0.0,70.0,1.0,0.0160682983834318,1.0,0.46149023079472457,Hibernating,284.3333609972457
13615,318,1,399.99,318,22,1,399.99,0.0,0.0,319.0,0.0,-0.0,1.0,0.7106044231177678,Hibernating,284.23466320287594
12478,3,1,545.99,3,35,0,545.99,1.0,545.99,4.0,0.0,-0.0,1.0,0.5203539300697578,New / recent,284.1080422787871
15639,134,1,425.32,134,25,1,425.32,0.0,0.0,135.0,0.0,-0.0,1.0,0.6674946495405186,Hibernating,283.8988243425734
18242,72,4,2232.4900000000002,213,72,1,558.1225000000001,2.0,1538.41,46.666666666666664,0.0,-0.0,2.216473605348087,0.12715580989170616,At risk (was loyal),283.87407402513514
17838,89,4,2267.4,372,86,1,566.85,1.0,612.4,93.66666666666667,0.0,-0.0,1.1100906344410877,0.12507762579985296,At risk (was loyal),283.6010087385866
15225,234,1,409.40000000000003,234,23,1,409.40000000000003,0.0,0.0,235.0,0.0,-0.0,1.0,0.6918740195782339,Hibernating,283.253223615329
17298,101,2,498.42,124,30,1,249.21,0.0,0.0,23.0,0.0,-0.0,1.0,0.5678433912265961,Hibernating,283.02450305516004
17400,126,5,2097.84,353,175,1,419.56800000000004,0.0,0.0,56.25,0.0,-0.0,1.0,0.13478359659033404,At risk (was loyal),282.75442027106635
17520,53,1,546.81,53,30,1,546.81,1.0,546.81,54.0,0.0,-0.0,1.0,0.5170763348489059,Needs attention,282.7425106587302
18189,77,2,1090.24,267,65,1,545.12,1.0,457.14,190.0,1.0,0.005411652480187849,0.7220660243247512,0.2593324653061035,Hibernating,282.73462697532625
14276,98,3,1058.99,289,50,1,352.99666666666667,0.0,0.0,95.0,2.0,0.037394120813227696,1.0,0.2668379171332405,Hibernating,282.5786858649304
15700,172,2,684.43,173,84,1,342.215,0.0,0.0,1.0,1.0,0.029805823824204082,1.0,0.41285543310364253,Hibernating,282.57064407912605
13327,38,8,3617.57,365,73,1,452.19625,1.0,889.02,46.142857142857146,0.0,-0.0,2.2807498488208022,0.07810976156719075,Loyal,282.5675301526223
16947,235,1,406.48,235,21,1,406.48,0.0,0.0,236.0,0.0,-0.0,1.0,0.6949423718567944,Hibernating,282.4801753123498
15322,85,1,612.12,85,37,1,612.12,1.0,612.12,86.0,1.0,0.014948049402078022,1.0,0.4609188443892727,Hibernating,282.13764302756164
16917,276,1,391.52,276,9,1,391.52,0.0,0.0,277.0,0.0,-0.0,1.0,0.7199459797118583,Hibernating,281.8732499767867
16240,24,2,3718.8,77,126,1,1859.4,2.0,3718.8,53.0,3.0,0.006719909648273637,1.0,0.0757274313645965,Loyal,281.6151717586615
16230,189,2,542.03,220,32,1,271.015,0.0,0.0,30.0,0.0,-0.0,1.0,0.519038272086909,Hibernating,281.3343146192673
14193,67,2,853.39,269,35,1,426.695,1.0,430.85,201.0,0.0,-0.0,1.0196667771098595,0.3292531843886838,Loyal,280.9813750254589
17018,40,2,920.1,325,15,1,460.05,1.0,515.1,285.0,0.0,-0.0,1.271851851851852,0.30534660734702856,Loyal,280.949413420001
15530,21,4,1497.31,246,90,1,374.3275,1.0,333.62,74.66666666666667,0.0,-0.0,0.8600744184447747,0.187600488522888,Champions,280.89608747020543
13493,275,2,498.63,287,5,0,249.315,0.0,0.0,11.0,0.0,-0.0,1.0,0.5630197733898347,Hibernating,280.73854960537324
13889,92,1,416.90000000000003,92,15,1,416.90000000000003,0.0,0.0,93.0,0.0,-0.0,1.0,0.6732038124602996,Hibernating,280.6586694146989
17415,79,1,507.84,79,14,1,507.84,1.0,507.84,80.0,0.0,-0.0,1.0,0.5521161821628411,Hibernating,280.3866819495772
18062,173,3,720.52,337,23,1,240.17333333333332,0.0,0.0,81.5,0.0,-0.0,1.0,0.38904218717981515,At risk (was loyal),280.3126767068004
16872,77,3,680.02,184,5,1,226.67333333333332,1.0,215.34000000000003,53.5,0.0,-0.0,0.9268313678230181,0.4121286612382937,At risk (was loyal),280.2557322152645
12833,145,1,417.38,145,24,1,417.38,0.0,0.0,146.0,0.0,-0.0,1.0,0.6714186328351924,Hibernating,280.23670897275264
17508,280,1,387.31,280,22,0,387.31,0.0,0.0,281.0,0.0,-0.0,1.0,0.722491196954784,Hibernating,279.8280654925574
17594,85,2,993.18,254,42,1,496.59,1.0,678.18,169.0,0.0,-0.0,2.1529523809523807,0.281632837715342,Hibernating,279.7121017621233
13784,9,11,2462.79,332,9,1,223.89,2.0,338.64,31.8,0.0,-0.0,0.7174069627851141,0.11354047177060916,Champions,279.62633847193854
15330,32,2,714.96,60,10,1,357.48,2.0,714.96,28.0,0.0,-0.0,1.0,0.39096486428754723,Loyal,279.5242393710248
17703,35,3,798.74,138,47,1,266.24666666666667,1.0,307.78,51.5,0.0,-0.0,1.2537884960078214,0.3498766338473534,Loyal,279.4604625192351
17226,308,1,393.49,308,21,1,393.49,0.0,0.0,309.0,0.0,-0.0,1.0,0.7100026741925096,Hibernating,279.3789522680106
14288,213,1,426.6,213,16,1,426.6,0.0,0.0,214.0,1.0,0.029887482419127986,1.0,0.6546099908416168,Hibernating,279.25662209303374
17768,8,3,2081.9,166,77,1,693.9666666666667,2.0,1696.0700000000002,78.5,0.0,-0.0,2.1979498742969703,0.13403866485884275,Champions,279.0550963696247
13591,64,3,1117.13,266,56,1,372.3766666666667,1.0,340.9,100.5,0.0,-0.0,0.8783479123455676,0.2497210456667206,Loyal,278.9708717456636
17398,114,3,653.38,255,30,1,217.79333333333332,0.0,0.0,69.5,0.0,-0.0,1.0,0.42660267153307946,At risk (was loyal),278.73365352628343
15116,17,4,1352.75,204,37,1,338.1875,2.0,561.7800000000001,62.333333333333336,0.0,-0.0,0.7102418549376082,0.20592817030280702,Champions,278.5693323771222
14002,134,2,529.73,156,47,1,264.865,0.0,0.0,22.0,0.0,-0.0,1.0,0.5256395141382418,Hibernating,278.4470198244509
14759,4,3,1625.97,232,92,1,541.99,1.0,755.12,113.5,0.0,-0.0,1.7342136992593442,0.1710627496628801,Loyal,278.1428990693532
14824,10,4,1127.71,91,19,1,281.9275,3.0,685.8000000000001,26.333333333333332,0.0,-0.0,0.5172999026951189,0.24628301369542735,Champions,277.7358173744704
12473,53,3,2554.5299999999997,191,136,0,851.5099999999999,1.0,1571.98,68.5,1.0,0.0036249329622278855,3.1997964480179126,0.10863071303100987,Loyal,277.5004153591056
14600,305,1,393.33000000000004,305,25,1,393.33000000000004,0.0,0.0,306.0,0.0,-0.0,1.0,0.7038595602764346,Hibernating,276.84908084353003
13951,176,3,674.45,294,38,1,224.8166666666667,0.0,0.0,58.5,0.0,-0.0,1.0,0.4104592654980176,Hibernating,276.834251615138
12390,79,1,504.84000000000003,79,31,0,504.84000000000003,1.0,504.84000000000003,80.0,0.0,-0.0,1.0,0.5477945871869547,Hibernating,276.54861939546225
12468,187,2,657.54,316,35,0,328.77,0.0,0.0,128.0,1.0,0.008364510143869575,1.0,0.4205559279534158,Hibernating,276.532344866489
16650,71,1,518.42,71,24,1,518.42,1.0,518.42,72.0,0.0,-0.0,1.0,0.5330210663031132,Needs attention,276.32878119285994
17486,261,1,396.87,261,24,1,396.87,0.0,0.0,262.0,0.0,-0.0,1.0,0.6961697470197388,Hibernating,276.2888874997237
14737,3,3,1164.55,353,15,1,388.18333333333334,1.0,82.8,174.5,0.0,-0.0,0.15308527848393805,0.23673680093733374,Loyal,275.691841531572
17633,31,4,1309.84,120,58,1,327.46,2.0,661.23,29.333333333333332,1.0,0.05153301166554694,1.019456992645812,0.2103598073274416,Champions,275.5376900297761
17431,313,1,403.3,313,41,1,403.3,0.0,0.0,314.0,0.0,-0.0,1.0,0.6827459866964494,Hibernating,275.351456434678
15730,65,3,1120.88,206,68,1,373.6266666666667,1.0,343.66,70.0,1.0,0.011151952037684675,0.8843313347572116,0.24558599192211744,Loyal,275.272426625663
16160,65,2,1025.44,85,20,1,512.72,2.0,1025.44,20.0,2.0,0.015593306288032453,1.0,0.26826297523069614,Loyal,275.08758532056504
13808,5,5,1747.66,96,70,1,349.53200000000004,3.0,1024.56,22.25,0.0,-0.0,0.9445996404370073,0.15729527893161813,Champions,274.89866717763175
12725,371,1,371.8,371,23,0,371.8,0.0,0.0,372.0,0.0,-0.0,1.0,0.7388483285372339,Hibernating,274.7038085501436
13715,281,5,1059.49,372,87,1,211.898,0.0,0.0,22.5,1.0,0.007078877573171998,1.0,0.25894241967789716,At risk (was loyal),274.34690422453525
13885,189,2,506.8,200,28,1,253.4,0.0,0.0,11.0,0.0,-0.0,1.0,0.5407003547342598,Hibernating,274.0269397793229
12733,234,1,383.95,234,22,0,383.95,0.0,0.0,235.0,0.0,-0.0,1.0,0.7133715663547656,Hibernating,273.8990129019123
16795,365,1,414.88,365,64,1,414.88,0.0,0.0,366.0,0.0,-0.0,1.0,0.6600414010351817,Hibernating,273.8379764614762
17624,14,2,843.48,218,49,1,421.74,1.0,443.18,203.0,0.0,-0.0,1.1071196602548088,0.3245270462739737,Loyal,273.7320729911714
13311,4,2,598.57,150,25,1,299.285,1.0,108.46000000000001,145.0,0.0,-0.0,0.22129725979882067,0.457154624287514,New / recent,273.63904345977727
16272,116,1,411.7,116,25,1,411.7,0.0,0.0,117.0,0.0,-0.0,1.0,0.6636613351823792,Hibernating,273.22937169458555
13124,89,3,3756.33,359,185,1,1252.11,1.0,1239.86,134.0,0.0,-0.0,0.9853962097700348,0.07267077149495789,Hibernating,272.9753990896552
13895,28,4,2593.07,164,97,1,648.2675,2.0,1655.77,45.0,1.0,0.001908934197688454,1.7665315267257014,0.10513461664412847,Champions,272.62142038139024
12488,9,3,1244.66,75,45,0,414.8866666666667,3.0,1244.66,32.5,0.0,-0.0,1.0,0.21881195415515942,Loyal,272.3464868587607
12873,282,1,374.0,282,4,1,374.0,0.0,0.0,283.0,0.0,-0.0,1.0,0.7279099971477387,Hibernating,272.2383389332543
13607,40,1,675.51,40,93,1,675.51,1.0,675.51,41.0,0.0,-0.0,1.0,0.40292207818228093,Needs attention,272.1778930329126
15275,37,1,615.14,37,41,1,615.14,1.0,615.14,38.0,1.0,0.009672594856455441,1.0,0.44245293041497274,Needs attention,272.17049561546634
13963,308,4,664.54,367,35,1,166.135,0.0,0.0,19.333333333333332,0.0,-0.0,1.0,0.40943928230046095,At risk (was loyal),272.0887806599483
15826,56,3,1654.31,210,64,1,551.4366666666666,2.0,934.3100000000001,77.0,1.0,0.0029921840525657223,0.6488263888888889,0.16431244261493405,Loyal,271.82371694231153
14387,32,3,1727.6,109,125,1,575.8666666666667,2.0,1286.84,37.5,0.0,-0.0,1.4597967147654054,0.15720714910489,Loyal,271.59107079360797
16364,11,2,705.79,137,48,1,352.895,1.0,359.49,125.0,0.0,-0.0,1.038088362691308,0.38473565526082976,Loyal,271.542578126541
17666,3,2,728.16,65,14,1,364.08,2.0,728.16,61.0,0.0,-0.0,1.0,0.37286566255416514,Loyal,271.5058608454409
15599,26,2,761.74,204,50,1,380.87,1.0,312.90999999999997,177.0,0.0,-0.0,0.6971681928569836,0.35625856742252887,Loyal,271.37640114843714
12580,246,1,379.7,246,23,0,379.7,0.0,0.0,247.0,0.0,-0.0,1.0,0.7144413222366219,Hibernating,271.27337005324534
13721,36,1,524.14,36,28,1,524.14,1.0,524.14,37.0,0.0,-0.0,1.0,0.5174834430851626,Needs attention,271.2337718586571
12922,161,1,405.38,161,28,1,405.38,0.0,0.0,162.0,0.0,-0.0,1.0,0.6690717499027699,Hibernating,271.2283059755848
17712,44,1,522.91,44,29,1,522.91,1.0,522.91,45.0,0.0,-0.0,1.0,0.5178435837477802,Needs attention,270.78558837755173
14317,64,1,508.58000000000004,64,24,1,508.58000000000004,1.0,508.58000000000004,65.0,0.0,-0.0,1.0,0.5318465659330982,Needs attention,270.4865265022551
13338,157,1,422.02,157,17,1,422.02,0.0,0.0,158.0,1.0,0.09525614899767784,1.0,0.6408237070336776,Hibernating,270.44042084235264
12572,8,2,912.42,51,52,0,456.21,2.0,912.42,43.0,1.0,0.017206988009907716,1.0,0.29621862787674996,New / recent,270.27580044730416
14463,98,3,529.62,205,6,1,176.54,0.0,0.0,53.0,0.0,-0.0,1.0,0.5101812092947843,Hibernating,270.20217206670367
18178,128,4,1590.81,364,80,1,397.7025,0.0,0.0,78.0,2.0,0.01093782412733136,1.0,0.16980169583442092,At risk (was loyal),270.1222357503551
13500,23,3,1136.77,122,58,1,378.92333333333335,2.0,810.37,49.0,0.0,-0.0,1.2413756127450981,0.23755325998249402,Loyal,270.0434193502997
15321,70,3,2748.31,291,83,1,916.1033333333334,2.0,1588.8400000000001,110.0,1.0,0.030866241435645907,0.6851578738561583,0.09822611993355398,Loyal,269.95582767458575
15089,10,6,2420.84,128,139,1,403.47333333333336,3.0,384.56,23.2,0.0,-0.0,0.1888541850826016,0.11146483292043945,Champions,269.83852612711667
15417,85,1,508.8,85,28,1,508.8,1.0,508.8,86.0,0.0,-0.0,1.0,0.5303148403092837,Hibernating,269.82419074936354
15090,308,1,381.32,308,23,1,381.32,0.0,0.0,309.0,0.0,-0.0,1.0,0.7073270340402376,Hibernating,269.71794462022336
17738,19,4,1879.05,282,89,1,469.7625,1.0,307.56,87.33333333333333,1.0,0.008355285915755302,0.5871370482790218,0.14349203222744455,Champions,269.62870315697967
17426,8,6,5022.26,282,179,1,837.0433333333334,2.0,741.6700000000001,54.6,0.0,-0.0,0.3465269974466137,0.053672713390089936,Champions,269.5583215505131
14691,30,5,2114.33,212,50,1,422.866,3.0,839.65,45.25,0.0,-0.0,0.4391428959948118,0.12747886443121437,Champions,269.5323874328495
15193,60,1,499.32,60,19,1,499.32,1.0,499.32,61.0,0.0,-0.0,1.0,0.5396788021706934,Needs attention,269.4724194998706
15763,31,2,1061.42,77,57,1,530.71,2.0,1061.42,45.0,1.0,0.012012210058223888,1.0,0.2538255390095421,Loyal,269.41550361550816
13358,268,1,389.03,268,28,1,389.03,0.0,0.0,269.0,0.0,-0.0,1.0,0.6920108633244084,Hibernating,269.2129861590946
15648,204,2,588.5,267,22,1,294.25,0.0,0.0,62.0,1.0,0.006372132540356839,1.0,0.45735594237495947,Hibernating,269.15397208766365
13416,43,2,712.5,81,11,1,356.25,2.0,712.5,37.0,0.0,-0.0,1.0,0.3775259627367355,Needs attention,268.98724844992404
16347,11,2,847.45,36,61,1,423.725,2.0,847.45,25.0,0.0,-0.0,1.0,0.31730588621055417,Loyal,268.90087326913414
12802,186,1,382.58,186,23,0,382.58,0.0,0.0,187.0,0.0,-0.0,1.0,0.7022578576826378,Hibernating,268.66981119222356
12638,33,1,511.69,33,38,0,511.69,1.0,511.69,34.0,0.0,-0.0,1.0,0.524573099085649,Needs attention,268.41880907113574
12656,17,5,3619.17,233,88,0,723.8340000000001,2.0,1104.5,53.75,3.0,0.018913176225488163,0.6588339623091698,0.07416283371451372,Champions,268.4079028945566
12408,32,5,2618.55,260,80,0,523.71,1.0,679.5,56.5,3.0,0.011830975158007294,1.4017173358087724,0.1024482323271482,Champions,268.2658187602539
14126,10,2,643.6300000000001,10,14,1,321.81500000000005,2.0,643.6300000000001,0.0,0.0,-0.0,1.0,0.4166923200337934,Loyal,268.1956779433505
12842,70,2,1118.99,308,34,1,559.495,1.0,808.26,238.0,0.0,-0.0,2.601164998551797,0.23959765742756248,Needs attention,268.1073826848681
16340,107,1,534.31,107,124,1,534.31,0.0,0.0,108.0,0.0,-0.0,1.0,0.5014200459409386,Hibernating,267.9137447467029
17623,32,1,527.0500000000001,32,33,1,527.0500000000001,1.0,527.0500000000001,33.0,0.0,-0.0,1.0,0.5080015525069912,Needs attention,267.74221824880976
12591,317,1,368.85,317,25,0,368.85,0.0,0.0,318.0,0.0,-0.0,1.0,0.7258629523060148,Hibernating,267.7345499580736
17934,51,2,704.25,58,21,1,352.125,2.0,704.25,7.0,0.0,-0.0,1.0,0.3801393074525024,Loyal,267.71310727342484
16211,88,1,547.02,88,23,1,547.02,1.0,547.02,89.0,1.0,0.007769368578845381,1.0,0.4884813401410222,Hibernating,267.20906268394197
13908,79,4,2304.7,276,103,1,576.175,1.0,907.94,65.33333333333333,1.0,0.003319304030893392,1.9500988000801858,0.11585811916978397,At risk (was loyal),267.0182072506011
12668,11,4,3142.35,355,112,0,785.5875,1.0,738.68,114.33333333333333,1.0,0.009282861552659635,0.9219401997778396,0.08496145662918023,Champions,266.9786332387045
14315,44,6,2481.13,266,64,1,413.5216666666667,1.0,930.98,43.8,1.0,0.009733468218110296,3.0028706899332325,0.10754039100950845,Loyal,266.8216903454217
12458,71,2,787.4,284,34,0,393.7,1.0,425.48,213.0,0.0,-0.0,1.1756189213085764,0.33881343216183424,Needs attention,266.7816964842283
17648,60,4,1797.5,249,81,1,449.375,1.0,690.11,62.666666666666664,1.0,0.004422809457579972,1.8695581502451715,0.14837259482471687,Loyal,266.6997391974286
12863,52,1,521.2,52,5,1,521.2,1.0,521.2,53.0,1.0,0.03261703760552571,1.0,0.5112095261354215,Needs attention,266.4424050217817
15747,12,3,946.64,172,52,1,315.5466666666667,1.0,421.27,79.5,0.0,-0.0,1.6037078630298647,0.28140918145087085,Champions,266.3931875286524
17492,248,1,374.57,248,12,1,374.57,0.0,0.0,249.0,0.0,-0.0,1.0,0.7103801601752298,Hibernating,266.0870965968358
17138,275,1,380.5,275,24,1,380.5,0.0,0.0,276.0,0.0,-0.0,1.0,0.6991804260058947,Hibernating,266.03815209524294
12809,177,1,405.31,177,24,0,405.31,0.0,0.0,178.0,1.0,0.012212874096370679,1.0,0.656204687876844,Hibernating,265.9663220433637
13381,31,6,3639.31,298,77,1,606.5516666666666,2.0,1177.98,53.0,1.0,0.0034347170205341125,0.9571898120122049,0.07293746465613295,Champions,265.4420444977112
13166,283,1,417.2,283,39,1,417.2,0.0,0.0,284.0,1.0,0.005992329817833174,1.0,0.635152198456288,Hibernating,264.9854971959634
14550,10,2,757.37,44,38,1,378.685,2.0,757.37,33.0,0.0,-0.0,1.0,0.34983016096958486,Loyal,264.9508690135345
16103,7,6,1429.64,233,30,1,238.27333333333334,2.0,273.24,44.8,0.0,-0.0,0.4725700449671394,0.18530435529598321,Champions,264.9185185053495
17806,11,1,546.04,11,43,1,546.04,1.0,546.04,12.0,0.0,-0.0,1.0,0.485120111612343,New / recent,264.89498574480376
16806,103,4,736.21,239,67,1,184.0525,0.0,0.0,44.666666666666664,0.0,-0.0,1.0,0.35970358810036734,At risk (was loyal),264.81737859537145
16762,19,3,1207.24,144,51,1,402.41333333333336,2.0,893.09,62.0,0.0,-0.0,1.4214388031195289,0.21935631662334812,Champions,264.81571968037076
16202,360,1,365.27,360,18,1,365.27,0.0,0.0,361.0,0.0,-0.0,1.0,0.724598290929823,Hibernating,264.6740177279364
13278,40,1,542.73,40,46,1,542.73,1.0,542.73,41.0,0.0,-0.0,1.0,0.4874061786158589,Needs attention,264.5299553201851
15063,213,1,370.79999999999995,213,5,1,370.79999999999995,0.0,0.0,214.0,0.0,-0.0,1.0,0.712949203372826,Hibernating,264.3615646106438
15386,186,1,394.14,186,31,1,394.14,0.0,0.0,187.0,0.0,-0.0,1.0,0.6701486687462492,Hibernating,264.13239629964664
17175,44,4,1443.69,296,42,1,360.9225,1.0,311.06,83.33333333333333,1.0,0.008831535856035575,0.8239054236599772,0.18287964637453488,Loyal,264.0215166744523
13368,256,2,573.4,337,28,1,286.7,0.0,0.0,80.0,0.0,-0.0,1.0,0.4603874982812833,Hibernating,263.9861915144878
14331,124,2,462.65999999999997,135,27,1,231.32999999999998,0.0,0.0,10.0,0.0,-0.0,1.0,0.5705762166764125,Hibernating,263.98279240750895
16618,31,4,2630.64,322,79,1,657.66,1.0,1206.3,96.66666666666667,0.0,-0.0,2.5407557184380134,0.10033567234711649,Champions,263.94703310321853
13029,30,3,1247.5,353,8,1,415.8333333333333,1.0,474.29999999999995,160.5,0.0,-0.0,1.226849456802897,0.21134301041873657,Loyal,263.65040549737387
13016,73,3,789.89,123,39,1,263.2966666666667,2.0,364.64,24.5,0.0,-0.0,0.4287360376249265,0.3334565131449031,Hibernating,263.3939651680275
12559,310,2,500.21000000000004,319,19,0,250.10500000000002,0.0,0.0,8.0,0.0,-0.0,1.0,0.5264622037399449,Hibernating,263.34165893275787
17054,28,5,1356.33,245,64,1,271.26599999999996,1.0,149.01,53.75,1.0,0.0018432092484867253,0.49368850014909055,0.1940644697378443,Champions,263.2154622395303
12685,28,6,2575.08,93,116,0,429.18,4.0,1112.66,12.6,0.0,-0.0,0.38041739035297656,0.10215822967383162,Champions,263.06561406849033
15539,7,1,538.46,7,41,1,538.46,1.0,538.46,8.0,0.0,-0.0,1.0,0.4878902335729759,New / recent,262.70937516970463
14856,36,3,1290.53,56,65,1,430.1766666666667,3.0,1290.53,10.0,0.0,-0.0,1.0,0.20352121958796252,Loyal,262.65023951485324
16419,112,6,958.71,311,36,1,159.785,0.0,0.0,39.4,1.0,0.0132991206934318,1.0,0.2738670074320379,At risk (was loyal),262.5590386951691
12480,28,4,2885.63,336,128,0,721.4075,1.0,992.68,102.33333333333333,0.0,-0.0,1.573226973771098,0.09097466080766643,Champions,262.5192104664265
17333,85,1,494.25,85,28,1,494.25,1.0,494.25,86.0,0.0,-0.0,1.0,0.531107449326475,Hibernating,262.4998568296103
16858,368,1,375.69000000000005,368,9,1,375.69000000000005,0.0,0.0,369.0,1.0,0.07932071654821794,1.0,0.6986130174929819,Hibernating,262.4619245419384
14209,10,6,2073.43,332,55,1,345.57166666666666,1.0,197.10000000000002,63.8,1.0,0.0030384435452366376,0.5252274386701701,0.1264201012302608,Champions,262.1232304938596
13308,22,3,1385.51,203,49,1,461.83666666666664,2.0,570.5600000000001,90.0,1.0,0.012919430390253407,0.3500582857844039,0.18918059531710532,Loyal,262.1116066178026
12631,57,1,480.5,57,30,0,480.5,1.0,480.5,58.0,0.0,-0.0,1.0,0.545417975806597,Needs attention,262.07333737506985
12639,238,1,366.1,238,21,0,366.1,0.0,0.0,239.0,0.0,-0.0,1.0,0.7156532935305489,Hibernating,262.00067076153397
14216,3,4,1839.3,37,47,1,459.825,4.0,1839.3,11.0,0.0,-0.0,1.0,0.14227135905361524,Champions,261.6797107073145
15142,46,1,498.74,46,26,1,498.74,1.0,498.74,47.0,0.0,-0.0,1.0,0.5246521882987785,Needs attention,261.6650323921328
16509,296,1,363.7,296,13,1,363.7,0.0,0.0,297.0,0.0,-0.0,1.0,0.7186988252398446,Hibernating,261.3907627397315
17630,169,2,503.59999999999997,232,24,1,251.79999999999998,0.0,0.0,62.0,0.0,-0.0,1.0,0.5189593442609676,Hibernating,261.34792576982323
16170,50,6,1885.05,248,106,1,314.175,1.0,324.39,38.8,1.0,0.0024561682713986365,1.0392718465264696,0.13858593928810697,Loyal,261.24142485504603
13405,204,2,557.45,317,24,1,278.725,0.0,0.0,113.0,0.0,-0.0,1.0,0.46839522241025805,Hibernating,261.1069167325984
15300,64,1,496.44,64,28,1,496.44,1.0,496.44,65.0,0.0,-0.0,1.0,0.5258522730724575,Needs attention,261.0541024440908
16232,43,4,990.88,215,24,1,247.72,1.0,265.84,56.666666666666664,1.0,0.007720410140481188,1.0999668983780204,0.26334262558454086,Loyal,260.9409408392098
14788,7,2,679.4399999999999,26,26,1,339.71999999999997,2.0,679.4399999999999,19.0,0.0,-0.0,1.0,0.3840237777825985,Loyal,260.9211155766087
14522,24,4,974.54,198,15,1,243.635,2.0,213.83999999999997,57.333333333333336,0.0,-0.0,0.28110950440383853,0.2670707963272244,Champions,260.2711738527333
14967,49,1,463.8,49,6,1,463.8,1.0,463.8,50.0,0.0,-0.0,1.0,0.5604133296851473,Needs attention,259.91970230797136
13032,52,2,1010.18,87,55,1,505.09,2.0,1010.18,34.0,1.0,0.01352234255281237,1.0,0.2572411659712134,Needs attention,259.8598810408003
14336,16,4,1614.91,276,77,1,403.7275,1.0,500.52000000000004,85.66666666666667,0.0,-0.0,1.347427740737085,0.16086192913773315,Champions,259.77753798381667
13153,5,1,486.22,5,15,1,486.22,1.0,486.22,6.0,0.0,-0.0,1.0,0.5336113365933799,New / recent,259.4525040784332
17272,42,4,2148.63,262,70,1,537.1575,2.0,739.1899999999999,73.33333333333333,1.0,0.001908192662301094,0.5244565217391304,0.12075181926684814,Loyal,259.45098143132793
17873,80,5,1669.18,373,23,1,333.836,1.0,272.04,73.0,1.0,0.030194466744149825,0.7788482185035144,0.1554093862720806,At risk (was loyal),259.4062393776315
17239,312,1,382.5,312,15,1,382.5,0.0,0.0,313.0,1.0,0.006666666666666666,1.0,0.6779279089655682,Hibernating,259.3074251793298
15400,92,5,666.7,278,9,1,133.34,0.0,0.0,46.25,0.0,-0.0,1.0,0.38837712593274787,At risk (was loyal),258.93102985936304
17133,15,7,4892.240000000001,266,13,1,698.8914285714287,4.0,2413.4500000000003,41.333333333333336,0.0,-0.0,0.7302302736415752,0.05291526715606672,Champions,258.87418659159584
16266,73,7,861.89,206,44,1,123.12714285714286,1.0,100.77,21.666666666666668,0.0,-0.0,0.7943819634223249,0.30023862075764873,At risk (was loyal),258.77266484480987
14643,170,2,693.8100000000001,358,30,1,346.90500000000003,0.0,0.0,187.0,1.0,0.03632118303281878,1.0,0.37296762118188054,Hibernating,258.76866525220055
14619,245,1,394.44,245,20,1,394.44,0.0,0.0,246.0,1.0,0.037851130716965824,1.0,0.6559362868512543,Hibernating,258.7275089856087
18237,2,5,987.1,134,40,1,197.42000000000002,2.0,261.55,32.25,0.0,-0.0,0.5407277237957411,0.2619734670838543,Champions,258.59400935847253
16682,4,5,1028.0,187,15,1,205.6,2.0,217.78,45.25,0.0,-0.0,0.40318678877341957,0.25141259309986114,Champions,258.45214570665723
14323,114,2,587.36,238,31,1,293.68,0.0,0.0,123.0,1.0,0.022303187142467994,1.0,0.4396143982485219,Hibernating,258.2119129552518
13108,372,1,350.06,372,10,1,350.06,0.0,0.0,373.0,0.0,-0.0,1.0,0.7375136440397688,Hibernating,258.17402623256146
15531,8,2,1972.39,30,196,1,986.195,2.0,1972.39,22.0,0.0,-0.0,1.0,0.13079900253601917,Loyal,257.9866446120189
17724,71,3,1009.2,138,37,1,336.40000000000003,2.0,636.1,33.5,1.0,0.013426476416963932,0.8524524256231573,0.2555607525203023,Loyal,257.9119114434891
18056,288,1,363.65,288,19,1,363.65,0.0,0.0,289.0,0.0,-0.0,1.0,0.7089102455262134,Hibernating,257.7952107856075
14014,77,1,505.18,77,39,1,505.18,1.0,505.18,78.0,0.0,-0.0,1.0,0.5102206031130812,Hibernating,257.75324428066637
16838,197,2,588.85,288,24,1,294.425,0.0,0.0,90.0,1.0,0.01010444085930203,1.0,0.4375865805653095,Hibernating,257.67285796588254
15922,373,1,369.5,373,11,1,369.5,0.0,0.0,374.0,1.0,0.015967523680649527,1.0,0.6966554844060936,Hibernating,257.41420148805156
15079,212,4,895.61,365,46,1,223.9025,0.0,0.0,50.666666666666664,1.0,0.0021772869887562666,1.0,0.287256981620373,At risk (was loyal),257.27022530902224
17438,253,1,388.45000000000005,253,17,1,388.45000000000005,0.0,0.0,254.0,1.0,0.026129488994722613,1.0,0.6622030401428076,Hibernating,257.23277094347367
15274,4,2,716.57,18,44,1,358.285,2.0,716.57,14.0,0.0,-0.0,1.0,0.3586682368299033,Loyal,257.0108984652038
14079,124,1,375.1,124,12,1,375.1,0.0,0.0,125.0,0.0,-0.0,1.0,0.6847126478258504,Hibernating,256.8357141994765
13833,159,1,383.85,159,28,1,383.85,0.0,0.0,160.0,0.0,-0.0,1.0,0.6687924667629892,Hibernating,256.7159883669734
17731,79,4,929.2,183,48,1,232.3,1.0,276.37,34.333333333333336,1.0,0.05488592337494619,1.2700243554983686,0.2762424079241075,At risk (was loyal),256.6844454430807
15252,36,2,740.78,183,44,1,370.39,1.0,440.23,146.0,0.0,-0.0,1.4647479620695392,0.34636390880458917,Loyal,256.57945636426354
14127,122,3,709.71,310,39,1,236.57000000000002,0.0,0.0,93.0,0.0,-0.0,1.0,0.3613835215134185,Hibernating,256.4774990532883
14886,252,1,364.8,252,18,1,364.8,0.0,0.0,253.0,0.0,-0.0,1.0,0.7029543307945748,Hibernating,256.4377398738609
14474,46,1,547.66,46,29,1,547.66,1.0,547.66,47.0,1.0,0.01816820655151006,1.0,0.46820714499297755,Needs attention,256.41832502685406
13023,64,2,599.9,129,35,1,299.95,1.0,308.5,65.0,0.0,-0.0,1.058682223747426,0.4272396106781514,Needs attention,256.30104244582304
14338,161,2,588.22,196,30,1,294.11,0.0,0.0,35.0,2.0,0.057801502839073815,1.0,0.43522582552544353,Hibernating,256.0085350905764
15855,136,5,712.24,263,59,1,142.448,0.0,0.0,31.5,0.0,-0.0,1.0,0.3592807542748989,At risk (was loyal),255.894124424754
17088,28,4,1991.01,253,96,1,497.7525,2.0,591.9,74.66666666666667,0.0,-0.0,0.4230546561742822,0.12850654559931463,Champions,255.85781735369142
12649,107,3,569.51,212,27,0,189.83666666666667,0.0,0.0,52.5,1.0,0.03476672929360327,1.0,0.4485847075477843,Hibernating,255.47347679553863
17425,19,2,759.17,60,42,1,379.585,2.0,759.17,41.0,0.0,-0.0,1.0,0.3362710013181662,Loyal,255.2868560707122
13285,23,4,2709.12,290,157,1,677.28,1.0,739.02,88.33333333333333,0.0,-0.0,1.1253540429419828,0.09415585097561724,Champions,255.07949899506417
14888,207,1,369.2,207,20,1,369.2,0.0,0.0,208.0,0.0,-0.0,1.0,0.6907741920614946,Hibernating,255.0338317091038
16431,213,3,623.28,297,51,1,207.76,0.0,0.0,42.0,0.0,-0.0,1.0,0.4087647144773232,At risk (was loyal),254.774871239426
15786,46,3,4919.0,114,257,1,1639.6666666666667,2.0,1771.36,34.0,2.0,0.019922748526123194,0.28137906495024845,0.051790388559618435,Loyal,254.75692132476308
17856,1,4,1418.03,281,12,1,354.5075,1.0,275.4,92.66666666666667,2.0,0.017094137641657795,0.7230687099060938,0.1791999277414485,Champions,254.1108735352062
18177,31,6,1313.6200000000001,255,52,1,218.9366666666667,1.0,303.6,44.4,0.0,-0.0,1.5029405358309738,0.19338378416945903,Champions,254.0328065606848
17849,218,4,605.8000000000001,333,14,1,151.45000000000002,0.0,0.0,38.0,0.0,-0.0,1.0,0.419308697786213,At risk (was loyal),254.01720911888785
13035,73,2,896.68,260,22,1,448.34,1.0,563.68,186.0,1.0,0.011208011776776555,1.6927327327327326,0.2832309760266076,Hibernating,253.96755158353847
12410,308,2,533.33,308,25,0,266.665,0.0,0.0,0.0,1.0,0.02296889355558472,1.0,0.47540258488999626,Hibernating,253.54646059938173
12816,95,2,452.20000000000005,176,26,0,226.10000000000002,0.0,0.0,80.0,0.0,-0.0,1.0,0.5598179860800867,Hibernating,253.14969330541524
14496,311,2,538.8100000000001,373,16,1,269.40500000000003,0.0,0.0,61.0,0.0,-0.0,1.0,0.46951678722067774,Hibernating,252.9803401223734
17948,147,1,358.56000000000006,147,1,1,358.56000000000006,0.0,0.0,148.0,0.0,-0.0,1.0,0.7051798880808653,Hibernating,252.8493006702751
15067,78,3,1744.76,282,82,1,581.5866666666667,2.0,896.71,102.0,0.0,-0.0,0.5286893461470432,0.144825421184049,Hibernating,252.68560186508134
15073,9,2,612.43,185,31,1,306.215,1.0,181.45,175.0,0.0,-0.0,0.4210172165761752,0.4125527531352055,Loyal,252.65968260259388
14158,40,1,507.66,40,41,1,507.66,1.0,507.66,41.0,0.0,-0.0,1.0,0.4976689716797548,Needs attention,252.64663016294435
17522,1,5,1066.15,218,58,1,213.23000000000002,1.0,158.45999999999998,53.75,0.0,-0.0,0.6983000804239331,0.2369418452952394,Champions,252.6155483615195
15557,28,1,468.91,28,16,1,468.91,1.0,468.91,29.0,0.0,-0.0,1.0,0.5385059839987774,New / recent,252.5108409568667
15739,66,1,449.12,66,8,1,449.12,1.0,449.12,67.0,0.0,-0.0,1.0,0.5620235680521267,Needs attention,252.41602488357117
13976,206,1,357.98,206,10,1,357.98,0.0,0.0,207.0,0.0,-0.0,1.0,0.7047264861070623,Hibernating,252.2779874966062
13397,72,5,1544.13,339,28,1,308.826,1.0,315.94,66.0,1.0,0.003205688640205164,1.028961317060064,0.1632961302414222,At risk (was loyal),252.1504535896873
16147,133,1,375.0,133,22,1,375.0,0.0,0.0,134.0,0.0,-0.0,1.0,0.6720714433010918,Hibernating,252.02679123790944
14304,222,1,383.45,222,17,1,383.45,0.0,0.0,223.0,1.0,0.48598252705698275,1.0,0.6570917155995114,Hibernating,251.96181834663264
13748,95,5,948.25,373,24,1,189.65,0.0,0.0,69.25,0.0,-0.0,1.0,0.2655611958293,At risk (was loyal),251.81840394513372
18216,31,1,481.75,31,26,1,481.75,1.0,481.75,32.0,0.0,-0.0,1.0,0.5219067785585348,New / recent,251.42859057057416
13213,56,5,1520.58,199,82,1,304.116,1.0,556.7,35.25,1.0,0.0014139341567033631,2.3102460887247376,0.16531704148468887,Loyal,251.37778694078818
12982,242,1,390.54,242,28,1,390.54,0.0,0.0,243.0,1.0,0.03415783274440518,1.0,0.6431204408433902,Hibernating,251.1642569669776
13149,14,4,1676.06,289,76,1,419.015,1.0,543.4399999999999,91.0,0.0,-0.0,1.4394236372304918,0.14984702110793457,Champions,251.1525981981648
15789,358,1,351.3,358,25,1,351.3,0.0,0.0,359.0,0.0,-0.0,1.0,0.7148651272457734,Hibernating,251.13211920144022
15830,37,1,556.2,37,38,1,556.2,1.0,556.2,38.0,1.0,0.015282272563825961,1.0,0.45061277848104586,Needs attention,250.63082739115774
13732,28,1,491.86,28,33,1,491.86,1.0,491.86,29.0,0.0,-0.0,1.0,0.5089440676229179,New / recent,250.3292291010084
12667,58,1,460.13,58,32,0,460.13,1.0,460.13,59.0,0.0,-0.0,1.0,0.5434537230495445,Needs attention,250.05936158678693
13248,124,2,465.68,189,25,1,232.84,0.0,0.0,64.0,0.0,-0.0,1.0,0.5361443624822789,Hibernating,249.67170672074766
12465,17,2,682.1899999999999,169,45,0,341.09499999999997,1.0,271.25,152.0,1.0,0.01216669842712441,0.6600720299800458,0.3659318623786423,New / recent,249.63505719608597
17990,236,3,630.84,361,27,1,210.28,0.0,0.0,62.0,0.0,-0.0,1.0,0.3955670308923733,At risk (was loyal),249.53950576814478
13038,80,3,908.46,290,24,1,302.82,1.0,316.70000000000005,104.5,0.0,-0.0,1.0703663647424633,0.2746100315687319,Hibernating,249.47222927893023
15368,21,1,446.94000000000005,21,4,1,446.94000000000005,1.0,446.94000000000005,22.0,0.0,-0.0,1.0,0.5578407485785618,New / recent,249.32134416970246
16099,50,3,731.9,225,29,1,243.96666666666667,1.0,139.8,87.5,0.0,-0.0,0.47221753082249623,0.3399100421627282,Loyal,248.78015985890076
16159,281,1,348.2,281,14,1,348.2,0.0,0.0,282.0,0.0,-0.0,1.0,0.7144553037056925,Hibernating,248.77333675032213
14250,7,3,1904.05,89,94,1,634.6833333333333,3.0,1904.05,41.0,0.0,-0.0,1.0,0.13043199277453438,Loyal,248.34903584235218
17105,159,2,665.78,306,80,1,332.89,0.0,0.0,147.0,0.0,-0.0,1.0,0.372999177885399,Hibernating,248.33539265254092
16881,66,1,432.0,66,1,1,432.0,1.0,432.0,67.0,0.0,-0.0,1.0,0.5744109264261676,Needs attention,248.14552021610442
14815,36,2,778.5,67,53,1,389.25,2.0,778.5,31.0,0.0,-0.0,1.0,0.3187348592457146,Loyal,248.1350879227888
14414,91,7,1496.98,358,79,1,213.8542857142857,0.0,0.0,44.0,1.0,0.007915937420673624,1.0,0.16575121018371305,At risk (was loyal),248.12624662081478
14882,26,2,589.7,33,6,1,294.85,2.0,589.7,7.0,0.0,-0.0,1.0,0.4207347035865798,Loyal,248.1072547050061
15524,24,1,440.0,24,1,1,440.0,1.0,440.0,25.0,0.0,-0.0,1.0,0.5638741755909955,New / recent,248.10463726003803
17466,10,2,763.28,78,41,1,381.64,2.0,763.28,68.0,0.0,-0.0,1.0,0.3242239370555587,Loyal,247.47364667576682
16496,8,3,1562.22,316,90,1,520.74,1.0,414.48,153.5,0.0,-0.0,0.7222541690626797,0.15815641884615037,Champions,247.07512064983302
14277,15,3,3892.8,212,191,0,1297.6000000000001,2.0,2522.97,98.0,0.0,-0.0,0.9209062438404767,0.06346678458519829,Loyal,247.06349903325992
16769,260,1,361.54,260,33,1,361.54,0.0,0.0,261.0,0.0,-0.0,1.0,0.6833457730441436,Hibernating,247.0568307863797
17637,31,2,547.0600000000001,115,35,1,273.53000000000003,1.0,208.11,83.0,0.0,-0.0,0.6139843634754389,0.4513516253671967,Loyal,246.91642017337864
15247,122,1,356.0,122,6,1,356.0,0.0,0.0,123.0,0.0,-0.0,1.0,0.6930130976422848,Hibernating,246.7126627606534
18228,56,2,779.9,79,23,1,389.95,2.0,779.9,22.0,1.0,0.013719707654827542,1.0,0.31632037443780486,Loyal,246.698260024044
13297,7,4,2089.85,67,52,1,522.4625,4.0,2089.85,19.666666666666668,0.0,-0.0,1.0,0.1180237976960203,Champions,246.65203361502802
17591,73,7,2192.7200000000003,367,81,1,313.2457142857143,1.0,362.8,48.5,0.0,-0.0,1.1895601993529772,0.11242346174762884,At risk (was loyal),246.51317304326074
17374,218,2,495.77,281,24,1,247.885,0.0,0.0,62.0,0.0,-0.0,1.0,0.49717429368888494,Hibernating,246.48409958213847
12792,256,1,344.53999999999996,256,24,0,344.53999999999996,0.0,0.0,257.0,0.0,-0.0,1.0,0.7153141735277218,Hibernating,246.45434534724123
13402,127,2,621.23,372,32,1,310.615,0.0,0.0,244.0,0.0,-0.0,1.0,0.3964392370471459,Hibernating,246.27994723079846
14869,8,2,721.45,103,66,1,360.725,1.0,334.39,94.0,1.0,0.005197865409938318,0.8639229060094041,0.3410873057570749,Loyal,246.07743673844172
15405,189,1,349.1,189,8,1,349.1,0.0,0.0,190.0,0.0,-0.0,1.0,0.7040937889417973,Hibernating,245.79914171958146
12872,326,2,599.97,365,58,1,299.985,0.0,0.0,38.0,0.0,-0.0,1.0,0.40951517587904385,Hibernating,245.69682007214996
15342,129,1,392.59,129,23,1,392.59,0.0,0.0,130.0,1.0,0.0021141649048625794,1.0,0.625001614817119,Hibernating,245.36938396105273
13936,179,1,361.28,179,25,1,361.28,0.0,0.0,180.0,0.0,-0.0,1.0,0.67767945330768,Hibernating,244.83203289099862
12743,134,2,540.13,134,114,0,270.065,0.0,0.0,0.0,0.0,-0.0,1.0,0.45326842110471455,Hibernating,244.82387229128946
17480,77,1,511.82,77,29,1,511.82,1.0,511.82,78.0,1.0,0.010374741119924974,1.0,0.4777131751804967,Hibernating,244.50315732088183
15624,116,4,588.13,256,26,1,147.0325,0.0,0.0,46.0,0.0,-0.0,1.0,0.41554794921038074,At risk (was loyal),244.3962153691012
15764,88,6,3279.97,276,150,1,546.6616666666666,1.0,3.35,37.6,4.0,0.010518388887703243,0.005111975145119055,0.07442663053381159,At risk (was loyal),244.11711535198597
15636,89,2,724.76,282,20,1,362.38,1.0,418.06,192.0,0.0,-0.0,1.363090968373003,0.3368107692573679,Hibernating,244.10697312696996
13040,8,2,676.99,33,38,1,338.495,2.0,676.99,24.0,0.0,-0.0,1.0,0.3603998936129143,New / recent,243.98712397700686
16841,36,6,1774.62,287,101,1,295.77,1.0,308.76,49.6,0.0,-0.0,1.0531701526748802,0.13746478265129544,Loyal,243.9477525886419
12422,95,3,683.5600000000001,324,38,0,227.85333333333335,0.0,0.0,114.0,0.0,-0.0,1.0,0.35671484001926446,Hibernating,243.83599604356843
12388,15,6,2780.66,326,57,0,463.4433333333333,2.0,1112.3200000000002,61.8,0.0,-0.0,1.333445220998118,0.0876750780096592,Champions,243.79458241833893
12701,79,2,725.71,242,49,0,362.855,1.0,424.63,162.0,0.0,-0.0,1.4103560515477616,0.33572144638660173,Hibernating,243.63641085722077
16669,23,2,1344.48,78,140,1,672.24,2.0,1344.48,54.0,0.0,-0.0,1.0,0.18112111699280947,Loyal,243.5137193744925
14078,101,6,1049.37,373,46,1,174.89499999999998,0.0,0.0,53.8,0.0,-0.0,1.0,0.2319380678345407,At risk (was loyal),243.38885024353195
13771,64,4,2634.45,247,114,1,658.6125,2.0,1169.6,60.666666666666664,1.0,0.0010438611474880906,0.798443526640953,0.09236954289373105,Loyal,243.34294227638975
13740,240,1,350.75,240,23,1,350.75,0.0,0.0,241.0,0.0,-0.0,1.0,0.6935344569243964,Hibernating,243.25721076623205
16305,138,1,361.21999999999997,138,22,1,361.21999999999997,0.0,0.0,139.0,0.0,-0.0,1.0,0.6732508570591451,Hibernating,243.19167458690438
13062,191,1,346.98,191,11,1,346.98,0.0,0.0,192.0,0.0,-0.0,1.0,0.7003292812329145,Hibernating,243.00025400219667
13396,29,2,1344.64,319,41,1,672.32,1.0,973.72,290.0,1.0,0.014390468824369347,2.6251482799525503,0.18066187435549014,New / recent,242.92518273336628
14334,16,8,2539.46,358,97,1,317.4325,1.0,223.5,48.142857142857146,0.0,-0.0,0.6755298018964058,0.09564042614965174,Champions,242.8750365899946
18263,25,3,1213.1599999999999,252,59,1,404.3866666666666,1.0,401.76,112.5,1.0,0.0017145306472353195,0.990288390436283,0.20012546457269914,Champions,242.78420860101565
17537,29,2,887.67,303,74,1,443.835,1.0,266.92,273.0,0.0,-0.0,0.4299959726137737,0.2732484550762293,Loyal,242.55445611751645
14383,38,3,1247.69,163,49,1,415.8966666666667,2.0,1005.6,62.5,0.0,-0.0,2.076913544549548,0.19439728794312833,Loyal,242.5475521937618
14633,266,1,344.90000000000003,266,20,1,344.90000000000003,0.0,0.0,267.0,0.0,-0.0,1.0,0.7031698694175847,Hibernating,242.523287962125
14184,66,1,452.89,66,24,1,452.89,1.0,452.89,67.0,0.0,-0.0,1.0,0.5353664925142009,Needs attention,242.46213079475643
17569,332,1,344.14,332,29,1,344.14,0.0,0.0,333.0,0.0,-0.0,1.0,0.7041491116121334,Hibernating,242.3258752701996
17469,16,5,1857.81,204,60,1,371.562,2.0,820.7,46.75,1.0,0.007939455595566823,1.187000414613686,0.1304109231037574,Champions,242.27871705139154
12775,17,5,1246.24,311,45,0,249.248,1.0,206.36,73.0,0.0,-0.0,0.7937838981420933,0.19425597692752714,Champions,242.0895686861614
14472,103,8,1852.67,355,153,1,231.58375,0.0,0.0,35.285714285714285,0.0,-0.0,1.0,0.13060195942031652,At risk (was loyal),241.96233215923783
13052,212,1,348.15000000000003,212,18,1,348.15000000000003,0.0,0.0,213.0,0.0,-0.0,1.0,0.6948072686375846,Hibernating,241.89715057617508
14638,50,1,443.6,50,16,1,443.6,1.0,443.6,51.0,0.0,-0.0,1.0,0.5452402342798681,Needs attention,241.8685679265495
16823,227,1,358.38,227,34,1,358.38,0.0,0.0,228.0,0.0,-0.0,1.0,0.6748552424086052,Hibernating,241.85462177439592
12811,261,2,458.85,284,26,0,229.425,0.0,0.0,22.0,0.0,-0.0,1.0,0.5270088960957608,Hibernating,241.8180319735399
13887,204,1,349.55,204,19,1,349.55,0.0,0.0,205.0,0.0,-0.0,1.0,0.6917078070223139,Hibernating,241.78646394464985
13216,267,1,333.74,267,5,1,333.74,0.0,0.0,268.0,0.0,-0.0,1.0,0.7239133546510249,Hibernating,241.59884298123305
16755,114,3,1469.58,315,130,1,489.85999999999996,0.0,0.0,100.0,2.0,0.004320962451856993,1.0,0.1642980548109622,At risk (was loyal),241.44913538909384
18272,2,6,3078.58,246,99,1,513.0966666666667,2.0,972.13,48.2,1.0,0.004482586127370411,0.9230031569702581,0.07835573973004199,Champions,241.22441321811266
12657,11,3,1008.0600000000001,78,34,0,336.02000000000004,3.0,1008.0600000000001,33.0,0.0,-0.0,1.0,0.23923739974780453,Loyal,241.16565318977186
14124,84,1,419.58000000000004,84,4,1,419.58000000000004,1.0,419.58000000000004,85.0,0.0,-0.0,1.0,0.5744959709921948,Hibernating,241.04701950890515
15140,52,7,2354.25,264,74,1,336.32142857142856,2.0,626.14,35.0,1.0,0.0018052458320059466,0.9058161806829426,0.1023861664808138,Loyal,241.0426324374559
14867,185,3,710.28,336,31,1,236.76,0.0,0.0,75.0,1.0,0.01260066452666554,1.0,0.3392641811937047,Hibernating,240.9725626182646
17085,123,5,1552.45,362,115,1,310.49,0.0,0.0,59.25,1.0,0.0010628361621952396,1.0,0.155176852450739,At risk (was loyal),240.90430458714977
15047,269,1,343.62,269,22,1,343.62,0.0,0.0,270.0,0.0,-0.0,1.0,0.7010007919116729,Hibernating,240.87789211668903
16602,36,1,513.08,36,28,1,513.08,1.0,513.08,37.0,1.0,0.035764403211974743,1.0,0.46938107355099573,Needs attention,240.8300412175449
13350,16,2,829.17,79,34,1,414.585,2.0,829.17,63.0,1.0,0.02225116682948008,1.0,0.2903808870495381,New / recent,240.77512011486547
17507,261,2,605.58,309,79,1,302.79,0.0,0.0,47.0,0.0,-0.0,1.0,0.39750279197508276,Hibernating,240.71974076427063
15822,3,2,885.47,359,28,1,442.735,1.0,445.27,356.0,0.0,-0.0,1.0115174920490686,0.2718193696194488,Loyal,240.68789721693335
17123,161,1,345.29999999999995,161,9,1,345.29999999999995,0.0,0.0,162.0,0.0,-0.0,1.0,0.6969538824655936,Hibernating,240.65817561536946
15475,77,1,454.10999999999996,77,29,1,454.10999999999996,1.0,454.10999999999996,78.0,0.0,-0.0,1.0,0.5296752210433398,Hibernating,240.530814627991
17862,323,1,330.9,323,11,1,330.9,0.0,0.0,324.0,0.0,-0.0,1.0,0.7268980514400349,Hibernating,240.53056522150754
12373,311,1,324.6,311,13,0,324.6,0.0,0.0,312.0,0.0,-0.0,1.0,0.7406645469390737,Hibernating,240.41971193642334
12690,205,1,335.01,205,15,0,335.01,0.0,0.0,206.0,0.0,-0.0,1.0,0.7174193655541121,Hibernating,240.3426616542831
17700,16,4,2518.7400000000002,281,116,1,629.6850000000001,1.0,852.8100000000001,87.66666666666667,1.0,0.003910685501480899,1.5357367956636834,0.09535704915528241,Champions,240.17961398937604
13759,33,2,659.4100000000001,71,24,1,329.70500000000004,2.0,659.4100000000001,37.0,0.0,-0.0,1.0,0.3640756053522884,Needs attention,240.07509492535252
15722,35,5,2211.21,290,45,1,442.242,2.0,797.7600000000001,63.25,1.0,0.018700168685923092,0.8466093600764089,0.10847828264045493,Loyal,239.86826335740037
15800,107,2,696.89,246,116,1,348.445,0.0,0.0,139.0,0.0,-0.0,1.0,0.3440540260773234,Hibernating,239.7678102330259
18160,57,2,638.0600000000001,200,37,1,319.03000000000003,1.0,319.51,143.0,0.0,-0.0,1.0030136556270601,0.37563141678208367,Loyal,239.67538179197632
16545,164,1,339.3,164,3,1,339.3,0.0,0.0,165.0,0.0,-0.0,1.0,0.7060016588442484,Hibernating,239.54636284585348
14675,16,1,596.36,16,93,1,596.36,1.0,596.36,17.0,0.0,-0.0,1.0,0.40142117486779366,New / recent,239.39153184415744
14676,31,6,2548.2400000000002,283,29,1,424.7066666666667,2.0,857.32,49.8,2.0,0.0019621385740746554,1.0140278664868827,0.09392539473499653,Champions,239.34444787950758
16574,71,1,451.44,71,28,1,451.44,1.0,451.44,72.0,0.0,-0.0,1.0,0.5300173851104538,Needs attention,239.27104833426327
13941,21,5,5112.96,372,24,1,1022.592,2.0,2281.7000000000003,87.25,2.0,0.039223854675178374,1.2088434124735983,0.04679194425897737,Champions,239.24533931838093
12909,39,5,2136.22,253,78,1,427.24399999999997,2.0,650.3,53.25,1.0,0.003459381524374831,0.6564619898783245,0.11194323450563226,Loyal,239.13537641562172
16105,248,1,336.96,248,13,1,336.96,0.0,0.0,249.0,0.0,-0.0,1.0,0.7092571236192992,Hibernating,238.99128037475904
15658,190,4,1002.85,372,40,1,250.7125,0.0,0.0,60.333333333333336,2.0,0.04382509846936232,1.0,0.23822868917879161,At risk (was loyal),238.90764094295116
16737,53,1,417.59999999999997,53,1,1,417.59999999999997,1.0,417.59999999999997,54.0,0.0,-0.0,1.0,0.5720601859792701,Needs attention,238.89233366494318
14240,30,2,890.34,225,37,1,445.17,1.0,663.49,195.0,0.0,-0.0,2.92479612078466,0.2682068897404224,Loyal,238.79532221148767
16850,333,1,332.41,333,19,1,332.41,0.0,0.0,334.0,0.0,-0.0,1.0,0.7181453646070465,Hibernating,238.71870064902834
16404,70,1,443.05,70,23,1,443.05,1.0,443.05,71.0,0.0,-0.0,1.0,0.5385381239830923,Needs attention,238.59931583070906
16065,365,1,367.14,365,71,1,367.14,0.0,0.0,366.0,0.0,-0.0,1.0,0.649828931152752,Hibernating,238.57819378342134
12684,7,6,2073.63,213,59,0,345.605,3.0,832.15,40.6,0.0,-0.0,0.6702886876953313,0.1149095801093915,Champions,238.2799526022375
15027,30,4,1066.1499999999999,238,30,1,266.53749999999997,1.0,99.18,68.66666666666667,2.0,0.013318951367068425,0.30770344478112044,0.2234526381081099,Champions,238.23403011896133
13165,46,2,1021.48,351,40,1,510.74,1.0,666.84,305.0,0.0,-0.0,1.8803293480712837,0.23319824182903692,Needs attention,238.20734006352464
16200,4,2,1068.8700000000001,164,149,1,534.4350000000001,1.0,518.3,159.0,0.0,-0.0,0.9413880160560871,0.22258478625824615,Loyal,237.9142004878516
13300,169,1,371.89,169,20,1,371.89,0.0,0.0,170.0,1.0,0.017747183306891824,1.0,0.6390064508571827,Hibernating,237.64010900927767
12615,2,4,2093.19,168,81,0,523.2975,3.0,1512.45,55.0,0.0,-0.0,0.8681165409649758,0.11345021557706976,Champions,237.47285674376667
18240,46,1,422.58,46,6,1,422.58,1.0,422.58,47.0,0.0,-0.0,1.0,0.5619084914911171,Needs attention,237.45129033431627
13815,22,4,3667.36,318,131,0,916.84,2.0,977.61,98.66666666666667,1.0,0.0033948126172505563,0.3634575704061716,0.06471541052000783,Champions,237.33470792465593
12571,39,2,519.61,121,31,0,259.805,1.0,271.26,81.0,0.0,-0.0,1.092248842359573,0.4566576661621381,Needs attention,237.2838899145086
16224,57,4,1295.3,249,90,1,323.825,1.0,429.42,63.666666666666664,0.0,-0.0,1.4878043146856375,0.18315900120801012,Loyal,237.2458542647355
12740,63,1,427.6,63,27,0,427.6,1.0,427.6,64.0,0.0,-0.0,1.0,0.5546972071637507,Needs attention,237.1885257832198
12784,15,1,476.82,15,53,0,476.82,1.0,476.82,16.0,0.0,-0.0,1.0,0.4970398647435351,New / recent,236.9985483070124
17146,105,3,749.78,358,33,1,249.92666666666665,0.0,0.0,126.0,0.0,-0.0,1.0,0.316000505359822,At risk (was loyal),236.93085890868733
12530,59,4,1482.43,336,49,0,370.6075,1.0,404.63,92.0,1.0,0.014031016641595218,1.1262664687326034,0.15970459434403975,Loyal,236.75088179343484
17697,236,1,338.95,236,19,1,338.95,0.0,0.0,237.0,0.0,-0.0,1.0,0.6984372732341936,Hibernating,236.7353137627299
13538,43,7,1280.85,315,10,1,182.97857142857143,1.0,290.1,45.0,0.0,-0.0,1.7568508705526118,0.18443712034776766,Loyal,236.23628559743818
15103,31,2,703.36,86,35,1,351.68,2.0,703.36,55.0,0.0,-0.0,1.0,0.3357529026924472,Loyal,236.15516163775965
15716,145,4,1101.1100000000001,369,101,1,275.27750000000003,0.0,0.0,74.0,0.0,-0.0,1.0,0.21441206862227002,At risk (was loyal),236.0912728806678
14012,277,1,328.8,277,11,1,328.8,0.0,0.0,278.0,0.0,-0.0,1.0,0.7178583702371993,Hibernating,236.03183213399114
16236,78,1,432.2,78,20,1,432.2,1.0,432.2,79.0,0.0,-0.0,1.0,0.5460486930282294,Hibernating,236.00224512680077
14420,99,1,387.52,99,29,1,387.52,0.0,0.0,100.0,1.0,0.00425784475639967,1.0,0.6086211802750107,Hibernating,235.85287978017212
18006,23,1,444.68,23,21,1,444.68,1.0,444.68,24.0,0.0,-0.0,1.0,0.5302955712815581,New / recent,235.8118346374833
16735,78,5,2227.61,334,88,1,445.52200000000005,1.0,306.26,63.5,2.0,0.005184929139301763,0.6375933588362349,0.10578887389245023,At risk (was loyal),235.65635337156107
15944,276,1,325.1,276,6,1,325.1,0.0,0.0,277.0,0.0,-0.0,1.0,0.7244000361203985,Hibernating,235.50245174274156
13280,122,3,798.46,337,67,1,266.15333333333336,0.0,0.0,106.5,0.0,-0.0,1.0,0.2947841257961533,Hibernating,235.3733330831966
14625,196,2,899.63,361,51,1,449.815,0.0,0.0,164.0,3.0,0.05685670775763369,1.0,0.26162153190105536,Hibernating,235.36257874414642
14108,30,2,597.91,101,33,1,298.955,1.0,306.58,70.0,1.0,0.006271846933484973,1.052346136683486,0.39344380615138247,Loyal,235.24398613597307
15384,169,2,642.41,359,34,1,321.205,0.0,0.0,189.0,1.0,0.010351644588347007,1.0,0.3660700478767555,Hibernating,235.1670594565065
13706,302,1,330.79,302,20,1,330.79,0.0,0.0,303.0,0.0,-0.0,1.0,0.7105857093996973,Hibernating,235.0546468123259
13245,50,1,430.5,50,16,1,430.5,1.0,430.5,51.0,0.0,-0.0,1.0,0.545950600490787,Needs attention,235.03173351128382
12491,38,1,424.40000000000003,38,24,0,424.40000000000003,1.0,424.40000000000003,39.0,0.0,-0.0,1.0,0.5537580064756346,Needs attention,235.01489794825932
13548,96,2,678.16,243,114,1,339.08,0.0,0.0,147.0,0.0,-0.0,1.0,0.3465113321576926,Hibernating,234.9901250160608
15885,93,1,349.35,93,16,1,349.35,0.0,0.0,94.0,0.0,-0.0,1.0,0.672434469506806,Hibernating,234.91498192220268
14081,302,2,901.72,369,124,1,450.86,0.0,0.0,67.0,1.0,0.011034467462183381,1.0,0.2603902111031713,Hibernating,234.79906115595162
15360,39,1,427.93,39,13,1,427.93,1.0,427.93,40.0,0.0,-0.0,1.0,0.548379017104294,Needs attention,234.66783278944055
14224,110,4,1009.73,320,105,1,252.4325,0.0,0.0,69.33333333333333,0.0,-0.0,1.0,0.2323299002477838,At risk (was loyal),234.59047017719473
13210,93,1,353.48,93,22,1,353.48,0.0,0.0,94.0,0.0,-0.0,1.0,0.663518285509696,Hibernating,234.54044356196738
13525,14,2,628.78,248,5,1,314.39,1.0,345.9,233.0,0.0,-0.0,1.2227799773755657,0.37292980823055577,New / recent,234.49080481920885
14932,365,1,313.53,365,16,0,313.53,0.0,0.0,366.0,0.0,-0.0,1.0,0.7470139586138295,Hibernating,234.21128644419395
13291,155,1,361.11,155,41,1,361.11,0.0,0.0,156.0,0.0,-0.0,1.0,0.6485626763738237,Hibernating,234.2024680653515
16063,260,1,335.32,260,23,1,335.32,0.0,0.0,261.0,0.0,-0.0,1.0,0.6977966157344961,Hibernating,233.98516118809124
17715,200,1,326.4,200,1,1,326.4,0.0,0.0,201.0,0.0,-0.0,1.0,0.7160907709067894,Hibernating,233.73202762397605
18250,310,1,349.27,310,21,1,349.27,0.0,0.0,311.0,1.0,0.0181807770492742,1.0,0.668964239334979,Hibernating,233.64913987252808
12364,7,4,1208.1,112,69,0,302.025,3.0,629.18,34.333333333333336,0.0,-0.0,0.362272277113706,0.1932685217584773,Champions,233.4877011364164
16625,274,1,333.08,274,23,1,333.08,0.0,0.0,275.0,0.0,-0.0,1.0,0.7007015177350023,Hibernating,233.38966152717455
15204,357,1,316.58,357,9,1,316.58,0.0,0.0,358.0,0.0,-0.0,1.0,0.7361655830274559,Hibernating,233.05530027483198
14233,49,4,1462.72,317,30,1,365.68,1.0,503.62,89.0,1.0,0.010398435790855393,1.5752893337503908,0.15932885249720763,Loyal,233.05349912471556
14870,261,1,327.25,261,13,1,327.25,0.0,0.0,262.0,0.0,-0.0,1.0,0.7119460004061533,Hibernating,232.98432863291367
12365,291,1,320.69,291,21,0,320.69,0.0,0.0,292.0,0.0,-0.0,1.0,0.7264128393456721,Hibernating,232.9533334497636
15803,51,1,415.82000000000005,51,8,1,415.82000000000005,1.0,415.82000000000005,52.0,0.0,-0.0,1.0,0.560191813964796,Needs attention,232.9389600828415
13914,11,2,613.95,36,27,1,306.975,2.0,613.95,24.0,0.0,-0.0,1.0,0.3794061716496663,Loyal,232.93641908431263
15523,84,1,412.01000000000005,84,10,1,412.01000000000005,1.0,412.01000000000005,85.0,0.0,-0.0,1.0,0.5650799747724184,Hibernating,232.81860040598414
16603,74,2,482.47,91,34,1,241.235,1.0,185.85,16.0,0.0,-0.0,0.6265592340368148,0.4819932969679136,Hibernating,232.5473059881093
15990,44,2,792.11,287,52,1,396.055,1.0,390.74,243.0,0.0,-0.0,0.9735157086977103,0.2931262328636283,Loyal,232.18822031360864
16030,309,1,331.24,309,28,1,331.24,0.0,0.0,310.0,0.0,-0.0,1.0,0.7009152648629601,Hibernating,232.1711723332069
15120,133,1,343.82,133,20,1,343.82,0.0,0.0,134.0,0.0,-0.0,1.0,0.6752312136637179,Hibernating,232.15799588185948
13675,151,2,486.82000000000005,284,25,1,243.41000000000003,0.0,0.0,133.0,0.0,-0.0,1.0,0.47667801088742007,Hibernating,232.05638926021385
14631,50,3,1006.98,298,38,1,335.66,1.0,376.90000000000003,123.5,0.0,-0.0,1.1963560182833928,0.23034330422818503,Loyal,231.95110049169776
17387,19,2,746.81,33,71,1,373.405,2.0,746.81,13.0,0.0,-0.0,1.0,0.31057564681948785,Loyal,231.9409988012617
12620,14,3,1303.41,204,88,0,434.47,2.0,741.75,94.5,0.0,-0.0,0.6603194103194103,0.17784739115082626,Loyal,231.80806809989846
14196,106,1,335.52,106,6,1,335.52,0.0,0.0,107.0,0.0,-0.0,1.0,0.6898051010640157,Hibernating,231.44340750899855
12403,49,1,391.7,49,4,0,391.7,1.0,391.7,50.0,0.0,-0.0,1.0,0.5908254820894149,Needs attention,231.4263413344238
16520,186,3,1036.6200000000001,365,128,1,345.54,0.0,0.0,89.0,0.0,-0.0,1.0,0.2232347628433843,At risk (was loyal),231.40961985870908
13918,49,2,1212.8400000000001,253,30,1,606.4200000000001,1.0,1014.64,203.0,0.0,-0.0,5.0,0.19075493928430884,Loyal,231.35522056158115
15930,67,1,426.63,67,21,1,426.63,1.0,426.63,68.0,0.0,-0.0,1.0,0.5420162829101023,Needs attention,231.24040677793693
13239,261,1,329.56,261,21,1,329.56,0.0,0.0,262.0,0.0,-0.0,1.0,0.700850901592415,Hibernating,230.9724231287963
15757,65,2,714.42,217,43,1,357.21,1.0,453.06,152.0,0.0,-0.0,1.7334710743801651,0.32328631547710296,Loyal,230.96220950315188
14640,24,6,2031.15,227,82,1,338.52500000000003,2.0,557.74,40.2,1.0,0.0032986239322551265,0.7570737269327614,0.11370287262164422,Champions,230.94758972545267
15942,133,1,337.44,133,14,1,337.44,0.0,0.0,134.0,0.0,-0.0,1.0,0.6840006995196495,Hibernating,230.8091960459105
13602,64,1,428.89,64,23,1,428.89,1.0,428.89,65.0,0.0,-0.0,1.0,0.537844315346713,Needs attention,230.6760484090517
12991,23,2,503.76,112,31,1,251.88,1.0,200.2,89.0,0.0,-0.0,0.6595071814468308,0.45743628586174456,New / recent,230.43810336571244
15269,23,1,408.8,23,2,1,408.8,1.0,408.8,24.0,0.0,-0.0,1.0,0.5636687098127986,New / recent,230.4277685714721
15492,28,2,659.4599999999999,74,32,1,329.72999999999996,2.0,659.4599999999999,46.0,0.0,-0.0,1.0,0.34930703222327697,Loyal,230.3540154699622
14757,75,1,420.5,75,19,1,420.5,1.0,420.5,76.0,0.0,-0.0,1.0,0.5476081330796398,Hibernating,230.26921995998856
15210,225,1,331.18,225,20,1,331.18,0.0,0.0,226.0,0.0,-0.0,1.0,0.6947978305105913,Hibernating,230.10314550849762
15236,298,1,321.05,298,15,1,321.05,0.0,0.0,299.0,0.0,-0.0,1.0,0.7166720295314093,Hibernating,230.08755508105895
12700,7,4,4525.99,215,192,0,1131.4975,2.0,2574.94,68.66666666666667,0.0,-0.0,1.3197714051408216,0.050818314149900456,Champions,230.00318165930796
15433,213,2,533.3,267,40,1,266.65,0.0,0.0,53.0,1.0,0.21644477779861243,1.0,0.4312180746520609,Hibernating,229.96859921194405
13737,200,1,339.59999999999997,200,29,1,339.59999999999997,0.0,0.0,201.0,0.0,-0.0,1.0,0.6764997059628374,Hibernating,229.73930014497955
14116,19,5,1382.74,121,61,1,276.548,3.0,753.87,25.0,0.0,-0.0,0.7991794806557794,0.1661082248497017,Champions,229.6844868286765
15230,239,2,429.6,240,23,1,214.8,0.0,0.0,1.0,0.0,-0.0,1.0,0.5343830135132623,Hibernating,229.57094260529752
16188,44,4,981.86,242,65,1,245.465,1.0,226.83,65.66666666666667,0.0,-0.0,0.901275446008768,0.23359613806241616,Loyal,229.35870411796392
16096,264,1,320.62,264,12,1,320.62,0.0,0.0,265.0,0.0,-0.0,1.0,0.7139594875223312,Hibernating,228.90969088940983
15315,64,2,551.54,116,34,1,275.77,1.0,336.96,51.0,0.0,-0.0,1.570323422499767,0.41503223112136417,Loyal,228.9068767526772
12614,277,1,315.6,277,20,0,315.6,0.0,0.0,278.0,0.0,-0.0,1.0,0.7250401941148779,Hibernating,228.82268526265545
16025,29,1,439.65999999999997,29,28,1,439.65999999999997,1.0,439.65999999999997,30.0,0.0,-0.0,1.0,0.5203812117407508,New / recent,228.79080355393847
15091,67,1,480.71,67,30,1,480.71,1.0,480.71,68.0,1.0,0.00780096107840486,1.0,0.47528603312720236,Needs attention,228.47474898457745
12793,334,2,461.48,371,20,0,230.74,0.0,0.0,36.0,0.0,-0.0,1.0,0.49459283706005097,Hibernating,228.24470244647233
12609,78,3,964.85,318,56,0,321.6166666666667,1.0,290.12,120.0,0.0,-0.0,0.8599587983341485,0.23653278504565511,Hibernating,228.21865765130033
17621,21,3,1379.9,354,24,1,459.9666666666667,1.0,478.12,166.0,1.0,0.03174143053844481,1.060391669808601,0.16530325487374864,Champions,228.10196140028577
15092,215,2,457.81,283,23,1,228.905,0.0,0.0,68.0,0.0,-0.0,1.0,0.4975974877798139,Hibernating,227.8051058804766
16515,52,5,1624.14,311,89,1,324.82800000000003,1.0,376.78000000000003,64.25,0.0,-0.0,1.2082478193945614,0.1401775664577299,Loyal,227.66799278665746
15970,303,1,314.1,303,11,1,314.1,0.0,0.0,304.0,0.0,-0.0,1.0,0.7230937372727482,Hibernating,227.1237428773702
12640,23,3,994.58,81,46,0,331.5266666666667,3.0,994.58,28.5,0.0,-0.0,1.0,0.22834670688247202,Loyal,227.10906773116903
12781,63,2,750.98,284,23,0,375.49,1.0,237.48,221.0,2.0,0.10554209166688859,0.46247322297955207,0.30237198320406894,Needs attention,227.0753119465917
12925,4,2,694.05,74,42,1,347.025,2.0,694.05,70.0,0.0,-0.0,1.0,0.3271093628147565,New / recent,227.03025326158172
15551,36,1,436.06,36,29,1,436.06,1.0,436.06,37.0,0.0,-0.0,1.0,0.5206256241594436,Needs attention,227.02400967096696
17179,178,3,711.79,361,56,1,237.26333333333332,0.0,0.0,91.5,0.0,-0.0,1.0,0.3188612762784257,At risk (was loyal),226.96226784222063
13481,45,4,1789.56,256,97,1,447.39,1.0,443.23,69.66666666666667,2.0,0.007124656340105948,0.9876404744750545,0.12663530897339395,Loyal,226.62148352642689
15128,60,4,1451.5,219,74,1,362.875,1.0,300.76,52.333333333333336,3.0,0.019462624870823286,0.7840867615621252,0.15611585703503264,Loyal,226.6021664863499
13015,53,5,3339.64,249,156,1,667.928,1.0,1576.6,48.5,0.0,-0.0,3.577003357836464,0.06783320575217731,Loyal,226.53848725820143
13345,287,1,339.5,287,19,1,339.5,0.0,0.0,288.0,1.0,0.03505154639175257,1.0,0.6670518198315454,Hibernating,226.46409283280965
16284,31,2,812.68,50,87,1,406.34,2.0,812.68,19.0,0.0,-0.0,1.0,0.27866269173496605,Loyal,226.46359631917218
17265,138,2,550.01,180,106,1,275.005,0.0,0.0,41.0,0.0,-0.0,1.0,0.4113582348948759,Hibernating,226.25114277453068
12999,196,3,455.88,245,25,1,151.96,0.0,0.0,24.0,0.0,-0.0,1.0,0.4962690271555888,Hibernating,226.2391240996898
13494,311,1,316.26000000000005,311,18,1,316.26000000000005,0.0,0.0,312.0,0.0,-0.0,1.0,0.7152241138605229,Hibernating,226.196778249529
16880,30,7,1491.43,189,121,1,213.0614285714286,1.0,398.31,26.0,0.0,-0.0,2.1862741510538637,0.1514569376662859,Champions,225.8874205436288
17048,117,3,885.4,331,40,1,295.1333333333333,0.0,0.0,106.0,2.0,0.023808448159024168,1.0,0.25505490408066445,At risk (was loyal),225.8256120730203
17616,173,3,571.1999999999999,367,1,1,190.39999999999998,0.0,0.0,96.5,0.0,-0.0,1.0,0.39486684903125413,At risk (was loyal),225.54794416665234
13159,8,4,1429.35,115,114,1,357.3375,2.0,586.26,35.0,1.0,0.04064784692342674,0.6953706010034516,0.1577718333678372,Champions,225.5111700243181
15158,45,1,401.40000000000003,45,7,1,401.40000000000003,1.0,401.40000000000003,46.0,0.0,-0.0,1.0,0.5611631855782592,Needs attention,225.25090269111325
14142,373,1,311.81,373,22,1,311.81,0.0,0.0,374.0,0.0,-0.0,1.0,0.7221547451548934,Hibernating,225.17507108674732
12592,92,2,401.6,213,10,0,200.8,0.0,0.0,121.0,0.0,-0.0,1.0,0.5606242446981776,Hibernating,225.14669667078815
12613,57,4,3015.88,262,120,0,753.97,1.0,1679.36,68.0,1.0,0.016214172977704683,3.769550773650974,0.07461730287197671,Loyal,225.0368313855371
18217,29,2,621.75,70,27,1,310.875,2.0,621.75,41.0,0.0,-0.0,1.0,0.36162925162189363,Loyal,224.84298719591237
15363,372,1,326.0,372,16,1,326.0,0.0,0.0,373.0,1.0,0.024386503067484664,1.0,0.6896758820089989,Hibernating,224.83433753493364
12697,28,3,757.59,169,36,0,252.53,1.0,183.68,69.5,2.0,0.0245119391755435,0.640100364168598,0.29660443720702073,Loyal,224.70455558366686
15130,169,1,330.11,169,22,1,330.11,0.0,0.0,170.0,0.0,-0.0,1.0,0.680128870327427,Hibernating,224.5173413837869
15652,91,1,337.74,91,21,1,337.74,0.0,0.0,92.0,0.0,-0.0,1.0,0.664684586805725,Hibernating,224.49057234776555
13510,1,4,1791.56,183,86,1,447.89,2.0,893.75,60.0,1.0,0.0035723057000602828,0.995477885075907,0.12528656752541487,Champions,224.45840291583224
15681,28,4,946.36,280,25,1,236.59,1.0,243.14000000000001,84.0,0.0,-0.0,1.0372571883621058,0.23704728826868116,Champions,224.3320717259491
13484,241,1,313.8,241,8,1,313.8,0.0,0.0,242.0,0.0,-0.0,1.0,0.7148494636606949,Hibernating,224.31976169672606
15314,199,1,327.97,199,24,1,327.97,0.0,0.0,200.0,0.0,-0.0,1.0,0.6836335275594578,Hibernating,224.2112880336754
15156,1,3,961.49,33,51,1,320.49666666666667,3.0,961.49,15.5,0.0,-0.0,1.0,0.2331164069830169,Loyal,224.1390941501009
16734,52,3,646.76,114,44,1,215.58666666666667,1.0,344.35,30.5,0.0,-0.0,2.2773717800337296,0.34633688179010896,Loyal,223.99684166657087
15127,65,1,406.53,65,16,1,406.53,1.0,406.53,66.0,0.0,-0.0,1.0,0.5508948673695623,Needs attention,223.95529043174813
15246,238,2,514.15,358,32,1,257.075,0.0,0.0,120.0,0.0,-0.0,1.0,0.43554552797161283,Hibernating,223.93573320660474
17774,96,4,1213.73,305,123,1,303.4325,0.0,0.0,69.0,1.0,0.008197869377868225,1.0,0.18448747421575495,At risk (was loyal),223.91798207988828
12714,9,5,4294.86,294,215,0,858.972,1.0,1229.16,70.75,0.0,-0.0,1.603757706233487,0.05213481436548877,Champions,223.9117288257631
14541,58,8,1453.35,319,71,1,181.66875,1.0,146.0,36.714285714285715,0.0,-0.0,0.7817340421463266,0.15381654467399913,Loyal,223.54927520195662
14412,42,2,770.03,72,43,1,385.015,2.0,770.03,30.0,1.0,0.011298261106710127,1.0,0.2902261275440037,Loyal,223.48282499270914
16859,144,2,610.28,261,43,1,305.14,0.0,0.0,116.0,2.0,0.22471652356295468,1.0,0.36598032688885873,Hibernating,223.3504738937327
15099,84,1,410.48,84,23,1,410.48,1.0,410.48,85.0,0.0,-0.0,1.0,0.5437188014548202,Hibernating,223.1856936211746
16198,75,1,400.68,75,14,1,400.68,1.0,400.68,76.0,0.0,-0.0,1.0,0.5569363177064248,Hibernating,223.1532437786103
18246,23,2,596.1,233,3,1,298.05,1.0,363.2,209.0,0.0,-0.0,1.5594675826534992,0.3742697559326954,Loyal,223.10220151147973
12763,138,2,494.08,369,16,0,247.04,0.0,0.0,230.0,0.0,-0.0,1.0,0.4514925861573569,Hibernating,223.07345696862689
13447,23,3,1129.14,35,55,1,376.38000000000005,3.0,1129.14,6.0,1.0,0.02206103760384009,1.0,0.19751795249073192,Loyal,223.02542087538507
15289,29,3,939.78,249,43,1,313.26,1.0,241.8,109.5,1.0,0.004979888910170465,0.692856528840368,0.23726506109262022,Loyal,222.97695911362263
12462,18,2,937.59,303,50,0,468.795,1.0,343.47999999999996,284.0,2.0,0.06994528525261574,0.5781420948982511,0.23780226250566125,New / recent,222.96102330268295
16416,26,3,1031.4,56,58,1,343.8,3.0,1031.4,14.5,0.0,-0.0,1.0,0.2161063682019763,Champions,222.89210816351837
15349,158,2,463.90999999999997,187,65,1,231.95499999999998,0.0,0.0,29.0,0.0,-0.0,1.0,0.48042027684515276,Hibernating,222.8717706312348
17262,52,5,1253.3600000000001,366,9,1,250.67200000000003,1.0,298.0,78.25,0.0,-0.0,1.2476972031485514,0.1777709199484912,Loyal,222.81096022664096
15450,30,1,429.84,30,30,1,429.84,1.0,429.84,31.0,0.0,-0.0,1.0,0.5178281710119194,New / recent,222.5832610277634
17682,10,6,2474.33,368,48,1,412.3883333333333,1.0,574.98,71.2,1.0,0.006062247153774961,1.5136230815805407,0.08993373504040221,Champions,222.5257386225184
12489,336,1,298.93,336,14,0,298.93,0.0,0.0,337.0,0.0,-0.0,1.0,0.7442392334843458,Hibernating,222.4754340654755
14251,1,5,2879.7000000000003,57,37,1,575.94,5.0,2879.7000000000003,13.5,0.0,-0.0,1.0,0.07719047361887715,Champions,222.28540688028056
15674,73,3,1756.77,248,87,1,585.59,1.0,1066.94,87.0,1.0,0.007257637596270428,3.0933418378441067,0.12652954160348473,At risk (was loyal),222.28330280275387
14171,98,1,363.79,98,57,1,363.79,0.0,0.0,99.0,0.0,-0.0,1.0,0.6106026491250726,Hibernating,222.13113772521015
13321,72,2,567.36,86,10,1,283.68,2.0,567.36,14.0,0.0,-0.0,1.0,0.39089974964698554,Hibernating,221.78088195971372
16311,17,2,616.26,49,35,1,308.13,2.0,616.26,31.0,0.0,-0.0,1.0,0.3597437805235316,Loyal,221.6957021854316
14988,211,1,334.54,211,40,1,334.54,0.0,0.0,212.0,0.0,-0.0,1.0,0.6626737916378295,Hibernating,221.69089025451947
12834,282,1,312.38,282,18,1,312.38,0.0,0.0,283.0,0.0,-0.0,1.0,0.7094177800387749,Hibernating,221.6079261285125
14064,29,5,1326.84,274,59,1,265.368,1.0,237.31,60.75,1.0,0.11721081667721804,0.8712380567767753,0.16696561285999315,Champions,221.5366537671533
17732,372,1,303.97,372,18,1,303.97,0.0,0.0,373.0,0.0,-0.0,1.0,0.727338742701054,Hibernating,221.0891576188394
13005,173,2,473.9,246,21,1,236.95,0.0,0.0,72.0,1.0,0.010445241612154463,1.0,0.46652312035048166,Hibernating,221.08530673409325
14924,245,1,310.05,245,10,1,310.05,0.0,0.0,246.0,0.0,-0.0,1.0,0.7129482485115666,Hibernating,221.04960445101122
14048,305,1,386.33,305,82,1,386.33,0.0,0.0,306.0,1.0,0.028990759195506432,1.0,0.5720435921858935,Hibernating,220.99760096917623
13176,46,1,481.49,46,66,1,481.49,1.0,481.49,47.0,0.0,-0.0,1.0,0.45892603303124174,Needs attention,220.9682956442126
16984,88,2,4417.12,130,352,1,2208.56,1.0,1233.58,41.0,2.0,0.010534013112616366,0.38748688566815553,0.05002294240539757,Hibernating,220.95733935772972
14248,318,1,302.58,318,8,1,302.58,0.0,0.0,319.0,0.0,-0.0,1.0,0.7300727355983955,Hibernating,220.9054083373625
15244,65,2,631.57,248,31,1,315.785,1.0,333.63,182.0,0.0,-0.0,1.1197892193059005,0.3496858297257631,Loyal,220.85107947990022
17978,365,1,300.91999999999996,365,12,1,300.91999999999996,0.0,0.0,366.0,0.0,-0.0,1.0,0.7338922126787598,Hibernating,220.84284463929237
16376,8,2,974.96,17,104,1,487.48,2.0,974.96,8.0,1.0,0.009733732665955527,1.0,0.2265021120780491,Loyal,220.83049919161476
14382,26,1,615.49,26,121,1,615.49,1.0,615.49,27.0,0.0,-0.0,1.0,0.3587239427657605,New / recent,220.79099953289793
13417,4,2,640.83,205,26,1,320.415,1.0,404.83,200.0,0.0,-0.0,1.7153813559322033,0.34442894504559224,New / recent,220.7204008535669
16384,89,2,584.5,263,33,1,292.25,1.0,175.4,174.0,0.0,-0.0,0.42874602786604743,0.3774321401762437,Hibernating,220.60908593301446
13637,52,3,803.05,226,78,1,267.68333333333334,1.0,125.65,87.0,0.0,-0.0,0.37097726601712433,0.2744235687761067,Loyal,220.37584690565245
16950,56,3,1178.56,367,39,1,392.8533333333333,1.0,400.15,154.5,0.0,-0.0,1.028121427011472,0.1868696095860757,Loyal,220.23704707376538
16370,82,4,1301.91,225,143,1,325.4775,1.0,357.42,47.333333333333336,0.0,-0.0,1.1352793571133628,0.1691346869170468,At risk (was loyal),220.1981402441724
16274,373,1,331.55,373,63,1,331.55,0.0,0.0,374.0,0.0,-0.0,1.0,0.6639004321437314,Hibernating,220.11618827725417
14139,46,1,415.82,46,26,1,415.82,1.0,415.82,47.0,0.0,-0.0,1.0,0.5291731820682866,Needs attention,220.04079256763492
14752,43,1,389.64,43,5,1,389.64,1.0,389.64,44.0,0.0,-0.0,1.0,0.5645993870735796,Needs attention,219.99050517934955
16193,236,1,314.45,236,19,1,314.45,0.0,0.0,237.0,0.0,-0.0,1.0,0.6986054518661903,Hibernating,219.67648433932354
13932,294,1,307.4,294,16,1,307.4,0.0,0.0,295.0,0.0,-0.0,1.0,0.7146046681484672,Hibernating,219.6694749888388
15326,333,1,311.71,333,29,1,311.71,0.0,0.0,334.0,0.0,-0.0,1.0,0.7045736103082348,Hibernating,219.62264006917988
18123,24,2,574.4399999999999,31,31,1,287.21999999999997,2.0,574.4399999999999,7.0,0.0,-0.0,1.0,0.3822778822821214,Loyal,219.59570669814178
14622,184,1,320.58000000000004,184,21,1,320.58000000000004,0.0,0.0,185.0,0.0,-0.0,1.0,0.6848334879134741,Hibernating,219.54391955530156
17653,36,4,1207.56,120,44,1,301.89,2.0,864.22,27.333333333333332,1.0,0.026234721256086654,2.5170967554028074,0.1816228126698484,Loyal,219.32044366760212
14958,147,3,483.72999999999996,245,33,1,161.2433333333333,0.0,0.0,48.5,0.0,-0.0,1.0,0.45315747012445107,Hibernating,219.2058630233007
16747,37,2,836.06,67,34,1,418.03,2.0,836.06,30.0,2.0,0.01088438628806545,1.0,0.2621251202799163,Loyal,219.1523280612268
16612,32,4,1187.66,311,48,1,296.915,1.0,317.36,92.66666666666667,0.0,-0.0,1.0939675973802137,0.18451794418004416,Champions,219.14458158487128
15921,172,1,323.03000000000003,172,24,1,323.03000000000003,0.0,0.0,173.0,0.0,-0.0,1.0,0.6779098365567875,Hibernating,218.98521450293907
15087,281,1,306.94,281,15,1,306.94,0.0,0.0,282.0,0.0,-0.0,1.0,0.713366020862889,Hibernating,218.96056644365515
17734,53,3,700.63,233,40,1,233.54333333333332,1.0,160.42,89.5,0.0,-0.0,0.5939171803557874,0.31246634324352396,Loyal,218.92329406671018
16967,189,1,319.02,189,21,1,319.02,0.0,0.0,190.0,0.0,-0.0,1.0,0.6859026385206242,Hibernating,218.8166597408495
17566,8,2,869.77,25,113,1,434.885,2.0,869.77,17.0,0.0,-0.0,1.0,0.25157211060514967,Loyal,218.80987464104103
17429,128,3,524.9200000000001,218,36,1,174.97333333333336,0.0,0.0,44.5,1.0,0.024384668139907032,1.0,0.41662603674681703,At risk (was loyal),218.69533920913923
16969,39,3,650.41,191,42,1,216.8033333333333,1.0,171.45,75.5,0.0,-0.0,0.7159261733756471,0.3361255807743725,Loyal,218.6194389914596
12463,53,4,1180.98,241,63,0,295.245,1.0,303.19,62.0,2.0,0.012997679892970244,1.0362045591770241,0.18503941949185068,Loyal,218.5278536314858
14776,51,10,2208.06,312,44,1,220.80599999999998,2.0,345.84,28.555555555555557,1.0,0.005652020325534633,0.7428553017366369,0.09883247936688551,Loyal,218.2280443908452
14850,311,1,325.75,311,21,1,325.75,0.0,0.0,312.0,1.0,0.1461243284727552,1.0,0.669812613090399,Hibernating,218.19145871419747
13282,18,3,1132.14,220,29,1,377.38000000000005,1.0,359.04,101.0,3.0,0.07446075573692298,0.9288319751649203,0.19243701104847977,Loyal,217.8656376884259
13974,49,1,413.59000000000003,49,28,1,413.59000000000003,1.0,413.59000000000003,50.0,0.0,-0.0,1.0,0.5266998454152764,Needs attention,217.83778906530418
13060,253,1,307.53,253,15,1,307.53,0.0,0.0,254.0,0.0,-0.0,1.0,0.7077102015232143,Hibernating,217.64211827443407
13990,213,1,311.3,213,16,1,311.3,0.0,0.0,214.0,0.0,-0.0,1.0,0.6980923166236873,Hibernating,217.31613816495386
17664,18,2,604.64,212,41,1,302.32,1.0,278.45,193.0,0.0,-0.0,0.8536435819614335,0.3593145011618954,Loyal,217.25591998252844
17423,46,2,698.41,217,26,1,349.205,1.0,248.99,171.0,2.0,0.04979882876820206,0.5540251880201148,0.3106758704163721,Loyal,216.97913465749843
17976,372,1,321.79,372,56,1,321.79,0.0,0.0,373.0,0.0,-0.0,1.0,0.674104630444632,Hibernating,216.92012903077813
17462,60,2,675.69,284,25,1,337.845,1.0,212.28,223.0,1.0,0.018869599964480753,0.45808247556159776,0.321033349988745,Loyal,216.91902425389512
12350,310,1,294.4,310,16,0,294.4,0.0,0.0,311.0,0.0,-0.0,1.0,0.7367983392568486,Hibernating,216.9134310772162
18097,7,6,2662.4,354,65,1,443.73333333333335,1.0,676.2,69.0,1.0,0.0018592247596153845,1.7022454939079652,0.08147029843072832,Champions,216.9065225419711
15000,47,1,490.52,47,76,1,490.52,1.0,490.52,48.0,0.0,-0.0,1.0,0.44214954522392325,Needs attention,216.88319492323882
16582,113,1,313.62,113,6,1,313.62,0.0,0.0,114.0,0.0,-0.0,1.0,0.6914255322380372,Hibernating,216.84487542049322
15472,113,1,371.56,113,76,1,371.56,0.0,0.0,114.0,0.0,-0.0,1.0,0.5835657084888073,Hibernating,216.82967464610124
15994,54,1,414.27,54,31,1,414.27,1.0,414.27,55.0,0.0,-0.0,1.0,0.5228902137452539,Needs attention,216.61772884824632
17033,86,3,1030.14,359,24,1,343.38000000000005,1.0,422.04,136.0,0.0,-0.0,1.388061174148989,0.21018466502072425,At risk (was loyal),216.5196308244489
15272,57,2,721.94,86,63,1,360.97,2.0,721.94,28.0,0.0,-0.0,1.0,0.29966967604552797,Loyal,216.34352592430847
16811,4,2,547.07,17,26,1,273.535,2.0,547.07,12.0,0.0,-0.0,1.0,0.39538860464895575,Loyal,216.30524394530426
12616,95,2,641.3,297,24,0,320.65,0.0,0.0,202.0,3.0,0.08740059254639014,1.0,0.3371546850202772,Hibernating,216.21729950350374
16957,239,2,416.64,281,15,1,208.32,0.0,0.0,42.0,0.0,-0.0,1.0,0.5188983900489039,Hibernating,216.19382522997532
14327,163,1,311.65,163,12,1,311.65,0.0,0.0,164.0,0.0,-0.0,1.0,0.6933566878543805,Hibernating,216.08461176981768
13304,351,1,300.42,351,21,1,300.42,0.0,0.0,352.0,0.0,-0.0,1.0,0.7192274728431651,Hibernating,216.07031739154368
15727,16,7,5159.06,359,213,1,737.0085714285715,1.0,569.67,56.5,0.0,-0.0,0.744765644235944,0.04187083959060887,Champions,216.0141736983266
13531,205,2,483.8,366,17,1,241.9,0.0,0.0,161.0,0.0,-0.0,1.0,0.4463807174532825,Hibernating,215.9589911038981
16450,149,1,311.92,149,11,1,311.92,0.0,0.0,150.0,0.0,-0.0,1.0,0.6918512917736661,Hibernating,215.80225493004195
14125,10,3,2720.63,78,159,1,906.8766666666667,3.0,2720.63,33.5,0.0,-0.0,1.0,0.07930818642789389,Loyal,215.76823124132096
17926,133,2,397.29,203,17,1,198.645,0.0,0.0,70.0,0.0,-0.0,1.0,0.5430672959158266,Hibernating,215.75520599439875
15806,46,3,784.58,276,24,1,261.5266666666667,1.0,262.7,115.0,0.0,-0.0,1.0067448455583659,0.27497362185172924,Loyal,215.73880423242974
12881,275,1,298.0,275,7,1,298.0,0.0,0.0,276.0,0.0,-0.0,1.0,0.7230451288767658,Hibernating,215.4674484052762
15695,266,2,409.98,266,22,1,204.99,0.0,0.0,0.0,0.0,-0.0,1.0,0.5248881466128542,Hibernating,215.193642348338
14389,65,2,1043.46,190,33,1,521.73,1.0,732.32,125.0,3.0,0.04191823356908746,2.3536671594780487,0.2062298813623498,Loyal,215.1926320063575
15957,31,1,428.89,31,40,1,428.89,1.0,428.89,32.0,0.0,-0.0,1.0,0.5014374915070028,New / recent,215.0615257324384
17120,233,1,307.46,233,18,1,307.46,0.0,0.0,234.0,0.0,-0.0,1.0,0.6994389615538219,Hibernating,215.04950311933806
14206,239,1,328.15999999999997,239,20,1,328.15999999999997,0.0,0.0,240.0,1.0,0.06064115065821551,1.0,0.6551783324346369,Hibernating,215.0033215717504
16425,302,1,302.7,302,21,1,302.7,0.0,0.0,303.0,0.0,-0.0,1.0,0.7093991756142111,Hibernating,214.73513045842168
14841,53,6,3295.76,358,103,1,549.2933333333334,2.0,920.19,60.8,0.0,-0.0,0.7747109114865064,0.0651542062825687,Loyal,214.73262689783863
16761,96,1,316.62,96,13,1,316.62,0.0,0.0,97.0,0.0,-0.0,1.0,0.6777088404308245,Hibernating,214.57617305720765
15582,24,3,682.9100000000001,220,39,1,227.63666666666668,1.0,141.4,97.5,0.0,-0.0,0.5222433565400455,0.3140141883051511,Loyal,214.44342933547077
17866,142,1,329.65,142,9,1,329.65,0.0,0.0,143.0,1.0,0.011982405581677538,1.0,0.6500590517541248,Hibernating,214.29196641074722
18185,249,1,304.25,249,17,1,304.25,0.0,0.0,250.0,0.0,-0.0,1.0,0.7041447486260423,Hibernating,214.23603976947336
13751,288,1,296.25,288,9,1,296.25,0.0,0.0,289.0,0.0,-0.0,1.0,0.7229368553030519,Hibernating,214.1700433835291
15219,176,1,305.75,176,9,1,305.75,0.0,0.0,177.0,0.0,-0.0,1.0,0.7003248166307,Hibernating,214.12431268483653
15621,4,4,1214.07,21,11,1,303.5175,4.0,1214.07,5.333333333333333,1.0,0.04554926816410916,1.0,0.17629281586486392,Champions,214.03181895705532
14335,16,2,454.86,96,55,0,227.43,1.0,107.36,80.0,0.0,-0.0,0.3089496402877698,0.47014755929986085,Loyal,213.8513188231347
15367,57,4,1877.59,275,91,1,469.3975,2.0,461.40999999999997,72.33333333333333,1.0,0.005272716620774504,0.32581310285415693,0.11386904982012594,Loyal,213.79938925177026
16556,66,7,3313.79,360,144,1,473.3985714285714,1.0,757.42,48.333333333333336,0.0,-0.0,1.777723881910678,0.06450578199466545,Loyal,213.7586153161024
17159,21,3,1538.88,171,96,1,512.96,2.0,1010.43,74.5,1.0,0.0026967664795175712,0.9560317910871416,0.13875816274920927,Champions,213.53216149150316
17890,322,2,586.89,361,88,1,293.445,0.0,0.0,38.0,0.0,-0.0,1.0,0.3638190011500003,Hibernating,213.52173358492368
17941,130,1,304.56,130,2,1,304.56,0.0,0.0,131.0,0.0,-0.0,1.0,0.7006688705136529,Hibernating,213.39571120363811
17176,201,1,306.13,201,15,1,306.13,0.0,0.0,202.0,0.0,-0.0,1.0,0.6970521358376084,Hibernating,213.38857034396705
16642,4,2,688.33,207,32,1,344.165,1.0,380.6,202.0,1.0,0.012348728081007655,1.2367984921847073,0.30994768735166434,Loyal,213.34629163477112
12434,84,2,792.94,260,45,0,396.47,1.0,519.89,175.0,1.0,0.0349963427245441,1.904010254532137,0.2690073205939872,Hibernating,213.3066647917962
13437,14,7,3408.06,190,143,1,486.86571428571426,3.0,1234.46,28.833333333333332,0.0,-0.0,0.7572445098760888,0.06257410210662213,Champions,213.25629442549462
16268,71,2,617.65,71,44,1,308.825,2.0,617.65,0.0,0.0,-0.0,1.0,0.345255157207893,Loyal,213.24684784945512
14847,148,1,309.4,148,13,1,309.4,0.0,0.0,149.0,0.0,-0.0,1.0,0.688803784051765,Hibernating,213.11589078561607
15239,10,2,780.59,78,48,1,390.295,2.0,780.59,68.0,1.0,0.02081758669724183,1.0,0.27286756848900817,Loyal,212.9976952868349
12414,217,3,442.41,310,15,0,147.47,0.0,0.0,46.0,0.0,-0.0,1.0,0.481247229573171,Hibernating,212.9085868354666
17205,53,1,384.08,53,13,1,384.08,1.0,384.08,54.0,0.0,-0.0,1.0,0.5541504547150605,Needs attention,212.83810664696043
13699,155,1,308.58000000000004,155,14,1,308.58000000000004,0.0,0.0,156.0,0.0,-0.0,1.0,0.6888506433144445,Hibernating,212.5655315139713
15264,64,1,393.74,64,23,1,393.74,1.0,393.74,65.0,0.0,-0.0,1.0,0.5397547816920366,Needs attention,212.5230477434225
12824,59,1,397.12,59,25,1,397.12,1.0,397.12,60.0,0.0,-0.0,1.0,0.5350306521890766,Needs attention,212.4713725973261
15725,15,1,415.25,15,32,1,415.25,1.0,415.25,16.0,0.0,-0.0,1.0,0.5116119192123714,New / recent,212.44684945293722
14020,16,2,642.8,88,37,1,321.4,2.0,642.8,71.0,0.0,-0.0,1.0,0.33031002857241865,Loyal,212.3232863663507
15394,9,4,2183.54,358,54,1,545.885,2.0,747.1,116.0,0.0,-0.0,0.5201052602266714,0.09717527331153306,Champions,212.18609628666488
16125,367,1,289.35,367,13,1,289.35,0.0,0.0,368.0,0.0,-0.0,1.0,0.7330441288966153,Hibernating,212.10631869623566
14128,60,2,637.5,255,40,1,318.75,1.0,331.96,195.0,0.0,-0.0,1.0864698566472473,0.3324856281543759,Loyal,211.95958794841462
14176,297,4,576.9000000000001,367,28,1,144.22500000000002,0.0,0.0,23.0,1.0,0.0050268677413763205,1.0,0.3671064170503879,At risk (was loyal),211.7836919963688
16207,25,1,394.38,25,19,1,394.38,1.0,394.38,26.0,0.0,-0.0,1.0,0.5368461042830089,New / recent,211.72136660713306
13276,63,2,590.9300000000001,99,30,1,295.46500000000003,1.0,453.55,36.0,0.0,-0.0,3.3014266996651624,0.35823659327526947,Needs attention,211.692750064155
18165,177,1,302.46000000000004,177,10,1,302.46000000000004,0.0,0.0,178.0,0.0,-0.0,1.0,0.6991504297266216,Hibernating,211.46503897511397
16227,225,1,314.22,225,6,1,314.22,0.0,0.0,226.0,1.0,0.018776653300235504,1.0,0.6729167653215119,Hibernating,211.4439059993255
15211,60,2,894.4100000000001,365,52,1,447.20500000000004,1.0,511.34000000000003,304.0,0.0,-0.0,1.3348474169211895,0.2362567445762485,Loyal,211.31039491644245
16774,67,4,661.52,178,36,1,165.38,1.0,119.32,36.333333333333336,1.0,0.009977022614584594,0.6601991884913315,0.3193466602971532,Loyal,211.25420271977276
17678,263,1,298.11,263,16,1,298.11,0.0,0.0,264.0,0.0,-0.0,1.0,0.7084219557262269,Hibernating,211.18766922154552
15136,2,4,1286.7,96,61,1,321.675,3.0,703.8000000000001,31.0,1.0,0.003303023237739955,0.40247040658775096,0.16412363275277078,Champions,211.17787826299016
13594,52,1,396.97,52,26,1,396.97,1.0,396.97,53.0,0.0,-0.0,1.0,0.5316668175452794,Needs attention,211.0557765609496
13455,24,2,1043.49,366,41,1,521.745,1.0,365.4,341.0,2.0,0.034633777036675,0.5388665221430783,0.20217087942325032,New / recent,210.96329096936748
15837,64,1,391.98,64,24,1,391.98,1.0,391.98,65.0,0.0,-0.0,1.0,0.5381910261167622,Needs attention,210.96011841724845
13048,14,4,1819.41,327,77,1,454.8525,1.0,460.86,103.66666666666667,1.0,0.01648886177387175,1.0176879761510436,0.11589418588773016,Champions,210.85904074599515
13395,185,1,307.72,185,21,1,307.72,0.0,0.0,186.0,0.0,-0.0,1.0,0.6851357173062953,Hibernating,210.8299629294932
14762,263,1,300.52,263,21,1,300.52,0.0,0.0,264.0,0.0,-0.0,1.0,0.7014605442334786,Hibernating,210.80292275304498
16739,176,1,323.0,176,13,1,323.0,0.0,0.0,177.0,1.0,0.032352941176470584,1.0,0.651696284001397,Hibernating,210.49789973245123
12579,78,1,374.72,78,27,0,374.72,1.0,374.72,79.0,0.0,-0.0,1.0,0.5611808169244377,Hibernating,210.2856757179253
12524,9,8,3945.72,333,112,0,493.215,2.0,1201.24,45.857142857142854,0.0,-0.0,1.31307934472104,0.05329243088519406,Champions,210.2770103923279
15553,60,1,428.93,60,51,1,428.93,1.0,428.93,61.0,0.0,-0.0,1.0,0.4901869358785409,Needs attention,210.25588240638254
16621,51,4,813.48,277,22,1,203.37,1.0,204.07000000000002,74.66666666666667,0.0,-0.0,1.0045946078994437,0.25840544320302355,Loyal,210.2076599367956
15589,255,3,456.58,310,27,1,152.19333333333333,0.0,0.0,27.0,0.0,-0.0,1.0,0.4603885947331261,Hibernating,210.20422458325072
12648,154,1,300.05,154,20,0,300.05,0.0,0.0,155.0,0.0,-0.0,1.0,0.7004394733104661,Hibernating,210.16686396680535
16725,302,6,750.87,371,109,1,125.145,0.0,0.0,13.4,0.0,-0.0,1.0,0.27966240176238766,At risk (was loyal),209.99010761132402
15785,32,5,2328.9700000000003,295,58,1,465.79400000000004,1.0,663.14,65.5,3.0,0.010828821324448144,1.5923353523468782,0.09013589504819235,Champions,209.92379549038856
12380,21,4,2427.81,185,76,0,606.9525,3.0,1865.26,54.0,1.0,0.0017505488485507516,1.105241015613427,0.08645568514726747,Champions,209.8979769573874
12493,165,2,362.79,197,17,0,181.395,0.0,0.0,31.0,0.0,-0.0,1.0,0.5785030107821849,Hibernating,209.87510728166887
15220,51,6,1758.92,280,110,1,293.15333333333336,1.0,494.91,45.2,0.0,-0.0,1.957698119476903,0.11918511967018551,Loyal,209.63709069028272
12852,294,1,311.55,294,17,1,311.55,0.0,0.0,295.0,1.0,0.03787514042689777,1.0,0.6717398054620443,Hibernating,209.28053639169988
16484,173,2,379.40000000000003,190,24,1,189.70000000000002,0.0,0.0,17.0,0.0,-0.0,1.0,0.5510509246803746,Hibernating,209.06872082373417
13131,23,3,1073.3,187,30,1,357.76666666666665,2.0,748.4,81.5,1.0,0.03167800242243548,1.1517389966143432,0.1947429805959722,Loyal,209.01764107365696
12782,4,5,1893.92,357,79,0,378.784,1.0,224.25,87.5,1.0,0.006652868125369605,0.5372319081016009,0.11035362461346633,Champions,209.00093672793616
12790,192,1,294.92,192,20,0,294.92,0.0,0.0,193.0,0.0,-0.0,1.0,0.7082404284490725,Hibernating,208.8742671582005
15270,15,7,2353.99,310,22,1,336.28428571428566,2.0,529.2,48.666666666666664,2.0,0.02522950394861491,0.7250149332251932,0.08862337209096767,Champions,208.61853166841698
15720,24,1,598.73,24,128,1,598.73,1.0,598.73,25.0,0.0,-0.0,1.0,0.348429091471168,New / recent,208.61494993653244
14232,42,5,2048.07,264,81,1,409.61400000000003,1.0,474.74,54.75,3.0,0.0020214152836572964,1.2069686588319044,0.1018473986862478,Loyal,208.59060182734356
16369,18,3,1543.33,196,90,1,514.4433333333333,2.0,1188.8799999999999,89.0,0.0,-0.0,1.677077161799972,0.13508289213430402,Champions,208.4774799176354
17042,2,5,1036.58,247,74,1,207.31599999999997,1.0,121.56,60.5,0.0,-0.0,0.5313982208039169,0.20098012321657593,Champions,208.33197612383827
14636,36,2,609.85,268,27,1,304.925,1.0,309.66,232.0,0.0,-0.0,1.0315466870981713,0.34125221260333055,Loyal,208.11266185614113
12515,353,1,278.7,353,15,0,278.7,0.0,0.0,354.0,0.0,-0.0,1.0,0.7462641346735769,Hibernating,207.98381433352586
16982,60,1,384.06,60,22,1,384.06,1.0,384.06,61.0,0.0,-0.0,1.0,0.5409642732411138,Needs attention,207.76273878098218
13228,81,1,358.0,81,2,1,358.0,1.0,358.0,82.0,0.0,-0.0,1.0,0.5803230868479572,Hibernating,207.7556650915687
15596,100,5,1376.19,365,49,1,275.238,0.0,0.0,65.5,3.0,0.026704161489329234,1.0,0.15091747408339332,At risk (was loyal),207.69111865882505
12386,337,2,401.9,366,10,0,200.95,0.0,0.0,29.0,0.0,-0.0,1.0,0.5166946019996582,Hibernating,207.65956054366262
15592,46,1,388.58,46,24,1,388.58,1.0,388.58,47.0,0.0,-0.0,1.0,0.5339825081727844,Needs attention,207.49492302578054
16031,92,2,547.9,247,91,1,273.95,0.0,0.0,154.0,0.0,-0.0,1.0,0.3785963127808778,Hibernating,207.43291977264295
16245,23,3,1361.21,256,78,1,453.7366666666667,1.0,643.96,116.5,1.0,0.0065015684574753355,1.795636110142907,0.15230324883026244,Champions,207.31670534024155
18220,226,1,305.28000000000003,226,2,1,305.28000000000003,0.0,0.0,227.0,1.0,0.02456761006289308,1.0,0.6790669260506403,Hibernating,207.3055511847395
14747,249,1,294.3,249,17,1,294.3,0.0,0.0,250.0,0.0,-0.0,1.0,0.7042123108681104,Hibernating,207.24968308848491
15632,15,8,3170.11,274,104,1,396.26375,2.0,834.17,36.57142857142857,1.0,0.007192179451186237,1.0713074822127282,0.06535879782146871,Champions,207.19457856181617
14712,29,3,917.07,112,21,1,305.69,2.0,801.35,41.0,0.0,-0.0,3.46245247148289,0.22587325610887143,Loyal,207.14158697976274
17169,57,2,835.78,183,51,1,417.89,1.0,527.1,125.0,2.0,0.022613606451458518,1.707593624465466,0.247749560710432,Loyal,207.06412785056486
18061,21,10,2119.41,366,18,1,211.94099999999997,2.0,325.9,37.77777777777778,0.0,-0.0,0.7268428946590763,0.09767124397617517,Champions,207.0054111955454
12924,88,4,922.0,327,21,1,230.5,1.0,278.43,79.33333333333333,0.0,-0.0,1.2979007722547666,0.2245038024955585,At risk (was loyal),206.99250590090494
16477,63,7,2494.46,371,111,1,356.3514285714286,1.0,495.2,50.833333333333336,0.0,-0.0,1.486149875453918,0.08297795306707653,Loyal,206.98518480769974
16208,44,2,664.26,289,61,1,332.13,1.0,166.67,244.0,0.0,-0.0,0.334954480596475,0.311030747900744,Loyal,206.6052846005482
17531,190,1,296.7,190,14,1,296.7,0.0,0.0,191.0,0.0,-0.0,1.0,0.6962469138191995,Hibernating,206.57645933015647
15424,254,2,383.34,254,17,1,191.67,0.0,0.0,0.0,0.0,-0.0,1.0,0.538710559485836,Hibernating,206.50930587330038
17930,35,5,1740.48,239,26,1,348.096,3.0,1046.34,50.5,0.0,-0.0,1.004926959979255,0.11857243229285769,Loyal,206.37294695707294
15308,274,1,310.47,274,19,1,310.47,0.0,0.0,275.0,1.0,0.026411569555834697,1.0,0.6643917829797034,Hibernating,206.27371686170852
13644,16,4,2599.26,105,143,1,649.815,3.0,1748.17,29.333333333333332,1.0,0.0006694212968306363,0.6846788627916358,0.07932347080083933,Champions,206.18232471378965
17094,322,1,302.0,322,14,1,302.0,0.0,0.0,323.0,1.0,0.10529801324503311,1.0,0.6824360914019004,Hibernating,206.09569960337393
15933,21,3,1107.46,86,63,1,369.15333333333336,3.0,1107.46,32.0,0.0,-0.0,1.0,0.18597318437725402,Champions,205.95786277043374
12448,44,1,365.45,44,21,0,365.45,1.0,365.45,45.0,0.0,-0.0,1.0,0.5633289371914011,Needs attention,205.86856009659752
15444,9,2,1411.21,40,191,1,705.605,2.0,1411.21,31.0,0.0,-0.0,1.0,0.14578877839512797,Loyal,205.73858195898853
13940,17,4,839.14,144,39,1,209.785,2.0,448.08000000000004,41.666666666666664,0.0,-0.0,1.14580882728993,0.2451332493989092,Champions,205.70111490060066
16120,59,4,1309.14,59,26,1,327.285,4.0,1309.14,0.0,1.0,0.01145790366194601,1.0,0.15706859306324508,Loyal,205.6247779228167
15762,65,2,583.75,77,37,1,291.875,2.0,583.75,12.0,0.0,-0.0,1.0,0.3522411291638819,Loyal,205.62075914941605
15421,58,4,950.36,310,40,1,237.59,1.0,211.0,83.33333333333333,0.0,-0.0,0.8561458558753516,0.2162149259297232,Loyal,205.48201700657174
14655,8,4,1932.23,222,35,1,483.0575,3.0,1121.67,71.0,1.0,0.0010764764029126967,0.46127368732727997,0.10631416916731669,Champions,205.42342709016432
15237,1,4,1412.32,227,94,1,353.08,2.0,318.67,74.66666666666667,0.0,-0.0,0.291382069217757,0.145426595135503,Champions,205.38888884177356
14729,373,1,313.49,373,69,1,313.49,0.0,0.0,374.0,0.0,-0.0,1.0,0.6550346413920528,Hibernating,205.34680972999465
15807,50,3,903.9,77,48,1,301.3,3.0,903.9,13.0,0.0,-0.0,1.0,0.22707132932094456,Loyal,205.2497745732018
13028,22,2,661.3199999999999,45,40,1,330.65999999999997,2.0,661.3199999999999,22.0,1.0,0.002479888707433618,1.0,0.31034429563172844,New / recent,205.23688958717463
17994,121,4,626.09,290,61,1,156.5225,0.0,0.0,56.0,0.0,-0.0,1.0,0.32757510655972155,At risk (was loyal),205.0914984659761
13109,59,2,786.54,157,41,1,393.27,1.0,416.69,97.0,3.0,0.02504640577720142,1.1266459375422468,0.2604872564848472,Needs attention,204.8836467155917
13045,99,1,305.28000000000003,99,18,1,305.28000000000003,0.0,0.0,100.0,0.0,-0.0,1.0,0.6711046081258868,Hibernating,204.87481476867075
16940,52,3,3049.88,289,226,1,1016.6266666666667,1.0,1181.52,118.5,0.0,-0.0,1.264766961399302,0.06716542460648008,Loyal,204.84648519881145
18149,50,3,612.0799999999999,273,11,1,204.02666666666664,1.0,62.400000000000006,111.0,0.0,-0.0,0.22704118760005826,0.3345035219871881,Loyal,204.74291573791805
13995,15,5,1383.49,245,54,1,276.698,2.0,521.79,57.5,0.0,-0.0,0.9083033538354415,0.14793781024704034,Champions,204.67048109867784
16781,372,1,296.3,372,16,1,296.3,0.0,0.0,373.0,1.0,0.005568680391495106,1.0,0.68981741882491,Hibernating,204.39290119782083
14344,127,8,889.9300000000001,368,56,1,111.24125000000001,0.0,0.0,34.0,0.0,-0.0,1.0,0.22963268408193727,At risk (was loyal),204.35701454503845
15623,141,1,301.03,141,19,1,301.03,0.0,0.0,142.0,0.0,-0.0,1.0,0.6787135841858871,Hibernating,204.31315024747758
18071,257,2,453.0,365,23,1,226.5,0.0,0.0,108.0,0.0,-0.0,1.0,0.45079567785696456,Hibernating,204.21044206920496
16504,25,1,465.88,25,76,1,465.88,1.0,465.88,26.0,0.0,-0.0,1.0,0.4381570023695184,New / recent,204.12858426391122
14333,67,1,402.7,67,14,1,402.7,1.0,402.7,68.0,1.0,0.1272659548050658,1.0,0.5067308091653805,Needs attention,204.06049685089872
15218,10,11,5756.89,318,77,1,523.3536363636364,3.0,1891.54,30.5,0.0,-0.0,1.3049547044036547,0.035418638569258344,Champions,203.90120619297767
15643,191,3,664.0,282,31,1,221.33333333333334,0.0,0.0,45.0,3.0,0.025,1.0,0.3069261932148562,Hibernating,203.79899229466452
17503,2,2,558.96,38,36,1,279.48,2.0,558.96,35.0,0.0,-0.0,1.0,0.3645927971990775,Loyal,203.79278992239637
12538,29,1,363.95,29,21,0,363.95,1.0,363.95,30.0,0.0,-0.0,1.0,0.5597851021968614,New / recent,203.7337879445477
16212,19,2,690.34,283,40,1,345.17,1.0,192.19,264.0,1.0,0.013254338441927166,0.3858074877045066,0.29507119050071895,Loyal,203.69944565026634
15471,2,1,454.48,2,67,1,454.48,1.0,454.48,3.0,0.0,-0.0,1.0,0.44803310892984494,New / recent,203.62208734643593
14451,60,2,643.9,194,86,1,321.95,1.0,283.9,134.0,0.0,-0.0,0.788611111111111,0.315949527337109,Loyal,203.43990065236449
15254,127,1,300.36,127,18,1,300.36,0.0,0.0,128.0,0.0,-0.0,1.0,0.6771764703526444,Hibernating,203.39672463512028
13001,4,13,9785.970000000001,326,166,1,752.7669230769231,2.0,1203.3999999999999,26.333333333333332,2.0,0.0021357106142773784,0.7711792621557413,0.020762406821084923,Champions,203.18029027893246
17603,78,1,394.72,78,11,1,394.72,1.0,394.72,79.0,1.0,0.009500405350628292,1.0,0.5143913634031771,Hibernating,203.0405589625021
18067,40,1,396.33,40,36,1,396.33,1.0,396.33,41.0,0.0,-0.0,1.0,0.5121020159098858,Needs attention,202.96139196556504
13601,45,2,693.32,211,90,1,346.66,1.0,320.12,166.0,0.0,-0.0,0.8577706323687031,0.29262241904078207,Needs attention,202.88097556935503
18022,35,1,612.72,35,141,1,612.72,1.0,612.72,36.0,0.0,-0.0,1.0,0.3306974264338163,Needs attention,202.62492712452791
17397,22,2,681.41,22,88,1,340.705,2.0,681.41,0.0,0.0,-0.0,1.0,0.297335860523088,Loyal,202.6076287190374
16539,2,4,1388.81,373,36,1,347.2025,1.0,335.2,123.0,0.0,-0.0,0.9544328546615921,0.1458470802832943,Champions,202.55388356824193
14978,72,5,1921.3700000000001,330,136,1,384.274,1.0,394.14,64.0,0.0,-0.0,1.032300308401485,0.1053647128813033,At risk (was loyal),202.4445983887497
17551,359,1,290.34,359,39,1,290.34,0.0,0.0,360.0,0.0,-0.0,1.0,0.6960598942188334,Hibernating,202.09402968749606
17464,158,1,289.96000000000004,158,9,1,289.96000000000004,0.0,0.0,159.0,0.0,-0.0,1.0,0.6967129546754169,Hibernating,202.01888833768393
16810,192,1,309.54,192,15,1,309.54,0.0,0.0,193.0,1.0,0.10951734832331846,1.0,0.6526134592410583,Hibernating,202.0099701734772
12987,73,2,558.7,197,27,1,279.35,1.0,254.4,124.0,1.0,0.024521209951673523,0.8360170883996056,0.36151975091858035,Hibernating,201.98108483821085
13298,1,1,360.0,1,2,1,360.0,1.0,360.0,2.0,0.0,-0.0,1.0,0.5609816270452019,New / recent,201.9533857362727
15975,84,1,371.01,84,24,1,371.01,1.0,371.01,85.0,0.0,-0.0,1.0,0.5442037341579972,Hibernating,201.90502740995854
15721,11,1,471.40000000000003,11,80,1,471.40000000000003,1.0,471.40000000000003,12.0,0.0,-0.0,1.0,0.4279290549500685,New / recent,201.7257565034623
16909,72,1,364.14,72,17,1,364.14,1.0,364.14,73.0,0.0,-0.0,1.0,0.5532351152749049,Hibernating,201.45503487620385
14573,179,8,1598.02,372,127,1,199.7525,0.0,0.0,26.714285714285715,2.0,0.004943617726937085,1.0,0.12602764621269572,At risk (was loyal),201.394699200812
17878,43,1,379.45,43,26,1,379.45,1.0,379.45,44.0,0.0,-0.0,1.0,0.5304214033302973,Needs attention,201.2684014936813
18196,95,2,686.63,290,131,1,343.315,0.0,0.0,195.0,0.0,-0.0,1.0,0.2927485197997637,Hibernating,201.00991615011174
13863,247,1,305.78,247,20,1,305.78,0.0,0.0,248.0,1.0,0.02034142193734057,1.0,0.6569663592849166,Hibernating,200.8871733421418
13441,91,1,296.64,91,13,1,296.64,0.0,0.0,92.0,0.0,-0.0,1.0,0.6767785567917782,Hibernating,200.75959108671307
17134,106,2,413.2,264,21,1,206.6,0.0,0.0,157.0,0.0,-0.0,1.0,0.4855496188422991,Hibernating,200.62910250563797
16526,171,1,290.36,171,15,1,290.36,0.0,0.0,172.0,0.0,-0.0,1.0,0.6909085358844528,Hibernating,200.61220247940972
15343,87,1,364.5,87,21,1,364.5,1.0,364.5,88.0,0.0,-0.0,1.0,0.5502499500650618,Hibernating,200.56610679871503
16758,65,1,369.34000000000003,65,22,1,369.34000000000003,1.0,369.34000000000003,66.0,0.0,-0.0,1.0,0.5429816642758525,Needs attention,200.54484788364337
12556,50,2,599.56,151,100,0,299.78,1.0,290.81,100.0,0.0,-0.0,0.9418947368421052,0.3344226565158473,Needs attention,200.50644794064138
17764,50,2,772.55,211,71,1,386.275,1.0,541.88,160.0,0.0,-0.0,2.349156804092426,0.2592885124810509,Loyal,200.31334031723586
14539,15,2,537.48,44,31,1,268.74,2.0,537.48,28.0,0.0,-0.0,1.0,0.372639777623109,Loyal,200.28642767686864
14416,22,2,490.22,42,13,1,245.11,2.0,490.22,20.0,0.0,-0.0,1.0,0.40735845950098215,Loyal,199.69526401657149
14537,57,1,355.56,57,10,1,355.56,1.0,355.56,58.0,0.0,-0.0,1.0,0.5615987722782434,Needs attention,199.68205947125222
12428,25,8,6405.26,283,256,0,800.6575,1.0,328.34000000000003,36.57142857142857,3.0,0.006129337450782639,0.3782146218808212,0.031164626256513485,Champions,199.61753397579557
15810,78,4,1358.53,296,65,1,339.6325,1.0,30.79,72.0,3.0,0.1568607244595261,0.06956934339554431,0.14691320227750868,At risk (was loyal),199.58599269006385
12479,11,1,453.2,11,29,0,453.2,1.0,453.2,12.0,2.0,0.06597528684907325,1.0,0.4401792671742827,New / recent,199.48924388338492
16968,4,2,439.43,107,31,1,219.715,1.0,186.12,103.0,0.0,-0.0,0.7347518850420434,0.45394475979181775,Loyal,199.47694579531847
13466,184,1,307.9,184,17,1,307.9,0.0,0.0,185.0,1.0,0.03231568691133485,1.0,0.6475150385287884,Hibernating,199.36988036301395
17658,25,2,546.58,211,15,1,273.29,1.0,228.98,185.0,1.0,0.11105419151816749,0.7209697732997482,0.36468783314379055,Loyal,199.33107583973305
17496,358,1,271.05,358,10,1,271.05,0.0,0.0,359.0,0.0,-0.0,1.0,0.7353465612937236,Hibernating,199.3156854386638
17686,7,7,5739.46,302,205,1,819.9228571428572,2.0,1150.1100000000001,48.833333333333336,0.0,-0.0,0.6265102901282318,0.03471728325331944,Champions,199.25845854109681
13642,215,1,312.28,215,57,1,312.28,0.0,0.0,216.0,0.0,-0.0,1.0,0.6379214721459622,Hibernating,199.21011732174105
16003,29,5,2735.37,359,82,1,547.074,2.0,941.47,82.0,0.0,-0.0,0.787226155304086,0.07281204283017104,Champions,199.16787759636495
16185,16,2,529.41,232,31,1,264.705,1.0,194.41,215.0,0.0,-0.0,0.5803283582089552,0.3760976581662065,Loyal,199.10986120977137
16400,94,1,303.93,94,28,1,303.93,0.0,0.0,95.0,0.0,-0.0,1.0,0.6551014715975575,Hibernating,199.10499026264566
17733,38,2,692.19,261,33,1,346.095,1.0,475.24,222.0,0.0,-0.0,2.1905508181608666,0.2873537337472335,Loyal,198.90338096249758
14597,11,2,866.24,191,45,1,433.12,1.0,701.14,180.0,0.0,-0.0,4.246759539672926,0.2294545277331353,Loyal,198.7626901035511
15469,50,2,538.55,120,24,1,269.275,1.0,234.25,69.0,2.0,0.06322532726766317,0.7697995399277029,0.3688221441264455,Loyal,198.6291657192972
15241,66,8,1738.59,283,81,1,217.32375,2.0,411.58000000000004,30.428571428571427,0.0,-0.0,0.9304677432724698,0.11419846311482977,Loyal,198.54430598681188
16721,262,1,292.47,262,37,1,292.47,0.0,0.0,263.0,0.0,-0.0,1.0,0.6784574798746729,Hibernating,198.42845913894558
14005,9,5,2874.72,215,53,1,574.944,2.0,2178.16,51.25,0.0,-0.0,4.690536350063167,0.06901001867455026,Champions,198.38448088410308
13587,63,1,347.0,63,5,1,347.0,1.0,347.0,64.0,0.0,-0.0,1.0,0.5717035923548434,Needs attention,198.38114654713064
14651,67,2,653.75,211,95,1,326.875,1.0,238.28,143.0,0.0,-0.0,0.5735191469901557,0.3033545955528016,Loyal,198.31806684264404
18092,2,11,9068.26,365,28,1,824.3872727272727,3.0,3216.7799999999997,35.9,1.0,0.0002756868462086442,1.465967584269279,0.02186649882143414,Champions,198.29109660245837
13946,79,3,561.5699999999999,267,11,1,187.18999999999997,1.0,75.6,94.0,0.0,-0.0,0.31113031668621516,0.35289637708717275,Hibernating,198.17601848084357
15279,354,1,290.51,354,19,1,290.51,0.0,0.0,355.0,1.0,0.045093112113180275,1.0,0.6818741733239384,Hibernating,198.09126609233735
12541,29,3,841.18,280,45,0,280.3933333333333,1.0,361.03999999999996,125.0,0.0,-0.0,1.5038946973799305,0.23543631000439835,Loyal,198.0443152494998
16429,106,1,284.55,106,2,1,284.55,0.0,0.0,107.0,0.0,-0.0,1.0,0.6958435397710738,Hibernating,198.00227924185907
12693,127,4,711.91,319,34,0,177.9775,0.0,0.0,63.666666666666664,2.0,0.0350465648747735,1.0,0.27802457128462177,At risk (was loyal),197.92847254323507
14528,37,1,364.21999999999997,37,18,1,364.21999999999997,1.0,364.21999999999997,38.0,0.0,-0.0,1.0,0.5430690917472539,Needs attention,197.7966245961848
14616,242,3,406.08000000000004,317,2,1,135.36,0.0,0.0,36.5,0.0,-0.0,1.0,0.4867728039920961,Hibernating,197.66870024511041
17124,185,1,294.24,185,31,1,294.24,0.0,0.0,186.0,0.0,-0.0,1.0,0.6706513455324081,Hibernating,197.33245190945578
13427,19,3,582.6,215,25,1,194.20000000000002,1.0,117.74000000000001,97.5,0.0,-0.0,0.5065611151744611,0.3386328197513139,Loyal,197.28748078711547
12593,108,3,382.09999999999997,218,13,0,127.36666666666666,0.0,0.0,55.0,0.0,-0.0,1.0,0.5160112079138764,Hibernating,197.16788254389218
12912,2,5,1662.3,40,17,1,332.46,5.0,1662.3,8.75,0.0,-0.0,1.0,0.1185695064050012,Champions,197.0980904970335
13515,72,4,891.12,247,50,1,222.78,1.0,367.16,57.666666666666664,0.0,-0.0,2.102221543629285,0.22115866871443077,At risk (was loyal),197.07891286480356
13745,162,1,291.54,162,24,1,291.54,0.0,0.0,163.0,0.0,-0.0,1.0,0.67598800581683,Hibernating,197.07754321583866
15865,40,3,895.13,213,37,1,298.37666666666667,2.0,581.2,86.0,0.0,-0.0,0.9256840696970663,0.22005080357438406,Loyal,196.9740758035384
14023,7,2,584.07,250,30,1,292.035,1.0,310.93,242.0,0.0,-0.0,1.1383539576773816,0.3368108860741728,Loyal,196.72113422934214
15678,52,1,352.7,52,12,1,352.7,1.0,352.7,53.0,0.0,-0.0,1.0,0.5572515625209108,Needs attention,196.54262610112522
17101,10,4,1621.73,178,28,1,405.4325,3.0,1391.15,55.333333333333336,0.0,-0.0,2.0110879810333366,0.12114407809684645,Champions,196.4629857719988
16927,115,3,543.05,361,5,1,181.01666666666665,0.0,0.0,122.5,0.0,-0.0,1.0,0.3616207135752003,At risk (was loyal),196.37812850701252
14229,51,3,1532.2,333,28,1,510.73333333333335,1.0,785.0699999999999,140.5,2.0,0.05325675499282077,2.101561977165955,0.12812603918461088,Loyal,196.3147172386608
12623,276,1,269.1,276,17,0,269.1,0.0,0.0,277.0,0.0,-0.0,1.0,0.7291217175803899,Hibernating,196.20665420088295
16169,8,4,1822.97,75,71,1,455.7425,4.0,1822.97,22.333333333333332,0.0,-0.0,1.0,0.10759974281401996,Champions,196.15110315767396
16020,16,3,851.01,65,42,1,283.67,3.0,851.01,24.0,0.0,-0.0,1.0,0.23047524850925194,Champions,196.1367412338585
15618,32,4,756.93,136,36,1,189.2325,1.0,357.81,34.333333333333336,1.0,0.013079148666323176,2.6894918821407097,0.25893168187450144,Champions,195.99315796126635
15396,112,1,288.18,112,14,1,288.18,0.0,0.0,113.0,0.0,-0.0,1.0,0.6798786791569473,Hibernating,195.92743775944908
15296,50,5,3627.16,326,137,1,725.432,1.0,1073.37,68.5,2.0,0.004645507780191666,1.681218894270868,0.05400615383705968,Loyal,195.88896095162937
12600,28,10,2311.04,371,31,0,231.10399999999998,2.0,590.48,37.666666666666664,0.0,-0.0,1.3727623564420888,0.0847454804123352,Champions,195.85019505212315
17495,7,2,497.56,38,21,1,248.78,2.0,497.56,31.0,0.0,-0.0,1.0,0.39311655477881935,Loyal,195.59907299574937
16639,31,3,1170.21,235,47,1,390.07,1.0,699.06,102.0,1.0,0.0007092744037394997,2.967462591531359,0.16714136856164677,Champions,195.59050090452467
13803,255,1,277.07,255,17,1,277.07,0.0,0.0,256.0,0.0,-0.0,1.0,0.7055541183113218,Hibernating,195.4878795605179
16616,15,2,500.42,157,31,1,250.21,1.0,290.32,142.0,0.0,-0.0,1.3818181818181816,0.39045858137667266,Loyal,195.39328329251455
14029,63,2,467.66,144,15,1,233.83,1.0,302.46,80.0,0.0,-0.0,1.8308716707021788,0.41775788067005504,Loyal,195.36865047415796
14024,121,2,327.7,124,16,1,163.85,0.0,0.0,2.0,0.0,-0.0,1.0,0.5961144461866065,Hibernating,195.34670401535092
12452,16,1,348.57,16,20,0,348.57,1.0,348.57,17.0,0.0,-0.0,1.0,0.5591155622469006,New / recent,194.89091153240216
17719,37,15,5381.04,255,111,1,358.736,3.0,918.64,14.928571428571429,2.0,0.0024604909088205996,0.8234492649695232,0.036155489429896416,Loyal,194.55413484184982
14664,19,2,636.24,33,78,1,318.12,2.0,636.24,13.0,0.0,-0.0,1.0,0.30563903716359375,Loyal,194.4597810049649
16966,8,7,2154.97,240,8,1,307.8528571428571,3.0,668.41,38.166666666666664,2.0,0.0027842614978398775,0.5995138664657553,0.09016703583335607,Champions,194.30725720980732
18150,32,3,566.58,201,29,1,188.86,1.0,153.3,84.5,0.0,-0.0,0.7418699186991871,0.3429058786314763,Loyal,194.28361271502186
13647,9,4,1648.1200000000001,234,65,1,412.03000000000003,2.0,844.26,74.66666666666667,1.0,0.004793340290755527,1.0502575075261862,0.11776703636974262,Champions,194.0942079817002
17447,40,2,541.53,71,33,1,270.765,2.0,541.53,31.0,0.0,-0.0,1.0,0.35833352005075414,Loyal,194.0483511130849
15951,8,2,708.22,285,36,1,354.11,1.0,333.05,276.0,1.0,0.05457343763237413,0.8877308953274516,0.273844339945219,Loyal,193.942038436003
13211,10,3,1095.42,361,45,1,365.14000000000004,1.0,310.78,175.0,0.0,-0.0,0.7921594616639476,0.17701007436204394,Loyal,193.9003756576702
17694,141,1,283.12,141,15,1,283.12,0.0,0.0,142.0,0.0,-0.0,1.0,0.6846366738095061,Hibernating,193.83433508894737
12750,128,1,275.88,128,15,0,275.88,0.0,0.0,129.0,0.0,-0.0,1.0,0.7022536835272168,Hibernating,193.73774621148857
14816,197,1,271.85,197,4,1,271.85,0.0,0.0,198.0,0.0,-0.0,1.0,0.7117608611426935,Hibernating,193.49219010164126
16571,26,3,1345.35,281,69,1,448.45,1.0,455.52,127.0,2.0,0.04469468911435687,1.0238360136205793,0.14374818402724215,Champions,193.39161938105022
13246,18,6,1961.52,330,110,1,326.92,1.0,123.01,62.2,1.0,0.03323952852889596,0.33453720675982185,0.09851780892684682,Champions,193.24465256618856
12347,2,7,4310.0,367,103,0,615.7142857142857,2.0,1519.14,60.333333333333336,0.0,-0.0,1.3608170958055938,0.04482700092509854,Champions,193.2043739871747
14727,274,1,268.58,274,10,1,268.58,0.0,0.0,275.0,0.0,-0.0,1.0,0.7190107613112965,Hibernating,193.111910272988
14804,8,1,353.27,8,12,1,353.27,1.0,353.27,9.0,0.0,-0.0,1.0,0.546541585830624,New / recent,193.0767460263845
13844,11,1,361.62,11,20,1,361.62,1.0,361.62,12.0,0.0,-0.0,1.0,0.5335492826364987,New / recent,192.94209158701065
13617,40,3,544.18,180,31,1,181.39333333333332,1.0,178.48000000000002,70.0,0.0,-0.0,0.9761006289308177,0.3543979411386081,Loyal,192.85627160880776
18164,37,1,399.65000000000003,37,24,1,399.65000000000003,1.0,399.65000000000003,38.0,1.0,0.012385837607906918,1.0,0.4823808112787655,Needs attention,192.78349122755864
15664,50,1,386.43,50,17,1,386.43,1.0,386.43,51.0,1.0,0.0719405843231633,1.0,0.49821564952236974,Needs attention,192.52547344492933
14708,2,3,1096.6699999999998,368,24,1,365.5566666666666,1.0,425.19,182.5,0.0,-0.0,1.2664264013820217,0.1755035366293779,Loyal,192.46946351533984
15051,23,3,1383.3600000000001,150,130,1,461.12000000000006,2.0,1005.62,63.0,0.0,-0.0,1.3311007571345368,0.13911528873024073,Loyal,192.44652581786585
16379,4,4,2131.9,78,87,1,532.975,4.0,2131.9,24.666666666666668,0.0,-0.0,1.0,0.09005336788744452,Champions,191.98477499924297
14450,180,3,483.25,320,32,1,161.08333333333334,0.0,0.0,69.5,0.0,-0.0,1.0,0.39726515581088745,Hibernating,191.97838654561136
16143,3,6,2424.94,369,75,1,404.1566666666667,1.0,475.58000000000004,72.6,1.0,0.0021031448200780224,1.2198362539500145,0.07916742081912717,Champions,191.97624544113424
13359,63,1,389.56,63,22,1,389.56,1.0,389.56,64.0,1.0,0.021306088920833764,1.0,0.49268060940051006,Needs attention,191.9286581980627
14289,8,6,911.26,289,33,1,151.87666666666667,1.0,78.48,55.6,0.0,-0.0,0.4711928720670525,0.2105420188630225,Champions,191.8585201091179
14013,110,3,473.02,275,30,1,157.67333333333332,0.0,0.0,82.5,0.0,-0.0,1.0,0.40558122809193975,Hibernating,191.84803251204934
15644,166,4,803.54,261,166,1,200.885,0.0,0.0,31.0,0.0,-0.0,1.0,0.2386069820013653,At risk (was loyal),191.73025431737705
12391,21,1,439.66,21,92,0,439.66,1.0,439.66,22.0,0.0,-0.0,1.0,0.4357878701753047,New / recent,191.59849500127447
16201,3,4,1838.27,109,73,1,459.5675,3.0,1534.47,35.0,1.0,0.00911182796868795,1.6836405529953915,0.10422679072519048,Champions,191.59698258639588
18230,9,7,2810.2000000000003,302,32,1,401.4571428571429,2.0,663.84,48.333333333333336,3.0,0.033307237919009317,0.7732160494977542,0.06813217839986202,Champions,191.46504773929226
18136,63,3,761.83,319,33,1,253.94333333333336,1.0,183.48000000000002,127.5,0.0,-0.0,0.6344946831503415,0.2511792719859192,Loyal,191.35590477703283
17158,32,3,1266.97,360,53,1,422.3233333333333,1.0,568.42,163.5,0.0,-0.0,1.6274282442201704,0.15103081719456066,Loyal,191.35151446099252
16164,17,3,822.48,42,27,1,274.16,3.0,822.48,12.5,1.0,0.02425590895827254,1.0,0.23254466578710759,Champions,191.26333671658026
13927,74,1,348.99,74,21,1,348.99,1.0,348.99,75.0,0.0,-0.0,1.0,0.547930938871971,Hibernating,191.22241835692915
14549,311,1,289.24,311,56,1,289.24,0.0,0.0,312.0,0.0,-0.0,1.0,0.6610556080667802,Hibernating,191.2037240772355
13923,53,1,351.13,53,20,1,351.13,1.0,351.13,54.0,0.0,-0.0,1.0,0.5443615770270636,Needs attention,191.1416805415128
14466,29,7,2272.4,372,35,1,324.62857142857143,2.0,691.95,56.833333333333336,0.0,-0.0,1.0945458571925717,0.08405862700016808,Champions,191.01482399518196
13167,18,4,779.33,143,50,1,194.8325,2.0,361.78000000000003,41.0,0.0,-0.0,0.8664351574661717,0.2449481813103591,Champions,190.89546614060217
15793,14,3,948.96,268,5,1,316.32,2.0,642.32,126.5,0.0,-0.0,1.0473519436472738,0.20106969569614502,Champions,190.8070984278138
18232,81,4,592.97,197,31,1,148.2425,1.0,92.35000000000001,38.333333333333336,1.0,0.017707472553417543,0.5534137669290081,0.3217268939522648,At risk (was loyal),190.77439630687445
17248,120,1,318.65,120,68,1,318.65,0.0,0.0,121.0,0.0,-0.0,1.0,0.5985552429637389,Hibernating,190.72962817039536
13973,287,1,264.7,287,11,1,264.7,0.0,0.0,288.0,0.0,-0.0,1.0,0.7202630864544592,Hibernating,190.65363898449536
16352,17,2,494.44,37,28,1,247.22,2.0,494.44,20.0,0.0,-0.0,1.0,0.38531412273834786,Loyal,190.51471484674872
14114,273,2,386.53,330,15,1,193.265,0.0,0.0,56.0,0.0,-0.0,1.0,0.4926616691791118,Hibernating,190.42851498780206
16824,15,2,460.64,164,23,1,230.32,1.0,237.74,148.0,0.0,-0.0,1.0665769403319874,0.4133370866740683,Loyal,190.39959560554283
14423,218,1,265.2,218,3,1,265.2,0.0,0.0,219.0,0.0,-0.0,1.0,0.7173707466753253,Hibernating,190.24672201829625
17692,127,4,725.5799999999999,359,33,1,181.39499999999998,0.0,0.0,76.66666666666667,1.0,0.010336558339535269,1.0,0.2619447856702124,At risk (was loyal),190.0618975865927
18130,15,3,1059.39,57,58,1,353.13000000000005,3.0,1059.39,20.5,1.0,0.01288477331294424,1.0,0.17935841979148276,Champions,190.01051634289894
15881,312,4,438.24,364,25,1,109.56,0.0,0.0,17.333333333333332,0.0,-0.0,1.0,0.4335277915892837,At risk (was loyal),189.98921938608768
18183,227,2,632.07,274,36,1,316.035,0.0,0.0,47.0,4.0,0.0499153574762289,1.0,0.30053122710321467,Hibernating,189.95677271512892
12947,143,6,1437.14,373,80,1,239.52333333333334,0.0,0.0,45.6,3.0,0.02077041902667798,1.0,0.1320684480922098,At risk (was loyal),189.8008494912384
16204,23,1,384.18,23,45,1,384.18,1.0,384.18,24.0,0.0,-0.0,1.0,0.49357198428682275,New / recent,189.62048492331158
16560,26,2,816.51,358,51,1,408.255,1.0,484.33,331.0,0.0,-0.0,1.4580348004094166,0.23217669220586945,Loyal,189.57459095301445
15608,28,4,1093.68,120,59,1,273.42,3.0,808.0,30.333333333333332,0.0,-0.0,0.9427798002426957,0.17332053892020027,Champions,189.55720700624465
13670,75,1,349.7,75,25,1,349.7,1.0,349.7,76.0,0.0,-0.0,1.0,0.5415111227299602,Hibernating,189.36643961866707
17828,22,4,1125.29,184,52,0,281.3225,1.0,268.53,53.666666666666664,4.0,0.04471736174674973,0.9402749894953079,0.1682521452749252,Champions,189.3324565564206
15619,10,1,336.40000000000003,10,3,1,336.40000000000003,1.0,336.40000000000003,11.0,0.0,-0.0,1.0,0.5627827754353868,New / recent,189.32012565646414
14896,204,2,468.77000000000004,365,43,1,234.38500000000002,0.0,0.0,160.0,0.0,-0.0,1.0,0.4038350174818352,Hibernating,189.3057411449599
14068,320,1,265.85,320,22,1,265.85,0.0,0.0,321.0,0.0,-0.0,1.0,0.7119055221855856,Hibernating,189.26008307303795
13774,81,1,345.0,81,22,1,345.0,1.0,345.0,82.0,0.0,-0.0,1.0,0.5481946293686456,Hibernating,189.12714713218273
12753,22,6,21327.39,362,132,0,3554.565,1.0,4808.48,67.4,5.0,0.01422490046836486,1.455447120905677,0.008860997590667604,Champions,188.98195140522836
13813,39,4,1168.8600000000001,134,53,0,292.21500000000003,3.0,837.72,31.333333333333332,1.0,0.011506938384408739,0.8432687080992934,0.16160579440346862,Loyal,188.89454884643834
17251,362,1,269.83,362,37,1,269.83,0.0,0.0,363.0,0.0,-0.0,1.0,0.6996379417308927,Hibernating,188.78330581724677
15671,18,7,2657.13,270,52,1,379.59000000000003,2.0,684.24,41.5,3.0,0.008144125428563902,0.8670529020878001,0.07099324608743196,Champions,188.63828397629808
16183,67,1,338.71000000000004,67,15,1,338.71000000000004,1.0,338.71000000000004,68.0,0.0,-0.0,1.0,0.5566956156276912,Needs attention,188.55837196925532
15119,245,1,266.4,245,14,1,266.4,0.0,0.0,246.0,0.0,-0.0,1.0,0.7077448187688533,Hibernating,188.5432197200225
16052,54,1,362.06,54,34,1,362.06,1.0,362.06,55.0,0.0,-0.0,1.0,0.5207405566853021,Needs attention,188.53932595348047
15145,4,4,1194.73,248,54,1,298.6825,2.0,470.7,81.0,0.0,-0.0,0.6501111832382637,0.15761509406179283,Champions,188.30748132844576
13708,271,1,283.33,271,48,1,283.33,0.0,0.0,272.0,0.0,-0.0,1.0,0.6642657889521105,Hibernating,188.20642598380147
13506,316,2,458.52,369,26,1,229.26,0.0,0.0,53.0,1.0,0.012431300706621304,1.0,0.41028600932323134,Hibernating,188.12434099488803
14150,35,2,658.64,359,23,1,329.32,1.0,352.46000000000004,324.0,0.0,-0.0,1.1511529165850154,0.2851895977603064,Loyal,187.8372766688482
15609,184,1,270.03000000000003,184,14,1,270.03000000000003,0.0,0.0,185.0,0.0,-0.0,1.0,0.6951843480707843,Hibernating,187.7206295095539
12832,32,2,383.03,98,27,1,191.515,1.0,115.23,65.0,0.0,-0.0,0.4302837938760269,0.49005527351339007,New / recent,187.7058714138338
15821,44,2,570.96,61,57,1,285.48,2.0,570.96,17.0,0.0,-0.0,1.0,0.328115812331525,Loyal,187.3410042088075
12617,29,1,352.98,29,39,0,352.98,1.0,352.98,30.0,0.0,-0.0,1.0,0.530582137293231,New / recent,187.28488282176468
16423,24,1,346.12,24,18,1,346.12,1.0,346.12,25.0,0.0,-0.0,1.0,0.5408846381229053,New / recent,187.2109909471
12906,11,5,2919.81,78,55,1,583.962,5.0,2919.81,16.5,0.0,-0.0,1.0,0.06411397674784491,Champions,187.20063044812505
16485,77,1,363.65,77,41,1,363.65,1.0,363.65,78.0,0.0,-0.0,1.0,0.5146177749013141,Hibernating,187.14075384286286
13332,14,1,350.9,14,21,1,350.9,1.0,350.9,15.0,0.0,-0.0,1.0,0.5332035404007919,New / recent,187.10112232663786
14152,75,2,621.29,234,47,1,310.645,1.0,306.78000000000003,158.0,1.0,0.016417454006985466,0.9754220851483261,0.3009386898551492,Hibernating,186.97019862010563
17119,3,2,606.91,59,35,1,303.455,2.0,606.91,56.0,1.0,0.021914287126592085,1.0,0.30792728076290166,Loyal,186.88414596781263
18205,36,2,517.36,74,30,1,258.68,2.0,517.36,38.0,0.0,-0.0,1.0,0.3612213900221211,Loyal,186.88149834184458
16561,5,2,511.12,59,29,1,255.56,2.0,511.12,54.0,0.0,-0.0,1.0,0.3654008484672655,Loyal,186.76368166858876
16297,268,1,281.5,268,19,1,281.5,0.0,0.0,269.0,1.0,0.010479573712255772,1.0,0.6632304233562557,Hibernating,186.69936417478598
14284,30,2,595.25,86,24,1,297.625,2.0,595.25,55.0,1.0,0.028223435531289375,1.0,0.3133088876982794,Loyal,186.49711540240082
14513,100,3,438.49,288,6,1,146.16333333333333,0.0,0.0,93.5,0.0,-0.0,1.0,0.4251986337728679,Hibernating,186.44534892306484
15125,25,14,11285.28,270,100,1,806.0914285714287,3.0,668.8,18.692307692307693,6.0,0.014269030099386102,0.23098679286040819,0.016520446171737976,Champions,186.43786077299114
17973,51,1,337.04,51,15,1,337.04,1.0,337.04,52.0,0.0,-0.0,1.0,0.5529072402002712,Needs attention,186.3518562370994
14339,242,1,299.56,242,13,1,299.56,0.0,0.0,243.0,2.0,0.01946187742021632,1.0,0.6215752055762302,Hibernating,186.19906858241555
13318,1,3,640.76,37,14,1,213.58666666666667,3.0,640.76,17.5,0.0,-0.0,1.0,0.29055545586538656,Loyal,186.17631390030508
12582,238,2,351.36,288,20,0,175.68,0.0,0.0,49.0,0.0,-0.0,1.0,0.5289257548406467,Hibernating,185.84335322080966
12942,131,3,675.6,365,68,1,225.20000000000002,0.0,0.0,117.0,0.0,-0.0,1.0,0.27506454727076124,Hibernating,185.8336081361263
14356,79,2,683.89,81,32,1,341.945,2.0,683.89,1.0,2.0,0.024784687595958414,1.0,0.27142107038438024,Hibernating,185.6221558251738
17720,26,4,1195.94,367,39,1,298.985,1.0,308.34,113.33333333333333,0.0,-0.0,1.0421586300135197,0.15518354147608515,Champions,185.5902045929093
17453,17,2,486.71999999999997,64,19,1,243.35999999999999,2.0,486.71999999999997,46.0,0.0,-0.0,1.0,0.3812161014985734,Loyal,185.5455009213856
15510,330,1,250.0,330,1,1,250.0,0.0,0.0,331.0,0.0,-0.0,1.0,0.7417780138044201,Hibernating,185.44450345110502
14916,70,4,1268.98,324,72,1,317.245,1.0,301.21999999999997,83.66666666666667,1.0,0.003262462765370612,0.9337645697280317,0.145973291222259,Loyal,185.23718709522223
16788,123,2,592.74,254,137,1,296.37,0.0,0.0,131.0,0.0,-0.0,1.0,0.31246751845881726,Hibernating,185.21199689127934
13439,255,1,283.71,255,54,1,283.71,0.0,0.0,256.0,0.0,-0.0,1.0,0.6517130736113114,Hibernating,184.89751611426513
16826,51,1,341.7,51,22,1,341.7,1.0,341.7,52.0,0.0,-0.0,1.0,0.5410715915047193,Needs attention,184.88416281716258
18035,35,3,713.89,43,44,1,237.96333333333334,3.0,713.89,3.5,0.0,-0.0,1.0,0.25897852768325236,Loyal,184.88218112779703
16780,100,2,422.24,259,51,1,211.12,0.0,0.0,158.0,0.0,-0.0,1.0,0.4376915215529078,Hibernating,184.81086806049979
17070,114,1,304.24,114,62,1,304.24,0.0,0.0,115.0,0.0,-0.0,1.0,0.6068521051987665,Hibernating,184.62868448567275
15345,45,1,373.59000000000003,45,19,1,373.59000000000003,1.0,373.59000000000003,46.0,1.0,0.015792713937739233,1.0,0.49412331640091117,Needs attention,184.59952977421642
18181,24,1,366.85,24,40,1,366.85,1.0,366.85,25.0,0.0,-0.0,1.0,0.5031123476070045,New / recent,184.56676471962962
15473,14,5,1465.2,60,4,1,293.04,5.0,1465.2,11.0,0.0,-0.0,1.0,0.12589754223625219,Champions,184.4650788845567
13178,26,11,5725.47,360,95,1,520.4972727272727,3.0,1333.74,32.9,0.0,-0.0,0.8098494215263687,0.032187705921756335,Champions,184.28974462383826
17459,43,2,657.3,60,88,1,328.65,2.0,657.3,16.0,0.0,-0.0,1.0,0.2802653062729197,Loyal,184.21838581319008
16187,31,15,6841.24,284,159,1,456.0826666666666,3.0,1515.74,17.5,0.0,-0.0,1.1384771382968735,0.026911923634885312,Champions,184.1109284479228
15880,369,1,299.03000000000003,369,94,1,299.03000000000003,0.0,0.0,370.0,0.0,-0.0,1.0,0.615581190828602,Hibernating,184.07724349347686
18259,24,3,2338.6000000000004,366,27,1,779.5333333333334,2.0,1962.3000000000002,170.5,0.0,-0.0,2.6073611480201966,0.0786855954689016,Champions,184.0141335635733
16389,53,4,1382.07,283,33,1,345.5175,2.0,711.9,76.0,1.0,0.014326336582083396,1.0622677828013787,0.1331363332050862,Loyal,184.00373203275348
15489,22,3,1134.28,211,47,1,378.0933333333333,2.0,786.02,93.5,1.0,0.039011531544239524,1.1284959513007524,0.16214792755445398,Loyal,183.92115126646607
15520,1,1,343.5,1,18,1,343.5,1.0,343.5,2.0,0.0,-0.0,1.0,0.5354166783204857,New / recent,183.91562900308682
13430,18,2,666.97,86,47,1,333.485,2.0,666.97,67.0,1.0,0.02233983537490442,1.0,0.27563635566357925,New / recent,183.84118013693745
16177,50,1,331.95,50,15,1,331.95,1.0,331.95,51.0,0.0,-0.0,1.0,0.5529398370135364,Needs attention,183.5483788966434
17911,9,1,366.23,9,39,1,366.23,1.0,366.23,10.0,0.0,-0.0,1.0,0.5011354288604538,New / recent,183.530828111564
15517,233,1,267.03,233,27,1,267.03,0.0,0.0,234.0,0.0,-0.0,1.0,0.6869377408745652,Hibernating,183.43298494573511
15976,165,2,427.64,220,83,1,213.82,0.0,0.0,54.0,0.0,-0.0,1.0,0.4289037216519399,Hibernating,183.41638752723557
13292,38,2,578.9399999999999,284,29,1,289.46999999999997,1.0,329.37,245.0,0.0,-0.0,1.319749969948311,0.316764717707724,Needs attention,183.38776566970972
14818,73,3,657.8,253,41,1,219.26666666666665,1.0,248.17000000000002,89.5,0.0,-0.0,1.2116788321167884,0.27869202400307475,Hibernating,183.32361338922254
16976,267,1,251.51999999999998,267,2,1,251.51999999999998,0.0,0.0,268.0,0.0,-0.0,1.0,0.7284300164244354,Hibernating,183.214717731074
14424,17,1,322.08,17,1,1,322.08,1.0,322.08,18.0,0.0,-0.0,1.0,0.5685216953815837,New / recent,183.10946764850047
17925,372,1,244.08,372,1,1,244.08,0.0,0.0,373.0,0.0,-0.0,1.0,0.7496307649819737,Hibernating,182.96987711680015
16034,196,3,437.7,332,18,1,145.9,0.0,0.0,68.0,0.0,-0.0,1.0,0.4176236580010336,At risk (was loyal),182.7938751070524
14035,28,5,1428.02,297,41,1,285.604,2.0,590.76,66.75,0.0,-0.0,1.0583809091560568,0.12796297859116823,Champions,182.73369268776005
17728,3,3,2876.01,86,153,1,958.6700000000001,3.0,2876.01,41.0,1.0,0.005319870236890692,1.0,0.0635215486041001,Champions,182.68860900087793
15062,71,4,987.86,359,47,1,246.965,1.0,173.82,95.33333333333333,0.0,-0.0,0.6405827723453393,0.18491992797596327,Loyal,182.6750000503351
15408,264,1,267.18,264,34,1,267.18,0.0,0.0,265.0,0.0,-0.0,1.0,0.6834157357004172,Hibernating,182.59501626443748
15143,225,1,259.45,225,14,1,259.45,0.0,0.0,226.0,0.0,-0.0,1.0,0.7037154856911354,Hibernating,182.57898276256506
18139,17,6,8438.34,18,35,1,1406.39,6.0,8438.34,0.0,0.0,-0.0,1.0,0.021619751491091407,Champions,182.43481379733626
13055,78,3,1214.41,213,74,1,404.80333333333334,2.0,869.55,67.5,1.0,0.010251891865185563,1.2607289914748012,0.15021310806666333,Hibernating,182.4203005672366
12785,364,1,255.95,364,13,0,255.95,0.0,0.0,365.0,1.0,0.024379761672201603,1.0,0.7126897530820536,Hibernating,182.41294230135162
12795,18,1,318.48,18,13,0,318.48,1.0,318.48,19.0,0.0,-0.0,1.0,0.5726974418682936,New / recent,182.39268128621416
14620,205,2,412.78000000000003,283,26,1,206.39000000000001,0.0,0.0,78.0,1.0,0.047240660884732784,1.0,0.44184543040048013,Hibernating,182.3849567607102
12457,81,4,1667.88,239,52,0,416.97,2.0,939.63,52.0,3.0,0.042029402594910906,1.2902574665293511,0.10934319531403346,At risk (was loyal),182.37132860037013
12715,106,1,263.36,106,19,0,263.36,0.0,0.0,107.0,0.0,-0.0,1.0,0.692142820053093,Hibernating,182.28273308918259
13695,31,15,2504.13,259,46,1,166.942,3.0,737.0600000000001,15.928571428571429,0.0,-0.0,1.6684341876665894,0.07276937720594777,Champions,182.22398054273
15181,66,3,689.4799999999999,269,11,1,229.82666666666663,1.0,254.48,101.5,1.0,0.00717932354818124,1.1700229885057472,0.2642584835068002,Loyal,182.20093920826858
16871,22,6,2778.44,270,130,1,463.0733333333333,2.0,774.52,49.6,1.0,0.006100545629921826,0.7730049103756638,0.06557394565767528,Champions,182.19327357311133
16510,372,1,248.1,372,13,1,248.1,0.0,0.0,373.0,0.0,-0.0,1.0,0.7342657657126247,Hibernating,182.17133647330218
14404,33,6,1409.72,369,69,1,234.95333333333335,1.0,126.79999999999998,66.6,0.0,-0.0,0.4941851401490349,0.12915320286118434,Loyal,182.06985313746878
13141,84,5,2388.75,315,113,1,477.75,1.0,987.72,57.25,1.0,0.0012349555206698064,2.8199824414894756,0.07621760714104914,At risk (was loyal),182.06480905818114
15346,332,1,252.42000000000002,332,17,1,252.42000000000002,0.0,0.0,333.0,0.0,-0.0,1.0,0.7211680496558383,Hibernating,182.0372390941267
17472,191,3,697.54,299,142,1,232.51333333333332,0.0,0.0,53.5,0.0,-0.0,1.0,0.2607934935152176,At risk (was loyal),181.91389346660486
15115,18,1,340.11,18,21,1,340.11,1.0,340.11,19.0,0.0,-0.0,1.0,0.5347677321569836,New / recent,181.8798533839117
13227,201,1,257.7,201,9,1,257.7,0.0,0.0,202.0,0.0,-0.0,1.0,0.7057741114283265,Hibernating,181.87798851507972
17456,365,1,249.86,365,17,1,249.86,0.0,0.0,366.0,0.0,-0.0,1.0,0.7276503656758005,Hibernating,181.81072036775552
12589,28,2,574.68,144,28,0,287.34,1.0,461.18,115.0,0.0,-0.0,4.063259911894273,0.31628331061646003,New / recent,181.76169294506724
15568,2,3,758.29,73,27,1,252.76333333333332,3.0,758.29,34.5,0.0,-0.0,1.0,0.2396028180941909,Loyal,181.68842093264402
14998,170,2,414.87,241,70,1,207.435,0.0,0.0,71.0,0.0,-0.0,1.0,0.4376901062324647,Hibernating,181.58449437266262
16637,32,4,1124.59,225,63,1,281.1475,2.0,594.04,64.0,0.0,-0.0,1.1196682687776836,0.16127011802848015,Loyal,181.3627620336485
13982,39,4,1869.26,365,72,1,467.315,1.0,641.67,108.33333333333333,1.0,0.004360014123235933,1.5681212782769491,0.09697517067385603,Loyal,181.2718075338121
13812,42,3,485.0,105,32,0,161.66666666666666,2.0,224.26,31.0,0.0,-0.0,0.4300452558103858,0.37373976255292196,Loyal,181.26378483816714
16989,7,6,1133.25,150,7,1,188.875,4.0,242.54999999999998,28.2,0.0,-0.0,0.1361569552037723,0.15988597749147962,Champions,181.19078399221928
13557,28,2,584.06,280,31,1,292.03,1.0,343.38,252.0,0.0,-0.0,1.4267076616253946,0.3101792551782709,New / recent,181.16329577942088
16971,38,1,357.21,38,40,1,357.21,1.0,357.21,39.0,0.0,-0.0,1.0,0.5070740949254411,Needs attention,181.1319374483168
14950,19,1,371.2,19,19,1,371.2,1.0,371.2,20.0,1.0,0.026804956896551723,1.0,0.4879215722884183,New / recent,181.11648763346088
13372,89,1,328.64,89,22,1,328.64,1.0,328.64,90.0,0.0,-0.0,1.0,0.5510239625808387,Hibernating,181.08851506256684
13743,2,7,1341.6,259,8,1,191.65714285714284,2.0,429.47999999999996,42.166666666666664,1.0,0.001080799045915325,1.177147743717932,0.13486550233449415,Champions,180.93555793195733
15963,19,2,470.76,45,26,1,235.38,2.0,470.76,25.0,0.0,-0.0,1.0,0.3841579942417709,Loyal,180.84621736925607
16999,23,2,484.82,74,21,1,242.41,2.0,484.82,50.0,0.0,-0.0,1.0,0.37300453803530137,Loyal,180.84006013027482
13626,252,1,257.23,252,19,1,257.23,0.0,0.0,253.0,0.0,-0.0,1.0,0.7022915958767766,Hibernating,180.65046720738326
18066,75,1,318.0,75,10,1,318.0,1.0,318.0,76.0,0.0,-0.0,1.0,0.5679603916374972,Hibernating,180.61140454072412
13351,66,1,323.94,66,15,1,323.94,1.0,323.94,67.0,0.0,-0.0,1.0,0.5572505947939722,Needs attention,180.51575767755935
12552,39,1,317.82,39,19,0,317.82,1.0,317.82,40.0,0.0,-0.0,1.0,0.5679643614285623,Needs attention,180.51043334922568
12680,0,4,790.81,113,32,0,197.7025,3.0,515.03,37.0,0.0,-0.0,0.6225131143181764,0.22805289298355383,Champions,180.3465083003242
16743,29,7,2183.13,358,89,1,311.8757142857143,1.0,352.23,54.333333333333336,1.0,0.007443441297586492,1.1542847779780434,0.08256051289935923,Champions,180.24033252597812
16036,87,2,758.92,263,55,1,379.46,1.0,570.19,176.0,0.0,-0.0,3.0211942987336413,0.23734356398106815,Hibernating,180.12477757651223
16803,65,1,332.3,65,24,1,332.3,1.0,332.3,66.0,0.0,-0.0,1.0,0.541677361643511,Needs attention,179.9993872741387
17929,11,4,843.0,308,4,1,210.75,1.0,136.0,98.66666666666667,1.0,0.010083036773428233,0.5770862800565771,0.21343044056252355,Champions,179.92186139420735
17062,313,4,528.29,369,51,1,132.0725,0.0,0.0,18.0,1.0,0.007382308959094437,1.0,0.340493697646305,At risk (was loyal),179.87941552956644
12384,28,2,425.27000000000004,121,25,0,212.63500000000002,1.0,212.58,92.0,1.0,0.0449361582053754,0.9994828153650854,0.4229063809161781,New / recent,179.84939661222307
17154,75,1,329.34,75,23,1,329.34,1.0,329.34,76.0,0.0,-0.0,1.0,0.5459294675582658,Hibernating,179.79641084563923
18108,254,1,271.0,254,17,1,271.0,0.0,0.0,255.0,1.0,0.023431734317343172,1.0,0.6632683018952106,Hibernating,179.74570981360208
12532,30,1,313.83000000000004,30,15,0,313.83000000000004,1.0,313.83000000000004,31.0,0.0,-0.0,1.0,0.5725598960397569,New / recent,179.68647217415693
13157,49,4,1723.22,298,68,1,430.805,1.0,868.02,82.66666666666667,1.0,0.0009575097782059168,3.0449719363891488,0.10415808692540074,Loyal,179.48729855158908
14133,129,3,605.64,315,25,1,201.88,0.0,0.0,93.0,2.0,0.02526253219734496,1.0,0.29623340220719385,Hibernating,179.4107977127649
13046,30,2,629.31,266,33,1,314.655,1.0,431.59,235.0,0.0,-0.0,2.1828343111470767,0.2850379368502253,New / recent,179.3772240392153
16292,121,1,282.35,121,16,1,282.35,0.0,0.0,122.0,1.0,0.005135470161147512,1.0,0.6349173696923068,Hibernating,179.26891933262286
17052,28,1,399.09,28,72,1,399.09,1.0,399.09,29.0,0.0,-0.0,1.0,0.4490822845409896,New / recent,179.22424893746353
15626,74,2,675.8,329,49,1,337.9,1.0,393.92,254.0,0.0,-0.0,1.3974741024549455,0.2650817627319406,Hibernating,179.14225525424547
17115,8,3,824.75,233,33,1,274.9166666666667,1.0,224.68,112.0,2.0,0.021642922097605335,0.7488459679704036,0.216997761840453,Champions,178.9689040779136
15186,14,2,411.41,168,17,1,205.705,1.0,182.15,154.0,0.0,-0.0,0.7945127802494985,0.43490099898289986,Loyal,178.92261999155485
16978,77,1,344.33,77,39,1,344.33,1.0,344.33,78.0,0.0,-0.0,1.0,0.5190083252571522,Hibernating,178.7101366357952
14484,50,1,321.92,50,14,1,321.92,1.0,321.92,51.0,0.0,-0.0,1.0,0.5551319345158208,Needs attention,178.70807235933304
12719,5,2,537.5500000000001,65,32,0,268.77500000000003,2.0,537.5500000000001,59.0,1.0,0.0026974234954887915,1.0,0.33235910707023014,New / recent,178.65963800560223
13652,45,3,1095.08,368,48,1,365.02666666666664,1.0,456.84000000000003,161.0,0.0,-0.0,1.4315617949360744,0.16288256439614637,Loyal,178.36943861893195
17267,127,2,317.2,127,37,1,158.6,0.0,0.0,0.0,0.0,-0.0,1.0,0.5621491373062262,Hibernating,178.31370635353494
17512,28,10,2924.9900000000002,301,61,1,292.499,2.0,1033.09,30.0,1.0,0.0016923134779947965,2.1842380675511386,0.06095612594496262,Champions,178.29605882775624
13822,5,2,632.0,40,90,1,316.0,2.0,632.0,34.0,0.0,-0.0,1.0,0.28207031748829137,New / recent,178.26844065260013
16627,79,1,322.8,79,20,1,322.8,1.0,322.8,80.0,0.0,-0.0,1.0,0.5522159579444882,Hibernating,178.2553112244808
13512,260,1,251.21,260,15,1,251.21,0.0,0.0,261.0,0.0,-0.0,1.0,0.7095078175256492,Hibernating,178.23545884061832
14332,22,3,840.21,147,22,1,280.07,2.0,721.17,62.0,0.0,-0.0,3.029107862903226,0.21208824809819532,Loyal,178.1986669345847
12884,88,1,309.05,88,7,1,309.05,1.0,309.05,89.0,0.0,-0.0,1.0,0.5764666965245928,Hibernating,178.15703256092542
16318,35,1,328.15,35,19,1,328.15,1.0,328.15,36.0,0.0,-0.0,1.0,0.5428825529935035,Needs attention,178.14690976481816
17172,78,1,317.76,78,15,1,317.76,1.0,317.76,79.0,0.0,-0.0,1.0,0.5604873438191018,Hibernating,178.10045837195779
17041,26,3,1055.69,360,58,1,351.8966666666667,1.0,320.6,166.5,0.0,-0.0,0.8722741433021809,0.1686907059907115,Champions,178.08509140733423
12953,9,1,329.85,9,17,1,329.85,1.0,329.85,10.0,0.0,-0.0,1.0,0.5397707353698349,New / recent,178.04337706174005
16727,364,1,256.32,364,41,1,256.32,0.0,0.0,365.0,0.0,-0.0,1.0,0.6945047474104012,Hibernating,178.01545685623404
15484,1,4,3559.21,78,135,1,889.8025,4.0,3559.21,25.0,0.0,-0.0,1.0,0.04998680086335164,Champions,177.91352150084978
14129,1,5,1123.8600000000001,260,31,1,224.77200000000002,2.0,397.63,64.5,0.0,-0.0,0.8212893986753507,0.15828943853506627,Champions,177.8951683920196
14754,44,2,638.05,295,38,1,319.025,1.0,409.78,250.0,0.0,-0.0,1.7951548604722478,0.2787222672634325,Loyal,177.8387426274331
15766,64,1,315.06,64,11,1,315.06,1.0,315.06,65.0,0.0,-0.0,1.0,0.5638257339731938,Needs attention,177.63893574559444
13728,36,6,1016.14,310,38,1,169.35666666666665,1.0,219.12,54.0,0.0,-0.0,1.3746204612180373,0.17478011026710236,Loyal,177.60106124681337
13845,64,1,312.98,64,9,1,312.98,1.0,312.98,65.0,0.0,-0.0,1.0,0.5672192705371618,Needs attention,177.5282872927209
13301,103,4,600.19,292,74,1,150.0475,0.0,0.0,62.333333333333336,0.0,-0.0,1.0,0.2957591343597566,At risk (was loyal),177.51167485138234
16676,33,4,1575.1200000000001,337,74,1,393.78000000000003,1.0,493.62,100.66666666666667,1.0,0.010411905124688911,1.369264909847434,0.11269131832292113,Loyal,177.50234931679955
15006,51,1,475.43,51,120,1,475.43,1.0,475.43,52.0,0.0,-0.0,1.0,0.37307252639420035,Needs attention,177.36987122359469
16903,29,1,363.2,29,50,1,363.2,1.0,363.2,30.0,0.0,-0.0,1.0,0.48784562877050125,New / recent,177.18553236944604
16306,213,5,607.37,367,36,1,121.474,0.0,0.0,38.25,1.0,0.008396858587022736,1.0,0.29163256164831425,At risk (was loyal),177.12886896833663
16225,44,5,1096.32,277,109,1,219.26399999999998,1.0,142.68,57.5,0.0,-0.0,0.598464829495407,0.16154811414855344,Loyal,177.1084285033421
16776,60,1,371.54,60,61,1,371.54,1.0,371.54,61.0,0.0,-0.0,1.0,0.4766452894273049,Needs attention,177.09279083382086
12879,44,3,573.22,91,7,1,191.07333333333335,2.0,432.71999999999997,23.0,1.0,0.036024562995010646,1.5399288256227759,0.3089281905856281,Loyal,177.08381740749374
14350,274,1,265.05,274,17,1,265.05,0.0,0.0,275.0,1.0,0.02395774382192039,1.0,0.6676830752986616,Hibernating,176.96939910791025
16043,37,4,773.99,317,30,1,193.4975,1.0,97.5,93.0,0.0,-0.0,0.43237889695339177,0.2286134554664342,Loyal,176.9445283964654
16366,18,1,327.3,18,18,1,327.3,1.0,327.3,19.0,0.0,-0.0,1.0,0.5404445025797208,New / recent,176.88748569434262
16139,18,3,635.41,206,25,1,211.8033333333333,1.0,329.04,93.5,0.0,-0.0,2.1479909912850474,0.2782932051357521,Champions,176.83028547530824
16071,44,1,326.24,44,21,1,326.24,1.0,326.24,45.0,0.0,-0.0,1.0,0.5418635053196322,Needs attention,176.77754997547683
15153,31,1,329.25,31,22,1,329.25,1.0,329.25,32.0,0.0,-0.0,1.0,0.5368708546723543,New / recent,176.76472890087265
13496,10,2,653.33,359,28,1,326.665,1.0,152.32,349.0,1.0,0.05418394991811183,0.30402586774715074,0.2705163600903565,New / recent,176.73645353783263
14609,72,4,601.56,296,2,1,150.39,1.0,115.2,74.0,0.0,-0.0,0.7105847520355293,0.29375290711469754,At risk (was loyal),176.70999880391744
13801,66,1,324.8,66,23,1,324.8,1.0,324.8,67.0,0.0,-0.0,1.0,0.5439853201925894,Needs attention,176.68643199855305
15780,183,3,475.28000000000003,357,26,1,158.42666666666668,0.0,0.0,86.5,0.0,-0.0,1.0,0.3716683606827272,At risk (was loyal),176.6465384652866
16629,73,2,408.63,96,58,1,204.315,1.0,180.95,22.0,0.0,-0.0,0.7947557976106816,0.4321433620734411,Hibernating,176.58674204407023
17222,65,1,328.65,65,27,1,328.65,1.0,328.65,66.0,0.0,-0.0,1.0,0.5368980136276187,Needs attention,176.45153217871686
13986,17,1,320.46,17,12,1,320.46,1.0,320.46,18.0,0.0,-0.0,1.0,0.5505062058791116,New / recent,176.41521873602008
17612,53,6,2008.55,297,115,1,334.7583333333333,1.0,365.51,48.6,2.0,0.004097483259067487,1.1122979355341318,0.08776912981386716,Loyal,176.28868568764287
15385,40,1,316.88,40,12,1,316.88,1.0,316.88,41.0,0.0,-0.0,1.0,0.5562786149131776,Needs attention,176.27356749368772
16279,21,3,1502.78,176,102,1,500.9266666666667,2.0,1143.7,77.0,1.0,0.008584090818349991,1.5925420519104376,0.11727599093797691,Champions,176.24001366177293
16759,7,3,789.79,30,40,1,263.2633333333333,3.0,789.79,11.5,1.0,0.021461401131946466,1.0,0.22310001500465415,Champions,176.2021608505258
14093,12,1,433.86,12,95,1,433.86,1.0,433.86,13.0,0.0,-0.0,1.0,0.405816647878405,New / recent,176.0676108485248
13434,74,2,534.24,96,9,1,267.12,1.0,461.40000000000003,22.0,0.0,-0.0,5.0,0.32942849480586706,Hibernating,175.99387906508642
14626,23,4,2776.27,233,107,1,694.0675,2.0,1219.98,69.33333333333333,3.0,0.0069157538712012875,0.7839027430620258,0.0633481850386691,Champions,175.87166567730586
13343,177,1,253.93,177,15,1,253.93,0.0,0.0,178.0,0.0,-0.0,1.0,0.6924176297099006,Hibernating,175.82560871223507
15882,198,4,493.08000000000004,368,21,1,123.27000000000001,0.0,0.0,56.333333333333336,0.0,-0.0,1.0,0.3564562652574608,At risk (was loyal),175.7614552731488
17931,134,2,408.36,255,63,1,204.18,0.0,0.0,121.0,0.0,-0.0,1.0,0.4302694337332518,Hibernating,175.7048259593107
12561,302,1,238.85,302,16,0,238.85,0.0,0.0,303.0,0.0,-0.0,1.0,0.7356251885228138,Hibernating,175.70407627867408
14775,58,3,1011.9,372,57,1,337.3,1.0,310.44,156.5,0.0,-0.0,0.8851253100675733,0.17360109503561036,Loyal,175.6669480665341
12749,3,5,4040.88,213,159,1,808.176,2.0,1285.65,51.75,3.0,0.05510680841796836,0.6999324920242594,0.043470587308599117,Champions,175.659426843572
13453,165,2,356.97999999999996,289,16,1,178.48999999999998,0.0,0.0,123.0,0.0,-0.0,1.0,0.4919982066980436,Hibernating,175.6335198270676
16688,1,4,1260.86,60,52,1,315.215,4.0,1260.86,19.333333333333332,0.0,-0.0,1.0,0.1392811185989779,Champions,175.61399119670727
13489,105,4,449.52,294,11,1,112.38,0.0,0.0,62.666666666666664,0.0,-0.0,1.0,0.39036063623156625,At risk (was loyal),175.47491319881365
13856,168,3,388.5,203,10,1,129.5,0.0,0.0,17.0,2.0,0.06460746460746461,1.0,0.451575993333073,Hibernating,175.43727340989886
17655,10,7,2571.7400000000002,366,64,1,367.3914285714286,2.0,735.61,58.666666666666664,0.0,-0.0,1.001576685746652,0.0681663550425215,Champions,175.30614191705425
12904,18,2,496.06,172,59,1,248.03,1.0,251.37,154.0,0.0,-0.0,1.0272998487882627,0.35339182804452574,New / recent,175.30355021976743
12596,51,2,450.27,242,24,0,225.135,1.0,236.32,190.0,0.0,-0.0,1.1045571395185791,0.38929512653529674,Needs attention,175.28791662504807
13566,40,2,856.84,82,134,1,428.42,2.0,856.84,41.0,0.0,-0.0,1.0,0.20452735344601017,Needs attention,175.24721752667935
14149,220,1,267.08,220,17,1,267.08,0.0,0.0,221.0,1.0,0.028643103190055415,1.0,0.6558234240990711,Hibernating,175.1573201083799
15449,26,3,974.52,261,47,1,324.84,1.0,326.82,117.0,2.0,0.003386282477527398,1.0091709124594719,0.17972695164824876,Loyal,175.14750892025137
13645,120,1,252.1,120,5,1,252.1,0.0,0.0,121.0,0.0,-0.0,1.0,0.6947340832236053,Hibernating,175.1424623806709
16830,38,1,325.91,38,23,1,325.91,1.0,325.91,39.0,0.0,-0.0,1.0,0.5371001998621778,Needs attention,175.0463261370824
16250,261,2,389.44,373,22,1,194.72,0.0,0.0,112.0,0.0,-0.0,1.0,0.44831302827139136,Hibernating,174.59102573001064
16383,74,2,643.76,268,80,1,321.88,1.0,334.3,193.0,0.0,-0.0,1.0802688554255802,0.2711977693752614,Hibernating,174.58627601301828
15983,22,4,1465.12,373,82,1,366.28,1.0,326.75,116.66666666666667,0.0,-0.0,0.8610996424712527,0.11914322489211986,Champions,174.55912165394264
16455,63,7,1841.18,371,69,1,263.0257142857143,1.0,517.8,51.0,0.0,-0.0,2.3476250207801233,0.0947795944716232,Loyal,174.5062937492632
12599,29,7,888.58,304,31,0,126.94000000000001,1.0,157.54,45.333333333333336,0.0,-0.0,1.2930072225869993,0.19626765160584705,Champions,174.39950986392358
16091,154,2,315.06,198,16,1,157.53,0.0,0.0,43.0,0.0,-0.0,1.0,0.5535173167761599,Hibernating,174.39116582349695
13667,149,1,299.05,149,82,1,299.05,0.0,0.0,150.0,0.0,-0.0,1.0,0.5829887268517256,Hibernating,174.34277876500857
17379,11,1,389.71999999999997,11,71,1,389.71999999999997,1.0,389.71999999999997,12.0,0.0,-0.0,1.0,0.44711450252783475,New / recent,174.24946392514775
12601,189,5,487.06,332,20,0,97.412,0.0,0.0,35.25,1.0,0.015398513530160555,1.0,0.3575104004126868,At risk (was loyal),174.12901562500323
13741,71,3,668.4300000000001,217,34,1,222.81000000000003,1.0,305.3,72.5,1.0,0.0031416902293433867,1.6814914768815576,0.2604478561482308,Loyal,174.09116048516194
16488,33,3,498.8,148,28,1,166.26666666666668,1.0,144.23000000000002,57.0,1.0,0.013231756214915798,0.8135488055955101,0.34894484171425033,Loyal,174.05368704706808
12576,35,5,1315.83,304,72,0,263.166,1.0,379.28,67.0,1.0,0.006725792845580358,1.619902834872671,0.13224833555677593,Loyal,174.01632737567246
13200,19,4,870.09,126,42,1,217.5225,3.0,550.77,35.0,0.0,-0.0,0.5749404985594389,0.19973858595081354,Champions,173.79054624994336
17519,17,6,1844.02,368,60,1,307.33666666666664,1.0,356.02,69.6,1.0,0.002684352664287806,1.19630376344086,0.09423871943800309,Champions,173.77808341806644
13183,7,9,3957.78,334,51,1,439.75333333333333,3.0,1562.8000000000002,40.25,0.0,-0.0,1.3050630902972051,0.04390653912351768,Champions,173.7724224122758
14629,4,2,955.26,47,133,1,477.63,2.0,955.26,43.0,1.0,0.020727341247409083,1.0,0.18187925106736802,Loyal,173.74197337461396
14511,11,5,1267.4099999999999,133,50,1,253.48199999999997,3.0,937.52,30.25,0.0,-0.0,1.8946113350914953,0.13702510192422535,Champions,173.66698442978242
17278,241,1,246.04,241,15,1,246.04,0.0,0.0,242.0,0.0,-0.0,1.0,0.705684502098192,Hibernating,173.62661489623915
13233,74,2,605.12,336,43,1,302.56,1.0,300.88,261.0,0.0,-0.0,0.9889560872995004,0.28681045323365956,Hibernating,173.55474146075207
15243,74,1,316.68,74,22,1,316.68,1.0,316.68,75.0,0.0,-0.0,1.0,0.5480272375137943,Hibernating,173.5492655758684
15249,31,13,6688.46,256,211,1,514.496923076923,2.0,1049.1200000000001,18.333333333333332,2.0,0.004649799804439288,1.023197750091323,0.025937472287725326,Champions,173.48174589755934
17035,245,2,398.28000000000003,311,24,1,199.14000000000001,0.0,0.0,65.0,1.0,0.024982424425027613,1.0,0.43524828460870923,Hibernating,173.35068679395673
16181,73,1,305.54,73,11,1,305.54,1.0,305.54,74.0,0.0,-0.0,1.0,0.5665081856743323,Hibernating,173.0909110509355
13362,9,4,3090.7400000000002,287,128,1,772.6850000000001,2.0,1509.21,92.33333333333333,1.0,0.001698622336398403,0.954272128887849,0.055992428186945095,Champions,173.0580374945187
17392,306,2,411.27,358,52,1,205.635,0.0,0.0,51.0,0.0,-0.0,1.0,0.42022658101440624,Hibernating,172.82658597379483
13821,144,2,385.64,261,51,1,192.82,0.0,0.0,116.0,0.0,-0.0,1.0,0.4478683150810599,Hibernating,172.71593702785992
15261,135,1,254.82,135,19,1,254.82,0.0,0.0,136.0,0.0,-0.0,1.0,0.6777572071469681,Hibernating,172.7060915251904
15399,1,3,815.77,79,45,1,271.92333333333335,3.0,815.77,38.0,0.0,-0.0,1.0,0.2116667767533212,Loyal,172.67140647205684
15839,33,3,1036.59,148,56,1,345.53,2.0,737.41,57.0,2.0,0.015290519877675844,1.2323851861755466,0.1664147314043486,Loyal,172.50384642643368
15009,12,3,1259.43,25,148,1,419.81,3.0,1259.43,6.0,0.0,-0.0,1.0,0.13690263880390907,Loyal,172.4192903888072
15203,25,6,1827.8,311,82,1,304.6333333333333,2.0,499.48,56.6,0.0,-0.0,0.7520476993495544,0.09432180451085448,Champions,172.4013942849398
17259,148,2,581.23,368,104,1,290.615,0.0,0.0,220.0,0.0,-0.0,1.0,0.29648658165961345,Hibernating,172.32689585801714
14951,79,1,311.69,79,20,1,311.69,1.0,311.69,80.0,0.0,-0.0,1.0,0.5528167635383061,Hibernating,172.30745702725463
12981,29,2,372.21999999999997,133,12,1,186.10999999999999,1.0,185.04,103.0,0.0,-0.0,0.9885671546105352,0.4628073860621454,New / recent,172.26616524005175
17229,96,2,318.76,142,39,1,159.38,0.0,0.0,46.0,0.0,-0.0,1.0,0.5403483364965423,Hibernating,172.24143574163784
12940,54,2,899.69,87,87,1,449.845,2.0,899.69,33.0,2.0,0.04140314997387989,1.0,0.19142535723355175,Needs attention,172.2234796494542
12712,28,13,3832.23,371,54,0,294.7869230769231,2.0,404.05,28.0,3.0,0.010594353679189402,0.6482375487868198,0.04492755490112007,Champions,172.17272371871937
15118,134,1,244.8,134,1,1,244.8,0.0,0.0,135.0,0.0,-0.0,1.0,0.7032947672601368,Hibernating,172.16655902528152
12375,10,2,377.5,98,13,0,188.75,1.0,187.20000000000002,87.0,1.0,0.005509933774834437,0.9837099316868103,0.45600841214706195,New / recent,172.14317558551588
17321,8,2,657.16,67,94,1,328.58,2.0,657.16,59.0,0.0,-0.0,1.0,0.26178252267617397,Loyal,172.03300260187447
12845,267,4,354.09,290,26,1,88.5225,0.0,0.0,7.333333333333333,0.0,-0.0,1.0,0.48567394220360627,At risk (was loyal),171.97228619487493
16948,138,3,435.02,325,15,1,145.00666666666666,0.0,0.0,93.0,0.0,-0.0,1.0,0.3953098509265984,At risk (was loyal),171.96769135008884
16430,57,1,300.85,57,6,1,300.85,1.0,300.85,58.0,0.0,-0.0,1.0,0.5710980138952099,Needs attention,171.8148374803739
17968,373,1,265.1,373,74,1,265.1,0.0,0.0,374.0,0.0,-0.0,1.0,0.6478108498845967,Hibernating,171.7346563044066
16955,184,4,493.67,373,17,1,123.4175,0.0,0.0,62.333333333333336,0.0,-0.0,1.0,0.3477907726404461,At risk (was loyal),171.69387072940904
13654,43,6,2707.33,273,157,1,451.22166666666664,2.0,993.0600000000001,45.8,0.0,-0.0,1.158580620322353,0.06337233065669413,Loyal,171.56981195678773
17936,5,1,380.13,5,68,1,380.13,1.0,380.13,6.0,0.0,-0.0,1.0,0.4511333254821775,New / recent,171.48931101554012
13352,60,1,347.97999999999996,60,23,1,347.97999999999996,1.0,347.97999999999996,61.0,1.0,0.0250014368641876,1.0,0.49256369762305163,Needs attention,171.40231549886948
13897,50,1,311.16,50,17,1,311.16,1.0,311.16,51.0,0.0,-0.0,1.0,0.550761236091955,Needs attention,171.37486622237273
15659,43,1,306.45,43,11,1,306.45,1.0,306.45,44.0,0.0,-0.0,1.0,0.5592148719677451,Needs attention,171.37139751451548
17162,28,10,1715.46,305,81,1,171.546,1.0,251.8,30.444444444444443,1.0,0.004809205694099541,1.548310399956274,0.09988824376281628,Champions,171.35428664536082
15411,26,4,1336.43,182,85,1,334.1075,2.0,954.22,52.0,0.0,-0.0,2.496585646634049,0.128192714235663,Champions,171.3205890859671
16552,242,2,379.73,373,17,1,189.865,0.0,0.0,130.0,0.0,-0.0,1.0,0.4510518323869495,Hibernating,171.27791231229634
13790,4,1,348.8,4,45,1,348.8,1.0,348.8,5.0,0.0,-0.0,1.0,0.49084541502759554,New / recent,171.20688076162534
16583,373,1,233.45,373,14,1,233.45,0.0,0.0,374.0,0.0,-0.0,1.0,0.7332461459323336,Hibernating,171.17631276790328
12944,35,2,604.51,354,29,1,302.255,1.0,317.56,319.0,0.0,-0.0,1.1066736365220422,0.28306941213307996,Needs attention,171.11829032856815
14273,51,4,559.97,242,22,1,139.9925,1.0,109.92,63.0,0.0,-0.0,0.7327185868236862,0.30555653370593655,Loyal,171.1024921793133
15801,46,3,1063.95,109,61,1,354.65000000000003,2.0,926.73,31.0,1.0,0.02045208891395272,3.3768036729339745,0.1607264969855417,Loyal,171.0049564677671
16124,317,1,249.0,317,11,1,249.0,0.0,0.0,318.0,1.0,0.24839357429718872,1.0,0.6865796873053408,Hibernating,170.95834213902987
18078,217,2,336.13,259,27,1,168.065,0.0,0.0,41.0,0.0,-0.0,1.0,0.5085376055428744,Hibernating,170.93474535112637
14665,89,4,1259.23,310,62,1,314.8075,1.0,544.52,73.66666666666667,1.0,0.0006750156841879561,2.2856263379552546,0.13574518218734968,At risk (was loyal),170.93440576577635
12726,28,7,2411.1,357,56,0,344.4428571428571,2.0,1051.78,54.166666666666664,0.0,-0.0,1.9343863108024602,0.07088312673144678,Champions,170.90630686219134
13772,33,3,1122.63,239,141,1,374.21000000000004,1.0,439.66,102.5,0.0,-0.0,1.287494326251519,0.15223225890971068,Loyal,170.9005008198085
15814,16,4,1945.33,50,63,1,486.3325,4.0,1945.33,10.666666666666666,2.0,0.05274169421126493,1.0,0.08785003307343979,Champions,170.89730483875462
16796,89,1,305.62,89,18,1,305.62,1.0,305.62,90.0,0.0,-0.0,1.0,0.5588649265091302,Hibernating,170.80029883972037
17593,3,5,3908.86,352,190,1,781.772,1.0,678.2,86.75,1.0,0.00019954667089637387,0.8397045804881975,0.04368905735751136,Champions,170.77440874248185
13786,367,1,230.39999999999998,367,7,1,230.39999999999998,0.0,0.0,368.0,0.0,-0.0,1.0,0.741180522555147,Hibernating,170.76799239670586
14286,23,3,4613.51,242,220,1,1537.8366666666668,2.0,2568.47,109.5,1.0,0.003836558282088908,0.6279754919219185,0.03700870873684875,Loyal,170.74004784453908
17674,74,2,551.04,368,19,1,275.52,1.0,250.38,294.0,0.0,-0.0,0.8327679105966872,0.3098149572503969,Hibernating,170.7204340432587
15456,283,3,434.59000000000003,359,48,1,144.86333333333334,0.0,0.0,37.5,0.0,-0.0,1.0,0.392505405101528,Hibernating,170.57892400307307
15185,70,1,310.62,70,21,1,310.62,1.0,310.62,71.0,0.0,-0.0,1.0,0.5490371107398039,Needs attention,170.54190733799788
16884,37,2,429.84000000000003,37,26,1,214.92000000000002,2.0,429.84000000000003,0.0,0.0,-0.0,1.0,0.39674474609454524,Loyal,170.53676166127934
14779,280,3,386.15,323,40,1,128.71666666666667,0.0,0.0,21.5,0.0,-0.0,1.0,0.44114963552179637,Hibernating,170.34993175674165
14720,5,3,663.81,126,34,1,221.26999999999998,2.0,508.01,60.0,0.0,-0.0,1.6303273427471114,0.2565428821458634,Loyal,170.29573059724558
16123,51,1,307.78,51,16,1,307.78,1.0,307.78,52.0,0.0,-0.0,1.0,0.5528384343775264,Needs attention,170.15261333271508
17350,8,4,1251.44,51,66,1,312.86,4.0,1251.44,14.0,0.0,-0.0,1.0,0.13580862442678251,Champions,169.95634495265273
17031,11,2,380.35,154,19,1,190.175,1.0,154.4,143.0,0.0,-0.0,0.6833370214649259,0.44672021026729203,Loyal,169.91003197516454
18215,89,1,299.34000000000003,89,13,1,299.34000000000003,1.0,299.34000000000003,90.0,0.0,-0.0,1.0,0.5674172711232651,Hibernating,169.8506859380382
13835,25,4,834.57,215,48,1,208.6425,2.0,297.23,62.666666666666664,0.0,-0.0,0.5531507053262368,0.2034874467885249,Champions,169.82451846629922
14703,14,1,318.17,14,22,1,318.17,1.0,318.17,15.0,0.0,-0.0,1.0,0.5333231682796791,New / recent,169.6874324515455
17060,266,1,234.24,266,5,1,234.24,0.0,0.0,267.0,0.0,-0.0,1.0,0.7243651932367595,Hibernating,169.67530286377857
17351,36,3,587.15,273,22,1,195.71666666666667,1.0,159.85,118.0,0.0,-0.0,0.7481862859817459,0.2888076743756604,Loyal,169.573426009669
13121,269,1,254.73,269,47,1,254.73,0.0,0.0,270.0,0.0,-0.0,1.0,0.6655241243331933,Hibernating,169.52896019139433
16341,24,4,1971.87,201,60,1,492.9675,3.0,1174.22,58.333333333333336,2.0,0.0063340889612398385,0.49069976388975955,0.0859729915714846,Champions,169.5275628900633
13000,106,3,534.85,364,30,1,178.28333333333333,0.0,0.0,128.5,0.0,-0.0,1.0,0.3165778916072291,Hibernating,169.3216853261265
14810,40,11,2085.33,369,106,1,189.57545454545453,1.0,218.55,32.3,0.0,-0.0,1.170732491241603,0.08118872506365182,Loyal,169.30528403698506
17303,361,1,250.04,361,53,1,250.04,0.0,0.0,362.0,0.0,-0.0,1.0,0.6766429314829426,Hibernating,169.18779858799496
12672,329,1,225.89999999999998,329,10,0,225.89999999999998,0.0,0.0,330.0,0.0,-0.0,1.0,0.7484463629505781,Hibernating,169.07403339053556
13725,49,8,1967.36,308,94,1,245.92,1.0,114.86,36.57142857142857,3.0,0.08008193721535459,0.4340188933873144,0.08593030335853824,Loyal,169.05584161545377
14853,24,2,475.8,211,8,1,237.9,1.0,261.3,187.0,1.0,0.026796973518284993,1.2181818181818183,0.3551723108502457,Loyal,168.99098550254692
17854,185,2,311.26,227,15,1,155.63,0.0,0.0,41.0,0.0,-0.0,1.0,0.5429042817387422,Hibernating,168.98438673400088
13091,28,1,345.82,28,21,1,345.82,1.0,345.82,29.0,1.0,0.07518362153721589,1.0,0.48837539519375345,New / recent,168.8899791659038
13456,17,6,1746.3200000000002,207,42,1,291.05333333333334,3.0,911.6600000000001,37.4,1.0,0.004867378258280269,1.0922531330122445,0.09667110678509498,Champions,168.8186872009471
16926,371,1,230.25,371,14,1,230.25,0.0,0.0,372.0,0.0,-0.0,1.0,0.7328824572918136,Hibernating,168.74618579144007
15467,9,3,524.88,152,41,1,174.96,1.0,122.32,71.0,1.0,0.024767565919829294,0.6077106518282989,0.3214652713635469,Loyal,168.7306916332985
15030,71,2,518.28,268,7,1,259.14,1.0,365.52000000000004,196.0,0.0,-0.0,2.3927729772191677,0.3253855840594021,Loyal,168.64084050630692
16378,247,3,362.95,310,22,1,120.98333333333333,0.0,0.0,31.0,0.0,-0.0,1.0,0.4644568604177451,At risk (was loyal),168.57461748862056
16706,37,3,531.35,114,108,1,177.11666666666667,1.0,119.8,38.0,0.0,-0.0,0.5821892844125867,0.3171735332633595,Loyal,168.5301568994861
17736,9,2,337.49,113,23,1,168.745,1.0,30.0,104.0,0.0,-0.0,0.09756414842759113,0.4992044415601808,Loyal,168.47650698214542
12910,23,8,3075.04,241,48,1,384.38,4.0,1588.14,31.0,0.0,-0.0,1.068087968256103,0.05475120835251534,Champions,168.36215573231877
17481,3,4,1255.59,93,69,1,313.8975,3.0,994.96,29.666666666666668,1.0,0.004977739548738044,1.2725063627876045,0.13408370260624605,Champions,168.35415615537647
16756,214,1,239.4,214,13,1,239.4,0.0,0.0,215.0,0.0,-0.0,1.0,0.7029927101652211,Hibernating,168.29645481355394
18188,15,3,2001.04,290,63,1,667.0133333333333,2.0,1574.44,137.0,1.0,0.0012743373445808178,1.845335208626348,0.08407171313428596,Champions,168.23086085023158
15900,23,1,337.28,23,44,1,337.28,1.0,337.28,24.0,0.0,-0.0,1.0,0.4978057447834962,New / recent,167.89992160057758
14067,63,2,374.7,96,51,1,187.35,1.0,150.03,32.0,0.0,-0.0,0.6677794098010416,0.4480414171740778,Loyal,167.88111901512696
16464,19,3,1298.66,142,152,1,432.8866666666667,2.0,918.33,60.5,0.0,-0.0,1.2072805195488128,0.12925150295830717,Champions,167.8537568318352
15835,44,4,954.09,330,47,1,238.5225,1.0,278.58,95.0,0.0,-0.0,1.2371985610871785,0.17584054870762436,Loyal,167.76770911645733
14147,78,2,468.4,285,3,1,234.2,1.0,285.6,207.0,0.0,-0.0,1.562363238512035,0.3581599523897258,Hibernating,167.76212169934757
16447,135,1,255.91,135,34,1,255.91,0.0,0.0,136.0,0.0,-0.0,1.0,0.6554934138221933,Hibernating,167.74731953123748
15699,17,1,309.65,17,18,1,309.65,1.0,309.65,18.0,0.0,-0.0,1.0,0.5411594708548373,New / recent,167.57003015020035
15010,35,1,308.94,35,20,1,308.94,1.0,308.94,36.0,0.0,-0.0,1.0,0.5422679126208267,Needs attention,167.5282489250782
12562,8,7,3385.7400000000002,198,98,0,483.6771428571429,4.0,1942.51,31.333333333333332,0.0,-0.0,1.0094596841806227,0.04947827673825443,Champions,167.52058068377758
14851,23,2,511.35,256,28,1,255.675,1.0,305.22,232.0,0.0,-0.0,1.4807160529762773,0.32751152388075716,Loyal,167.4730177364252
16715,78,1,301.71999999999997,78,19,1,301.71999999999997,1.0,301.71999999999997,79.0,0.0,-0.0,1.0,0.5547633331957694,Hibernating,167.38319289182755
12928,35,5,2062.7000000000003,359,59,1,412.5400000000001,2.0,926.5600000000001,80.5,0.0,-0.0,1.2232999454292603,0.08113654012794208,Loyal,167.36034132190616
15025,33,1,361.96,33,66,1,361.96,1.0,361.96,34.0,0.0,-0.0,1.0,0.4622515759859671,Needs attention,167.31658044388064
15667,39,1,301.32,39,13,1,301.32,1.0,301.32,40.0,0.0,-0.0,1.0,0.5552277690621357,Needs attention,167.30123137380272
15706,63,4,1017.26,116,48,1,254.315,3.0,567.21,16.666666666666668,2.0,0.015187857578200263,0.42010887679146763,0.16430162281182303,Loyal,167.1374688215551
15334,156,3,347.87,173,66,1,115.95666666666666,0.0,0.0,8.0,0.0,-0.0,1.0,0.4800230708559181,Hibernating,166.98562565864825
13347,70,1,291.36,70,7,1,291.36,1.0,291.36,71.0,0.0,-0.0,1.0,0.5730946773589078,Needs attention,166.9768651952914
17824,51,1,298.4,51,13,1,298.4,1.0,298.4,52.0,0.0,-0.0,1.0,0.5582917585731455,Needs attention,166.5942607582266
17527,53,4,898.8100000000001,218,44,1,224.70250000000001,2.0,332.75,54.333333333333336,1.0,0.011070192810493873,0.587835211815002,0.1853378991236457,Loyal,166.583557111324
17510,24,1,308.48,24,20,1,308.48,1.0,308.48,25.0,0.0,-0.0,1.0,0.5396120284353604,New / recent,166.45951853173997
14780,54,2,447.68,79,26,1,223.84,2.0,447.68,24.0,0.0,-0.0,1.0,0.371308601213158,Loyal,166.22743459110657
15656,45,4,748.5,284,46,1,187.125,1.0,184.87,79.33333333333333,0.0,-0.0,0.9839965935099267,0.22183961703168273,Loyal,166.04695334821452
16086,59,5,1121.39,367,24,1,224.27800000000002,1.0,221.69,76.25,1.0,0.0018548408671381052,0.985617428031566,0.14805816130703434,Loyal,166.03094150809525
15809,184,4,399.21,302,24,1,99.8025,0.0,0.0,39.0,0.0,-0.0,1.0,0.4156397890887084,At risk (was loyal),165.92756020210328
17590,2,3,1466.77,40,161,1,488.92333333333335,3.0,1466.77,18.5,0.0,-0.0,1.0,0.113112559209834,Champions,165.9101084722082
17232,2,2,417.77,14,30,1,208.885,2.0,417.77,11.0,0.0,-0.0,1.0,0.3971270695955289,Loyal,165.9077758649241
12890,24,1,376.71999999999997,24,78,1,376.71999999999997,1.0,376.71999999999997,25.0,0.0,-0.0,1.0,0.4394285588746827,New / recent,165.54152669927043
14418,3,3,1937.25,108,114,1,645.75,2.0,1786.81,51.5,0.0,-0.0,5.0,0.08544732079341749,Loyal,165.53282220704804
16475,88,4,544.3,273,23,1,136.075,1.0,85.0,61.333333333333336,0.0,-0.0,0.5551926845199217,0.3037350111441556,At risk (was loyal),165.32296656576386
16295,9,4,1328.55,64,70,1,332.1375,4.0,1328.55,18.0,0.0,-0.0,1.0,0.12440856695199519,Champions,165.2830016240732
12779,37,8,3916.56,371,87,0,489.57,1.0,981.95,47.142857142857146,3.0,0.012219907265559573,2.3422703527896385,0.04219956030539421,Loyal,165.27710990969473
18261,43,2,324.24,95,19,1,162.12,1.0,99.44,52.0,0.0,-0.0,0.44234875444839855,0.5097129702838044,Loyal,165.26933348482072
17615,130,3,329.6,222,13,1,109.86666666666667,0.0,0.0,45.5,0.0,-0.0,1.0,0.501284149040099,At risk (was loyal),165.22325552361664
17877,170,1,237.61,170,12,1,237.61,0.0,0.0,171.0,0.0,-0.0,1.0,0.6953269394376226,Hibernating,165.2166340797735
13570,243,1,239.49,243,27,1,239.49,0.0,0.0,244.0,0.0,-0.0,1.0,0.6892368064126346,Hibernating,165.06532276776187
15466,85,1,334.53,85,56,1,334.53,1.0,334.53,86.0,0.0,-0.0,1.0,0.49313425870643846,Hibernating,164.96820356506484
14948,23,6,1066.57,219,56,1,177.76166666666666,2.0,427.34000000000003,38.8,0.0,-0.0,1.337046133629523,0.15465960517247554,Champions,164.95529508880722
13505,72,4,3583.08,232,181,0,895.77,1.0,1490.51,52.666666666666664,4.0,0.016801187804905277,2.136860415661125,0.046027018725252423,At risk (was loyal),164.91849025407745
16711,3,5,1651.03,357,18,1,330.206,2.0,741.16,88.0,0.0,-0.0,1.2218668601008935,0.09988419310889882,Champions,164.91179934858522
12544,36,1,316.7,36,18,0,316.7,1.0,316.7,37.0,1.0,0.053678560151563,1.0,0.5206909006182621,Needs attention,164.9028082258036
15172,8,5,1624.05,236,106,1,324.81,2.0,737.31,56.5,0.0,-0.0,1.2472257933554367,0.10150717637516417,Champions,164.85272979208537
17223,310,2,381.89,368,42,1,190.945,0.0,0.0,58.0,0.0,-0.0,1.0,0.43153499791399785,Hibernating,164.79890035337664
13147,10,4,712.8000000000001,99,1,1,178.20000000000002,3.0,594.0,29.333333333333332,0.0,-0.0,1.6666666666666665,0.23104862231063714,Champions,164.69145798302216
16324,128,3,408.59000000000003,177,100,1,136.1966666666667,0.0,0.0,24.0,0.0,-0.0,1.0,0.40292016563758004,At risk (was loyal),164.62915047785884
15132,18,5,977.9300000000001,262,49,1,195.586,2.0,135.70000000000002,60.75,0.0,-0.0,0.24167982617574774,0.16833234364827268,Champions,164.61724882395532
17235,25,2,550.06,372,24,1,275.03,1.0,208.16,347.0,0.0,-0.0,0.6088329921029542,0.29923401529835125,Loyal,164.59666245501109
14523,108,1,241.09,108,12,1,241.09,0.0,0.0,109.0,0.0,-0.0,1.0,0.6822605551037004,Hibernating,164.48619722995113
17585,109,4,1116.68,338,176,1,279.17,0.0,0.0,76.0,0.0,-0.0,1.0,0.14704039193879026,At risk (was loyal),164.19706487020832
12423,0,8,1624.11,353,95,0,203.01375,1.0,193.64000000000001,49.857142857142854,0.0,-0.0,0.9475766706047664,0.10106517708986515,Champions,164.14096476342087
15287,22,2,486.69,70,17,1,243.345,2.0,486.69,48.0,1.0,0.0029793092112022027,1.0,0.3372550035041036,Loyal,164.13863765541217
16315,330,1,226.37,330,14,1,226.37,0.0,0.0,331.0,0.0,-0.0,1.0,0.72495678536351,Hibernating,164.10846750273777
17212,253,1,226.85,253,4,1,226.85,0.0,0.0,254.0,0.0,-0.0,1.0,0.7231977182520586,Hibernating,164.0574023854795
15776,133,1,241.62,133,18,1,241.62,0.0,0.0,134.0,0.0,-0.0,1.0,0.678879989375564,Hibernating,164.03098303292379
13187,337,1,236.02,337,37,1,236.02,0.0,0.0,338.0,0.0,-0.0,1.0,0.694690489461979,Hibernating,163.96084932281627
16432,64,1,287.4,64,8,1,287.4,1.0,287.4,65.0,0.0,-0.0,1.0,0.5702295920647976,Needs attention,163.88398475942282
14311,242,1,247.36,242,16,1,247.36,0.0,0.0,243.0,1.0,0.07135349288486416,1.0,0.6624755433120758,Hibernating,163.86995039367508
14075,4,3,942.26,261,33,1,314.08666666666664,2.0,634.34,127.5,0.0,-0.0,1.0300402702000517,0.17390558232543804,Loyal,163.86427400196726
18213,236,1,232.48000000000002,236,15,1,232.48000000000002,0.0,0.0,237.0,0.0,-0.0,1.0,0.7047562538109448,Hibernating,163.84173388596844
13142,19,1,307.09,19,23,1,307.09,1.0,307.09,20.0,0.0,-0.0,1.0,0.5334855575208721,New / recent,163.8280798590846
16368,2,2,479.91,28,58,1,239.955,2.0,479.91,25.0,0.0,-0.0,1.0,0.34135252327569526,Loyal,163.81848944523892
12628,4,3,732.46,64,33,0,244.15333333333334,3.0,732.46,29.5,1.0,0.023004669196952734,1.0,0.22354053650936445,Loyal,163.7345013716491
13049,64,2,656.6800000000001,318,14,1,328.34000000000003,1.0,502.90000000000003,253.0,0.0,-0.0,3.2702562101703734,0.24924320235009956,Needs attention,163.6730261192634
13030,11,2,752.4399999999999,368,76,1,376.21999999999997,1.0,350.08,356.0,0.0,-0.0,0.8700666070185903,0.21746496347549668,New / recent,163.6293371175027
15215,46,3,734.94,96,33,1,244.98000000000002,2.0,434.90000000000003,24.5,3.0,0.16184994693444363,0.7247367017730968,0.22263344685507888,Loyal,163.6222254316717
13712,246,1,228.84,246,10,1,228.84,0.0,0.0,247.0,0.0,-0.0,1.0,0.7136902763999796,Hibernating,163.32088285137135
14692,137,4,591.55,322,53,1,147.8875,0.0,0.0,61.0,1.0,0.016059504691065846,1.0,0.2759961438212652,At risk (was loyal),163.26551887746942
16119,8,2,423.36,72,14,1,211.68,2.0,423.36,64.0,0.0,-0.0,1.0,0.3853928182422897,Loyal,163.1599035310558
14913,35,4,1227.43,359,76,1,306.8575,1.0,310.28000000000003,107.33333333333333,0.0,-0.0,1.0149266750258956,0.13288327128038752,Loyal,163.10491366768605
14902,25,1,332.66,25,20,1,332.66,1.0,332.66,26.0,1.0,0.05576264053387843,1.0,0.48994859439972915,New / recent,162.9862994130139
15857,18,1,297.0,18,14,1,297.0,1.0,297.0,19.0,0.0,-0.0,1.0,0.5487131073607263,New / recent,162.96779288613573
12518,0,5,1840.89,110,83,0,368.178,4.0,1552.06,27.0,0.0,-0.0,1.3434026936260084,0.08850310667165324,Champions,162.92448404077976
13831,16,6,2198.45,369,58,1,366.4083333333333,2.0,747.5999999999999,70.0,0.0,-0.0,1.0305682875555708,0.07409605074822777,Champions,162.89646276744134
15121,50,2,457.72,288,28,1,228.86,1.0,162.57,238.0,0.0,-0.0,0.5508046755886837,0.3558806383670253,Loyal,162.89368579335485
14477,19,4,1309.6,297,7,1,327.4,2.0,786.6,91.66666666666667,1.0,0.0013668295662797802,1.5040152963671127,0.12438276677347143,Champions,162.89167136653816
14500,88,3,356.85,189,6,1,118.95,1.0,21.0,50.0,0.0,-0.0,0.12505582849486377,0.4558032335371776,Hibernating,162.65338388774185
13930,57,2,337.34,136,15,1,168.67,1.0,127.33999999999999,78.0,0.0,-0.0,0.6063809523809524,0.4820448391452953,Loyal,162.6130060372739
13643,31,3,519.44,185,24,1,173.14666666666668,1.0,260.04,76.5,0.0,-0.0,2.0049344641480342,0.31296657040032866,Loyal,162.56735532874674
17194,360,1,226.78,360,25,1,226.78,0.0,0.0,361.0,0.0,-0.0,1.0,0.7160909748939849,Hibernating,162.3951112864579
14307,88,6,2995.72,373,150,1,499.28666666666663,2.0,687.83,56.4,0.0,-0.0,0.5960682701515236,0.05418609996094239,At risk (was loyal),162.32638337499432
15227,36,5,1219.4,317,43,1,243.88000000000002,2.0,342.58,69.75,0.0,-0.0,0.5860609931342807,0.13305293810861946,Loyal,162.24475272965057
12787,9,3,418.66,192,16,0,139.55333333333334,1.0,104.0,91.0,0.0,-0.0,0.6610309540456366,0.38679873122295755,Loyal,161.93715681380343
12676,24,6,1091.39,311,32,0,181.89833333333334,2.0,253.34,56.8,0.0,-0.0,0.6045939979714815,0.14833990719244958,Champions,161.89669131076755
13758,11,7,3190.55,373,104,1,455.79285714285714,2.0,839.03,59.833333333333336,0.0,-0.0,0.8920081479213445,0.05071070031263097,Champions,161.79502488246473
13504,64,1,295.93,64,22,1,295.93,1.0,295.93,65.0,0.0,-0.0,1.0,0.5467201035584662,Needs attention,161.79088024605693
12783,2,4,1295.87,75,74,0,323.9675,4.0,1295.87,24.0,0.0,-0.0,1.0,0.12484574861318386,Champions,161.78386025536656
17966,37,5,1098.43,261,53,1,219.686,1.0,504.0,55.5,0.0,-0.0,3.3914842790572486,0.1472407868362151,Loyal,161.73369748450378
15148,10,1,301.29,10,20,1,301.29,1.0,301.29,11.0,0.0,-0.0,1.0,0.5365878050604607,New / recent,161.6685397866662
14647,201,1,236.04000000000002,201,24,1,236.04000000000002,0.0,0.0,202.0,0.0,-0.0,1.0,0.6847051765055512,Hibernating,161.6178098623703
17789,281,1,225.9,281,14,1,225.9,0.0,0.0,282.0,0.0,-0.0,1.0,0.7152678954664282,Hibernating,161.57901758586613
15019,266,1,252.81,266,64,1,252.81,0.0,0.0,267.0,0.0,-0.0,1.0,0.6391319803860392,Hibernating,161.57895596139457
15918,190,2,334.23,271,33,1,167.115,0.0,0.0,80.0,0.0,-0.0,1.0,0.4830177684804496,Hibernating,161.43902875922066
15870,32,1,351.44,32,68,1,351.44,1.0,351.44,33.0,0.0,-0.0,1.0,0.4592608987441658,New / recent,161.40265025464964
17742,113,2,355.11,332,13,1,177.555,0.0,0.0,219.0,0.0,-0.0,1.0,0.45389032552214764,Hibernating,161.18099349616986
14681,71,3,498.95,211,6,1,166.31666666666666,2.0,105.0,70.0,0.0,-0.0,0.13326564284807718,0.3229456610183254,Loyal,161.13373756509344
13070,192,1,228.8,192,9,1,228.8,0.0,0.0,193.0,0.0,-0.0,1.0,0.7041328418112364,Hibernating,161.1055942064109
14312,46,6,1611.59,337,74,1,268.5983333333333,1.0,564.4,57.6,0.0,-0.0,2.694830928484802,0.0999586461927643,Loyal,161.092354617797
13369,365,1,231.38,365,11,1,231.38,0.0,0.0,366.0,1.0,0.07619500388970527,1.0,0.6961548938841322,Hibernating,161.0763193469105
18154,3,2,399.19,43,15,1,199.595,2.0,399.19,40.0,0.0,-0.0,1.0,0.40336070119153333,Loyal,161.01755830864818
16654,141,4,601.27,368,29,1,150.3175,0.0,0.0,75.33333333333333,1.0,0.010477821943552814,1.0,0.2676032565371492,At risk (was loyal),160.9018100580917
17795,179,2,342.83,264,43,1,171.415,0.0,0.0,85.0,0.0,-0.0,1.0,0.4690656966895724,Hibernating,160.8097927960861
12519,63,1,276.84,63,16,0,276.84,1.0,276.84,64.0,0.0,-0.0,1.0,0.5808109311870281,Needs attention,160.79169818981686
16325,46,3,505.74,245,14,1,168.58,1.0,178.22,99.0,0.0,-0.0,1.0882999511480216,0.31763502830713675,Loyal,160.64073921605134
17614,57,1,386.32,57,97,1,386.32,1.0,386.32,58.0,0.0,-0.0,1.0,0.4157900937513031,Needs attention,160.62802901800342
17171,289,1,224.91,289,16,1,224.91,0.0,0.0,290.0,0.0,-0.0,1.0,0.7141520321529022,Hibernating,160.61993355150923
15661,317,2,309.8,338,4,1,154.9,0.0,0.0,21.0,0.0,-0.0,1.0,0.5180547320192348,Hibernating,160.49335597955894
15318,3,1,312.62,3,33,1,312.62,1.0,312.62,4.0,0.0,-0.0,1.0,0.5126093746521014,New / recent,160.25194270373996
16660,16,3,810.45,319,15,1,270.15000000000003,1.0,426.09,151.0,0.0,-0.0,2.2171401810802376,0.1976736842340461,Champions,160.20463738748268
12888,214,2,354.12,255,4,1,177.06,0.0,0.0,41.0,2.0,0.11394442561843442,1.0,0.45236377629894825,Hibernating,160.19106046298356
16471,274,1,223.95000000000002,274,13,1,223.95000000000002,0.0,0.0,275.0,0.0,-0.0,1.0,0.7152417601062581,Hibernating,160.17839217579652
13596,5,2,664.11,12,133,1,332.055,2.0,664.11,7.0,0.0,-0.0,1.0,0.24116295694700096,New / recent,160.1587313380728
16748,17,5,1515.9,334,42,1,303.18,2.0,605.7,78.75,0.0,-0.0,0.9981872116018458,0.10564145640637565,Champions,160.14188376642485
14517,33,2,330.45,141,17,1,165.225,1.0,78.0,108.0,0.0,-0.0,0.30897207367795604,0.48455137799408937,Loyal,160.12000285814682
16493,79,4,1351.63,329,40,1,337.9075,1.0,569.34,82.66666666666667,2.0,0.016254448332753784,2.1833591123496405,0.11831416487967947,At risk (was loyal),159.91697467632116
15969,2,3,582.9,185,19,1,194.29999999999998,2.0,274.2,91.0,0.0,-0.0,0.44412050534499514,0.27433387276433185,Champions,159.90921443432904
13718,246,2,306.55,295,9,1,153.275,0.0,0.0,49.0,0.0,-0.0,1.0,0.5215924828921941,Hibernating,159.8941756306021
17483,65,3,414.04,183,18,1,138.01333333333335,1.0,139.3,58.0,0.0,-0.0,1.0140496469389242,0.38614929729270026,Loyal,159.88125505106962
16104,61,1,298.21,61,28,1,298.21,1.0,298.21,62.0,0.0,-0.0,1.0,0.5359167405477866,Needs attention,159.81573119875543
17454,192,4,517.53,359,57,1,129.3825,0.0,0.0,55.333333333333336,0.0,-0.0,1.0,0.3085124229143999,At risk (was loyal),159.66443423088938
12673,5,2,574.52,326,41,0,287.26,1.0,353.62,321.0,0.0,-0.0,1.6008148483476685,0.2777100281736227,New / recent,159.54996538630974
17501,220,2,288.6,220,18,1,144.3,0.0,0.0,0.0,0.0,-0.0,1.0,0.5527260236379287,Hibernating,159.51673042190623
16961,116,1,234.17,116,14,1,234.17,0.0,0.0,117.0,0.0,-0.0,1.0,0.681114998773942,Hibernating,159.496699262894
13678,151,1,232.6,151,16,1,232.6,0.0,0.0,152.0,0.0,-0.0,1.0,0.6856684515326139,Hibernating,159.486481826486
13240,96,4,648.7,365,58,1,162.175,0.0,0.0,89.33333333333333,0.0,-0.0,1.0,0.24561961583261646,At risk (was loyal),159.3334447906183
15669,40,4,684.34,263,31,1,171.085,1.0,118.8,74.0,1.0,0.009717391939679108,0.6301941507232026,0.23276997649061065,Loyal,159.2938057115845
17092,50,4,1774.03,277,99,1,443.5075,2.0,1144.71,75.33333333333333,0.0,-0.0,1.8189633254941842,0.08971546050135411,Loyal,159.15791839321722
13382,280,1,222.99,280,15,1,222.99,0.0,0.0,281.0,0.0,-0.0,1.0,0.7137247434311047,Hibernating,159.15348053770205
16587,232,1,225.15,232,13,1,225.15,0.0,0.0,233.0,0.0,-0.0,1.0,0.7067642616713631,Hibernating,159.1279735153074
18171,58,5,1231.31,333,43,1,246.262,1.0,237.0,68.25,2.0,0.01851686415281286,0.9534249881827599,0.12921032848123526,Loyal,159.0979695622298
15528,254,1,229.33,254,26,1,229.33,0.0,0.0,255.0,0.0,-0.0,1.0,0.693037601677059,Hibernating,158.93431319259994
17051,194,1,240.89000000000001,194,40,1,240.89000000000001,0.0,0.0,195.0,0.0,-0.0,1.0,0.6596198298764843,Hibernating,158.8958208189463
12566,86,1,297.65,86,18,0,297.65,1.0,297.65,87.0,1.0,0.016630270451873007,1.0,0.5338098101989184,Hibernating,158.88849000570804
16595,61,1,360.16,61,83,1,360.16,1.0,360.16,62.0,0.0,-0.0,1.0,0.4410412831686634,Needs attention,158.84542854602583
15434,8,5,1002.48,200,37,1,200.496,2.0,454.20000000000005,47.75,1.0,0.004987630675923709,1.2426132632961262,0.15845007216484916,Champions,158.843028343818
15597,35,1,324.57,35,22,1,324.57,1.0,324.57,36.0,1.0,0.02726684536463629,1.0,0.4893895906810167,Needs attention,158.84117944733757
12891,185,3,331.0,292,2,1,110.33333333333333,0.0,0.0,53.5,0.0,-0.0,1.0,0.47968982472720245,Hibernating,158.777331984704
14908,74,1,277.8,74,9,1,277.8,1.0,277.8,75.0,0.0,-0.0,1.0,0.5715122863966734,Hibernating,158.76611316099587
13479,200,2,291.0,234,13,1,145.5,0.0,0.0,33.0,0.0,-0.0,1.0,0.5453278187273477,Hibernating,158.6903952496582
12728,71,4,728.33,332,37,0,182.0825,1.0,201.01999999999998,86.66666666666667,0.0,-0.0,1.1436536382772942,0.21786411763292768,Loyal,158.67697279559022
18221,22,5,1041.61,211,59,1,208.32199999999997,2.0,334.75,46.5,1.0,0.007968433482781465,0.7103599015363721,0.15228646213574848,Champions,158.62310182521696
15312,75,4,924.85,354,42,1,231.2125,1.0,130.05,92.33333333333333,1.0,0.004054711574849976,0.490878208354303,0.17143016189767202,At risk (was loyal),158.54718523106197
17908,373,1,232.03,373,51,1,232.03,0.0,0.0,374.0,0.0,-0.0,1.0,0.6822448162665062,Hibernating,158.30126471831744
17540,24,2,578.9,316,20,1,289.45,1.0,310.1,291.0,1.0,0.014683019519778892,1.1536458333333333,0.27343977342813774,Loyal,158.29428483754893
17442,36,6,2248.56,290,96,1,374.76,1.0,326.87,50.0,4.0,0.017033123421211795,0.8504753628316741,0.07036580064718394,Loyal,158.2217247032319
17381,8,29,20275.61,372,40,1,699.1589655172414,5.0,2013.96,12.571428571428571,1.0,0.00015683868450813563,0.5293611475414325,0.007801560308813219,Champions,158.1813942129764
14320,206,2,382.51,332,23,1,191.255,0.0,0.0,126.0,1.0,0.10300384303678337,1.0,0.41353333186621943,Hibernating,158.18063477214758
13449,23,1,291.88,23,19,1,291.88,1.0,291.88,24.0,0.0,-0.0,1.0,0.5419284204139723,New / recent,158.1780673504302
17073,17,4,1444.84,109,141,1,361.21,3.0,991.05,30.333333333333332,0.0,-0.0,0.727979902598118,0.10943439238528725,Champions,158.11518749395842
14264,154,2,333.97,245,15,1,166.985,0.0,0.0,90.0,1.0,0.04341707338982543,1.0,0.47335302170553406,Hibernating,158.08570865899722
12875,143,2,343.2300000000001,362,1,1,171.61500000000004,0.0,0.0,219.0,0.0,-0.0,1.0,0.46058042182874553,Hibernating,158.08501818428036
17015,28,3,1838.6100000000001,185,182,1,612.87,2.0,1318.06,78.0,0.0,-0.0,1.2660263183171645,0.08597396788317704,Champions,158.07259708968814
15743,16,4,775.96,184,59,1,193.99,2.0,341.91,56.0,0.0,-0.0,0.7877203087201934,0.20357192153018092,Champions,157.9636682305592
14975,57,1,279.94,57,11,1,279.94,1.0,279.94,58.0,0.0,-0.0,1.0,0.5640252934703011,Needs attention,157.89324065407607
18009,235,1,247.39,235,31,1,247.39,0.0,0.0,236.0,1.0,0.020615222927361655,1.0,0.6379492487333654,Hibernating,157.82226464414728
16018,39,2,408.90000000000003,180,26,1,204.45000000000002,1.0,247.0,141.0,0.0,-0.0,1.525633106856084,0.3856101548095888,Loyal,157.6759923016409
17329,14,2,523.11,315,29,1,261.555,1.0,279.75,300.0,0.0,-0.0,1.1495315581854042,0.3011703329651353,Loyal,157.54521287739192
16641,105,1,231.10000000000002,105,12,1,231.10000000000002,0.0,0.0,106.0,0.0,-0.0,1.0,0.6816926010467931,Hibernating,157.5391601019139
13329,31,2,789.0,366,16,1,394.5,1.0,484.79999999999995,335.0,2.0,0.06159695817490495,1.593688362919132,0.19949070980778116,New / recent,157.39817003833934
14823,180,3,321.43,194,56,1,107.14333333333333,0.0,0.0,6.5,0.0,-0.0,1.0,0.48933380446363045,Hibernating,157.28656476874474
15874,63,7,4405.88,284,110,1,629.4114285714286,1.0,2198.13,36.333333333333336,2.0,0.017070369596993106,5.0,0.03564356167238269,Loyal,157.04125550111743
17839,42,1,318.15,42,50,1,318.15,1.0,318.15,43.0,0.0,-0.0,1.0,0.4934966785377444,Needs attention,157.0059682767834
16848,52,1,281.42,52,14,1,281.42,1.0,281.42,53.0,0.0,-0.0,1.0,0.5578027321590019,Needs attention,156.97684488418633
13177,64,1,282.45,64,17,1,282.45,1.0,282.45,65.0,0.0,-0.0,1.0,0.5557094060690617,Needs attention,156.96012174420648
16357,33,3,658.88,213,31,1,219.62666666666667,1.0,400.93,89.5,0.0,-0.0,3.108586935452607,0.23813049593990568,Loyal,156.89942116488504
13600,312,1,219.52,312,19,1,219.52,0.0,0.0,313.0,0.0,-0.0,1.0,0.7147057929359956,Hibernating,156.89221566530975
13008,323,1,229.46999999999997,323,14,1,229.46999999999997,0.0,0.0,324.0,1.0,0.22225127467642833,1.0,0.6835731706114244,Hibernating,156.85953546020355
12732,179,1,218.26000000000002,179,11,0,218.26000000000002,0.0,0.0,180.0,0.0,-0.0,1.0,0.7184321001561846,Hibernating,156.80499018008888
15053,4,3,693.95,281,49,1,231.3166666666667,1.0,215.35,138.0,0.0,-0.0,0.8999164229001253,0.22590724528073614,Loyal,156.76833286256687
17977,29,1,288.14,29,19,1,288.14,1.0,288.14,30.0,0.0,-0.0,1.0,0.5435928288562873,New / recent,156.63083770665062
14179,40,2,701.57,52,135,1,350.785,2.0,701.57,11.0,0.0,-0.0,1.0,0.22322287077059283,Loyal,156.6064694465248
14554,10,4,2279.4900000000002,52,147,1,569.8725000000001,4.0,2279.4900000000002,13.666666666666666,0.0,-0.0,1.0,0.06869258485857388,Champions,156.5840602592706
13066,24,2,430.90000000000003,32,47,1,215.45000000000002,2.0,430.90000000000003,7.0,0.0,-0.0,1.0,0.36315184689022534,New / recent,156.4821308249981
15573,31,2,583.24,85,87,1,291.62,2.0,583.24,53.0,0.0,-0.0,1.0,0.26818379121888325,Loyal,156.41551439050147
12994,4,3,961.6700000000001,268,52,1,320.5566666666667,1.0,328.95,131.5,2.0,0.061819543086505765,1.0397964344417752,0.16263768645706506,Loyal,156.40378393516576
16117,189,1,232.21,189,30,1,232.21,0.0,0.0,190.0,0.0,-0.0,1.0,0.6734341070455194,Hibernating,156.37813399704007
13313,22,5,1555.32,339,47,1,311.06399999999996,2.0,636.98,79.0,0.0,-0.0,1.0404316484090859,0.10050695941736837,Champions,156.32048412102137
16513,4,4,874.59,43,33,1,218.6475,4.0,874.59,12.0,0.0,-0.0,1.0,0.17846110619418584,Champions,156.080298866373
16153,49,5,1824.23,354,78,1,364.846,1.0,800.69,76.0,0.0,-0.0,3.1291009633233684,0.08555511713286088,Loyal,156.0722113272788
16358,1,4,2027.5,184,82,1,506.875,3.0,1565.3500000000001,60.333333333333336,1.0,0.0012577065351418002,1.1290345847307874,0.07694166778382583,Champions,155.99923143170687
17863,59,6,3160.0,369,110,1,526.6666666666666,2.0,1374.72,61.6,0.0,-0.0,1.5400609428212941,0.04936014484098216,Loyal,155.97805769750363
13649,256,2,346.6,366,23,1,173.3,0.0,0.0,109.0,0.0,-0.0,1.0,0.44987017966623455,Hibernating,155.9250042723169
14971,35,3,1097.98,43,144,1,365.99333333333334,3.0,1097.98,4.0,0.0,-0.0,1.0,0.1419752670587718,Loyal,155.88600372519028
18017,81,3,523.0,310,1,1,174.33333333333334,1.0,179.0,114.5,0.0,-0.0,1.0406976744186047,0.29782572036169286,At risk (was loyal),155.76285174916538
17064,58,3,855.45,327,53,1,285.15000000000003,1.0,398.05,133.5,0.0,-0.0,1.7404897245299518,0.18198691739962058,Loyal,155.68070848950543
13611,89,3,1154.4,359,67,1,384.8,1.0,517.68,135.0,1.0,0.01178101178101178,1.626083678854127,0.13481499395730384,Hibernating,155.63042902431155
12828,2,6,1018.71,130,46,1,169.785,3.0,603.2,25.0,0.0,-0.0,1.4517099468123513,0.15275411394772692,Champions,155.6121434196889
14053,124,2,260.25,159,2,1,130.125,0.0,0.0,35.0,0.0,-0.0,1.0,0.5966652457657119,Hibernating,155.28213021052653
17506,75,1,302.2,75,14,1,302.2,1.0,302.2,76.0,1.0,0.026174718729318334,1.0,0.5137741513420532,Hibernating,155.26254853556847
17562,14,7,1107.38,173,47,1,158.19714285714286,3.0,461.28000000000003,26.0,0.0,-0.0,0.9519269462931436,0.1401834477112887,Champions,155.2363463265269
15554,277,1,217.2,277,14,1,217.2,0.0,0.0,278.0,0.0,-0.0,1.0,0.714525547467471,Hibernating,155.19494890993468
13107,44,4,1531.6200000000001,333,54,1,382.90500000000003,2.0,596.4,96.0,1.0,0.004929421135790862,0.6377109129402707,0.10131997414260452,Loyal,155.18369879629594
12747,2,11,4196.01,369,42,1,381.4554545454546,3.0,1426.6100000000001,36.3,0.0,-0.0,1.373688644953179,0.03697548550438364,Champions,155.14950693124882
17997,74,8,1892.86,164,132,1,236.6075,2.0,250.71,12.142857142857142,4.0,0.196734042665596,0.45801540663155005,0.08192215364126504,At risk (was loyal),155.06716774140494
17860,368,1,226.45000000000002,368,49,1,226.45000000000002,0.0,0.0,369.0,0.0,-0.0,1.0,0.684112975938344,Hibernating,154.917383401238
17631,1,3,528.33,232,39,1,176.11,1.0,111.83,115.0,0.0,-0.0,0.5369987995198079,0.29301402199276017,Champions,154.808098239435
16589,71,3,459.24,161,31,1,153.08,1.0,244.56,44.5,0.0,-0.0,2.2783678032420345,0.336945698474346,Loyal,154.73894256735866
16667,68,2,567.1800000000001,284,52,1,283.59000000000003,1.0,366.78,216.0,0.0,-0.0,1.8302395209580837,0.27260994347044365,Loyal,154.61890773756625
12413,66,3,686.1,337,28,0,228.70000000000002,1.0,176.20000000000002,134.5,1.0,0.014502259145897098,0.6911159050794274,0.22529387417930047,Loyal,154.57412707441804
12831,262,1,215.05,262,9,1,215.05,0.0,0.0,263.0,0.0,-0.0,1.0,0.7183325952078421,Hibernating,154.47742459944644
16239,56,2,374.6,189,17,1,187.3,1.0,66.3,132.0,1.0,0.004538174052322477,0.21505027570548166,0.41219813747526596,Loyal,154.40942229823463
17765,158,3,367.63,256,51,1,122.54333333333334,0.0,0.0,49.0,0.0,-0.0,1.0,0.4198442682455172,At risk (was loyal),154.34734833509947
12915,148,2,363.65,372,19,1,181.825,0.0,0.0,223.0,0.0,-0.0,1.0,0.42443674443729473,Hibernating,154.34642211462221
15457,262,1,237.07,262,56,1,237.07,0.0,0.0,263.0,0.0,-0.0,1.0,0.6505850191347942,Hibernating,154.23419048628566
18236,29,6,882.24,240,42,1,147.04,2.0,241.05,41.6,0.0,-0.0,0.7518832171431244,0.1745675020746312,Champions,154.01043303032264
17045,113,3,339.44,247,20,1,113.14666666666666,0.0,0.0,67.0,0.0,-0.0,1.0,0.4533986434902404,At risk (was loyal),153.90163554632719
13816,23,2,499.67,64,24,0,249.835,2.0,499.67,40.0,2.0,0.03328196609762443,1.0,0.30799376878086643,New / recent,153.89524644673554
18168,176,6,1151.54,372,96,1,191.92333333333332,0.0,0.0,39.0,3.0,0.02414158431318061,1.0,0.13356208805741937,At risk (was loyal),153.8020868816407
18114,290,1,220.1,290,28,1,220.1,0.0,0.0,291.0,0.0,-0.0,1.0,0.6977561191931648,Hibernating,153.57612183441557
15712,9,5,1072.3600000000001,287,41,1,214.47200000000004,2.0,306.05,69.25,0.0,-0.0,0.5990721770562827,0.14316994288310794,Champions,153.52971995012965
16752,372,1,207.5,372,9,1,207.5,0.0,0.0,373.0,0.0,-0.0,1.0,0.7397001438296408,Hibernating,153.48777984465045
16009,22,4,972.11,159,68,1,243.0275,3.0,530.52,45.666666666666664,0.0,-0.0,0.40046196698294795,0.15784919976318287,Champions,153.4467855817877
14480,11,1,279.05,11,13,1,279.05,1.0,279.05,12.0,0.0,-0.0,1.0,0.549637631683088,New / recent,153.3763811211657
14226,28,5,2214.79,269,64,1,442.95799999999997,3.0,522.7900000000001,59.5,2.0,0.013793632804916042,0.20598502758077225,0.0692199388078316,Champions,153.30762827219735
13656,164,2,379.65,337,49,1,189.825,0.0,0.0,172.0,0.0,-0.0,1.0,0.40378052176524004,Hibernating,153.29527508817338
16573,84,2,663.61,290,40,1,331.805,1.0,370.98,205.0,2.0,0.02290501951447386,1.2677442504186174,0.23091484172907606,Hibernating,153.23739811983216
16985,17,10,5464.12,358,62,1,546.412,3.0,1885.58,37.55555555555556,1.0,0.0004575302152954181,1.229464157635982,0.028030950087630024,Champions,153.16447499282097
15703,264,1,211.5,264,5,1,211.5,0.0,0.0,265.0,0.0,-0.0,1.0,0.7241212120047337,Hibernating,153.15163633900116
14221,42,9,3432.8,339,123,1,381.4222222222222,2.0,815.79,36.75,1.0,0.0014419715683989746,1.0910409207454308,0.044608465436958365,Loyal,153.13194015199068
16956,17,1,308.74,17,16,1,308.74,1.0,308.74,18.0,1.0,0.05311912936451382,1.0,0.49595986009504067,New / recent,153.12264720574285
17405,1,3,1031.41,150,77,1,343.80333333333334,2.0,638.1,74.0,2.0,0.06223519260042078,0.8111921893671659,0.14845934142072123,Champions,153.1224493347461
17458,15,1,316.5,15,52,1,316.5,1.0,316.5,16.0,0.0,-0.0,1.0,0.4836285362901387,New / recent,153.06843173582888
16157,15,3,656.69,72,12,1,218.89666666666668,3.0,656.69,28.0,1.0,0.018958717202942028,1.0,0.23301782205812152,Champions,153.02047356734784
18276,43,1,335.86,43,14,1,335.86,1.0,335.86,44.0,2.0,0.0372178884058834,1.0,0.45535139965307875,Needs attention,152.93432108748303
17290,3,2,513.01,16,92,1,256.505,2.0,513.01,12.0,0.0,-0.0,1.0,0.2980859412059831,Loyal,152.92106869808137
16928,80,17,2805.5,373,68,1,165.02941176470588,2.0,444.04999999999995,17.8125,1.0,0.02311530921404384,1.4103093438353556,0.05449446505453454,At risk (was loyal),152.88422171049666
13919,59,2,338.31,121,22,0,169.155,1.0,143.16,62.0,1.0,0.07138423339540657,0.7335895465026901,0.45142752665871133,Loyal,152.72244654390863
16833,1,4,1106.53,334,46,1,276.6325,1.0,435.24,110.66666666666667,0.0,-0.0,1.9450907953343561,0.13778056950692213,Champions,152.45833357649454
14880,77,3,690.59,288,45,1,230.1966666666667,1.0,342.92,105.5,0.0,-0.0,1.9726752380130588,0.2207293699164177,Hibernating,152.4334955705789
17855,372,1,208.97,372,17,1,208.97,0.0,0.0,373.0,0.0,-0.0,1.0,0.7292729524856306,Hibernating,152.39616888092223
14460,110,3,434.34,310,14,1,144.78,0.0,0.0,100.0,1.0,0.11741953308468021,1.0,0.3508212890070119,Hibernating,152.37571866730556
17671,15,4,1301.03,365,33,1,325.2575,1.0,474.16,116.33333333333333,1.0,0.01302813924352244,1.7203187925550572,0.11704950337698775,Champions,152.28491537856237
16062,9,4,1153.62,364,50,1,288.405,1.0,375.48,117.66666666666667,0.0,-0.0,1.4476058292852187,0.1319112206425839,Champions,152.1754223576976
12854,78,3,1316.25,318,95,1,438.75,1.0,505.88,119.5,2.0,0.026856600189933525,1.2485161099250959,0.11560139530504444,Hibernating,152.16033657026475
17498,75,1,272.22,75,17,1,272.22,1.0,272.22,76.0,0.0,-0.0,1.0,0.5589249343602251,Hibernating,152.15054563154047
17923,282,1,207.50000000000003,282,1,1,207.50000000000003,0.0,0.0,283.0,0.0,-0.0,1.0,0.7329235488151059,Hibernating,152.0816363791345
17252,116,2,348.91,186,86,1,174.455,0.0,0.0,69.0,0.0,-0.0,1.0,0.43555323860101935,Hibernating,151.96888048028168
18212,326,1,216.07,326,30,1,216.07,0.0,0.0,327.0,0.0,-0.0,1.0,0.7023978174195395,Hibernating,151.7670964098399
17433,88,1,303.15999999999997,88,53,1,303.15999999999997,1.0,303.15999999999997,89.0,0.0,-0.0,1.0,0.5005939208313559,Hibernating,151.76005303923384
16619,263,1,226.21,263,14,1,226.21,0.0,0.0,264.0,1.0,0.09637062906149153,1.0,0.6702706874429715,Hibernating,151.62193220647458
13310,28,3,1102.68,324,63,1,367.56,1.0,297.78,147.5,2.0,0.01727609097834367,0.7399180022363024,0.13736489961452664,Loyal,151.46952750694624
16451,87,1,266.97,87,14,1,266.97,1.0,266.97,88.0,0.0,-0.0,1.0,0.5670340783393348,Hibernating,151.38108789425223
13524,40,5,680.1800000000001,219,17,1,136.036,2.0,271.32,44.25,0.0,-0.0,0.9954018490436822,0.22251088838038674,Loyal,151.34745605857145
13065,373,1,205.86,373,14,1,205.86,0.0,0.0,374.0,0.0,-0.0,1.0,0.7334220150463764,Hibernating,150.98225601744704
17306,10,19,8631.31,353,13,1,454.2794736842105,4.0,1931.25,18.61111111111111,2.0,0.003542915270103843,1.0809138276373644,0.017489410036921522,Champions,150.9565197457811
14507,23,6,1352.88,276,77,1,225.48000000000002,2.0,443.19000000000005,50.0,0.0,-0.0,0.9743758862909343,0.11157687191400273,Champions,150.950118475016
13134,85,4,1768.08,240,94,1,442.02,1.0,907.84,51.0,3.0,0.015525315596579341,3.1660001859946063,0.08536314823147409,At risk (was loyal),150.9288751251047
18053,70,1,300.02,70,20,1,300.02,1.0,300.02,71.0,1.0,0.009832677821478569,1.0,0.5025860980150078,Needs attention,150.7858811264626
17358,303,2,360.81,355,55,1,180.405,0.0,0.0,52.0,0.0,-0.0,1.0,0.4176594114238811,Hibernating,150.69569223585054
17460,225,5,462.58000000000004,373,14,1,92.516,0.0,0.0,36.25,1.0,0.021509792900687445,1.0,0.3251418422021564,At risk (was loyal),150.40411336587354
13184,14,10,1615.45,290,136,1,161.54500000000002,1.0,196.85,30.11111111111111,0.0,-0.0,1.2488721274495982,0.09301881952746649,Champions,150.26725200564576
15157,3,3,1911.59,358,123,1,637.1966666666666,1.0,430.70000000000005,176.5,2.0,0.016609210133972242,0.5816772346359285,0.07858920929822474,Loyal,150.23034660239344
17201,53,1,289.78,53,38,1,289.78,1.0,289.78,54.0,0.0,-0.0,1.0,0.51777374778875,Needs attention,150.04047663422395
15347,366,1,201.60000000000002,366,5,1,201.60000000000002,0.0,0.0,367.0,0.0,-0.0,1.0,0.7437263161202757,Hibernating,149.9352253298476
16023,46,3,719.81,266,90,1,239.93666666666664,1.0,219.12,110.0,0.0,-0.0,0.8752721244682338,0.2081437960587076,Loyal,149.8239858410183
14241,183,1,213.70000000000002,183,10,1,213.70000000000002,0.0,0.0,184.0,0.0,-0.0,1.0,0.7009943722681213,Hibernating,149.80249735369753
17489,58,2,376.64,212,28,1,188.32,1.0,168.07999999999998,153.0,0.0,-0.0,0.8059071729957805,0.3977264637672883,Loyal,149.79969531331147
18191,261,1,207.79999999999998,261,7,1,207.79999999999998,0.0,0.0,262.0,0.0,-0.0,1.0,0.7208772134927182,Hibernating,149.7982849637868
17078,36,2,375.86,36,27,1,187.93,2.0,375.86,0.0,0.0,-0.0,1.0,0.3983306640658211,Loyal,149.71656339577953
14470,11,2,461.19,287,43,1,230.595,1.0,163.55,275.0,0.0,-0.0,0.549489315952157,0.32428612659164774,Loyal,149.55751872280203
12871,84,2,380.64,207,8,1,190.32,1.0,248.64,123.0,0.0,-0.0,1.8836363636363636,0.39288265992926175,Hibernating,149.54685567547418
17618,5,3,930.28,362,56,1,310.0933333333333,1.0,304.8,177.5,0.0,-0.0,0.9746114983692524,0.16063046749312965,Champions,149.43131129950865
17011,30,1,270.9,30,15,1,270.9,1.0,270.9,31.0,0.0,-0.0,1.0,0.5513879811158041,New / recent,149.37100408427133
13899,16,2,388.52,274,19,1,194.26,1.0,90.02,258.0,0.0,-0.0,0.30157453936348405,0.38427698316557807,Loyal,149.29929349949037
16338,157,1,214.79999999999998,157,11,1,214.79999999999998,0.0,0.0,158.0,0.0,-0.0,1.0,0.6941951268260881,Hibernating,149.1131132422437
18112,12,2,352.69,166,26,1,176.345,1.0,156.05,154.0,0.0,-0.0,0.7935821806346625,0.4226741023274968,Loyal,149.07292914988486
16897,313,1,213.03,313,30,1,213.03,0.0,0.0,314.0,0.0,-0.0,1.0,0.6997447381680272,Hibernating,149.06662157193483
17131,5,5,2463.17,75,78,1,492.634,5.0,2463.17,17.25,0.0,-0.0,1.0,0.06051269702344171,Champions,149.05305992723092
14670,280,2,392.86,280,107,1,196.43,0.0,0.0,0.0,0.0,-0.0,1.0,0.3793010133416697,Hibernating,149.01219610140836
13497,282,2,321.05,368,18,1,160.525,0.0,0.0,85.0,0.0,-0.0,1.0,0.4636552523149305,Hibernating,148.85651875570844
17330,22,2,363.9,67,5,1,181.95,2.0,363.9,44.0,0.0,-0.0,1.0,0.40903525019268794,Loyal,148.84792754511912
14863,29,1,266.76,29,11,1,266.76,1.0,266.76,30.0,0.0,-0.0,1.0,0.557967482063086,New / recent,148.84340551514882
14375,185,1,235.56,185,57,1,235.56,0.0,0.0,186.0,0.0,-0.0,1.0,0.6316755196496859,Hibernating,148.79748540868002
15820,319,1,206.98,319,17,1,206.98,0.0,0.0,320.0,0.0,-0.0,1.0,0.7188946523640222,Hibernating,148.7968151463053
14034,22,3,509.09,157,80,1,169.69666666666666,1.0,174.98,67.5,0.0,-0.0,1.047439466044117,0.2922667834694,Loyal,148.79009679643684
12508,26,2,397.88,29,57,0,198.94,2.0,397.88,2.0,0.0,-0.0,1.0,0.37391260549442085,New / recent,148.77234747412015
16323,196,1,207.50000000000003,196,1,1,207.50000000000003,0.0,0.0,197.0,0.0,-0.0,1.0,0.7160805907421408,Hibernating,148.58672257899423
13258,11,3,672.83,205,28,1,224.27666666666667,2.0,473.96,96.5,0.0,-0.0,1.1916327248956606,0.22072885763963473,Loyal,148.51299728567545
14491,175,2,340.93,372,17,1,170.465,0.0,0.0,197.0,0.0,-0.0,1.0,0.4354431978035444,Hibernating,148.4556494271624
16418,44,3,631.12,226,76,1,210.37333333333333,1.0,262.76,90.5,0.0,-0.0,1.4266478444999455,0.23507306867243244,Loyal,148.35931510054556
12359,57,4,6280.13,331,213,0,1570.0325,1.0,2814.3,91.0,2.0,0.015469424995979381,2.4360398519258015,0.023615678653942155,Loyal,148.30953198498176
17362,239,2,312.23,309,30,1,156.115,0.0,0.0,70.0,0.0,-0.0,1.0,0.47480839381408035,Hibernating,148.24942480057032
17848,81,9,901.1999999999999,358,41,1,100.13333333333333,1.0,79.6,34.125,0.0,-0.0,0.7750730282375853,0.16422130621717543,At risk (was loyal),147.9962411629185
16805,173,2,460.59,360,94,1,230.295,0.0,0.0,186.0,0.0,-0.0,1.0,0.3212383706371764,Hibernating,147.9591811317771
16457,218,1,208.36,218,9,1,208.36,0.0,0.0,219.0,0.0,-0.0,1.0,0.7095583986304708,Hibernating,147.8435879386449
17793,25,1,300.34,25,49,1,300.34,1.0,300.34,26.0,0.0,-0.0,1.0,0.49196929263639366,New / recent,147.75805735041445
14680,25,16,28271.41,371,71,1,1766.963125,2.0,3331.55,22.466666666666665,7.0,0.04811893004275344,0.9350834367153623,0.005213721397855738,Champions,147.3992552645527
15774,68,1,270.8,68,25,1,270.8,1.0,270.8,69.0,0.0,-0.0,1.0,0.5440889055740169,Needs attention,147.3392756294438
14285,21,4,1910.01,176,18,1,477.5025,3.0,1904.1100000000001,51.333333333333336,0.0,-0.0,5.0,0.07711401364717282,Champions,147.28853720623655
17914,3,1,329.36,3,72,1,329.36,1.0,329.36,4.0,0.0,-0.0,1.0,0.44678635121177507,New / recent,147.15355263511023
15281,58,9,2301.55,333,119,1,255.7277777777778,1.0,140.37,33.625,3.0,0.026764571701679302,0.5196050305851434,0.06393458037198024,Loyal,147.14863345513115
16392,269,1,217.89,269,41,1,217.89,0.0,0.0,270.0,0.0,-0.0,1.0,0.674647316516543,Hibernating,146.99890379578954
14512,187,2,275.28,232,19,1,137.64,0.0,0.0,44.0,0.0,-0.0,1.0,0.5335145190744623,Hibernating,146.86587681081798
14782,319,1,200.10000000000002,319,6,1,200.10000000000002,0.0,0.0,320.0,0.0,-0.0,1.0,0.7335423444431185,Hibernating,146.78182312306802
17905,71,4,798.99,373,33,1,199.7475,1.0,181.25,100.33333333333333,0.0,-0.0,0.8802246899990287,0.18366469192979784,At risk (was loyal),146.7462522049892
16302,126,1,212.82,126,10,1,212.82,0.0,0.0,127.0,0.0,-0.0,1.0,0.689144727023013,Hibernating,146.66378080503762
13174,16,3,2738.82,369,227,1,912.94,1.0,708.76,175.5,0.0,-0.0,0.6982650759090865,0.0535240161791814,Loyal,146.59264599186562
17896,23,1,256.32,23,2,1,256.32,1.0,256.32,24.0,0.0,-0.0,1.0,0.5718531588266591,New / recent,146.57740167044926
16550,108,5,2289.12,368,161,1,457.82399999999996,0.0,0.0,64.5,4.0,0.009990738799189209,1.0,0.0640302397619233,At risk (was loyal),146.57290244381386
13589,14,2,379.65,179,21,1,189.825,1.0,232.65,164.0,0.0,-0.0,1.5826530612244898,0.3858869395462663,New / recent,146.50197659874
15052,319,1,207.73000000000002,319,27,1,207.73000000000002,0.0,0.0,320.0,0.0,-0.0,1.0,0.7051988377023183,Hibernating,146.4909545559026
15213,318,2,328.35,329,22,1,164.175,0.0,0.0,11.0,1.0,0.010050251256281405,1.0,0.44586114587228487,Hibernating,146.39850724716476
14964,247,1,206.21,247,13,1,206.21,0.0,0.0,248.0,0.0,-0.0,1.0,0.7099331406765662,Hibernating,146.3953129389147
17357,24,2,384.39,24,41,1,192.195,2.0,384.39,0.0,0.0,-0.0,1.0,0.38075641731384374,Loyal,146.3589592512684
16038,7,3,471.78000000000003,201,24,1,157.26000000000002,1.0,78.45,96.5,1.0,0.036987578956293184,0.39890168560750516,0.3101328002967932,Champions,146.3144525240211
15556,24,1,279.77,24,31,1,279.77,1.0,279.77,25.0,0.0,-0.0,1.0,0.5228840143557585,New / recent,146.28726069631054
12402,323,1,195.6,323,10,0,195.6,0.0,0.0,324.0,0.0,-0.0,1.0,0.7475225082081564,Hibernating,146.21540260551538
14185,331,1,197.65,331,3,1,197.65,0.0,0.0,332.0,0.0,-0.0,1.0,0.7397292535561059,Hibernating,146.20748696536432
18193,165,1,243.76,165,16,1,243.76,0.0,0.0,166.0,2.0,0.12635379061371843,1.0,0.5996950970824434,Hibernating,146.1816768648164
17394,219,1,203.86999999999998,219,4,1,203.86999999999998,0.0,0.0,220.0,0.0,-0.0,1.0,0.716620447659746,Hibernating,146.09741066439238
13127,77,1,259.17,77,15,1,259.17,1.0,259.17,78.0,0.0,-0.0,1.0,0.5634003366918828,Hibernating,146.01646526043527
14427,50,2,363.34000000000003,63,16,1,181.67000000000002,2.0,363.34000000000003,13.0,0.0,-0.0,1.0,0.4017903549502658,Loyal,145.9865075676296
17767,15,1,271.2,15,21,1,271.2,1.0,271.2,16.0,0.0,-0.0,1.0,0.537783758736459,New / recent,145.84695536932767
15319,283,1,204.5,283,16,1,204.5,0.0,0.0,284.0,0.0,-0.0,1.0,0.7130845471934226,Hibernating,145.82578990105492
17334,302,2,307.02,308,11,1,153.51,0.0,0.0,6.0,1.0,0.0013679890560875513,1.0,0.47481162831754137,Hibernating,145.77666612605154
17670,227,1,205.7,227,11,1,205.7,0.0,0.0,228.0,0.0,-0.0,1.0,0.7086432031455546,Hibernating,145.76790688704057
13806,63,1,256.38,63,10,1,256.38,1.0,256.38,64.0,0.0,-0.0,1.0,0.5683776110867643,Needs attention,145.72065193042462
13657,10,2,382.14,201,16,1,191.07,1.0,229.8,190.0,0.0,-0.0,1.5084679007483262,0.3811749925059573,New / recent,145.66221163622652
15883,2,2,396.48,33,42,1,198.24,2.0,396.48,31.0,0.0,-0.0,1.0,0.3672597380728583,Loyal,145.61114095112686
13955,154,2,322.96,305,33,1,161.48,0.0,0.0,151.0,0.0,-0.0,1.0,0.45052396360117036,Hibernating,145.50121928463398
16818,10,11,3349.57,205,172,1,304.50636363636363,2.0,821.1,19.0,2.0,0.009434046758240609,1.4613382796711056,0.04342684321509004,Champions,145.46125122796917
13474,236,1,226.84,236,59,1,226.84,0.0,0.0,237.0,0.0,-0.0,1.0,0.6402370107852872,Hibernating,145.23136352653455
14764,46,1,278.3,46,6,1,278.3,1.0,278.3,47.0,1.0,0.09971254042400288,1.0,0.5216116606676543,Needs attention,145.1645251638082
15184,29,2,402.2,190,59,1,201.1,1.0,166.97,161.0,0.0,-0.0,0.7098159248395187,0.36089791629412177,Loyal,145.15314193349576
15925,194,1,207.15,194,12,1,207.15,0.0,0.0,195.0,0.0,-0.0,1.0,0.7005021957731242,Hibernating,145.10902985440268
13168,36,4,1297.49,318,102,1,324.3725,1.0,346.53000000000003,93.33333333333333,1.0,0.0053564960038227655,1.0932005552284008,0.11182617363057519,Loyal,145.093342023935
14842,43,4,2516.94,308,126,1,629.235,1.0,910.42,87.66666666666667,3.0,0.023894093621619903,1.7001095535692055,0.057635123737716835,Loyal,145.06414834040902
18117,25,1,314.4,25,67,1,314.4,1.0,314.4,26.0,0.0,-0.0,1.0,0.46122581215325104,New / recent,145.0093953409821
14479,253,2,316.25,365,18,1,158.125,0.0,0.0,111.0,0.0,-0.0,1.0,0.45827694404218633,Hibernating,144.93008355334143
15506,22,3,972.08,138,121,1,324.0266666666667,2.0,763.31,58.0,0.0,-0.0,1.8281122766681035,0.14908372141659892,Loyal,144.9213039146475
16837,31,11,3170.98,245,123,1,288.2709090909091,2.0,1259.24,21.1,1.0,0.0010249197409002895,2.9640955360038497,0.04566093119488838,Champions,144.78989960036716
16648,42,1,290.65999999999997,42,19,1,290.65999999999997,1.0,290.65999999999997,43.0,1.0,0.06812082845936834,1.0,0.49813490382038117,Needs attention,144.78789114443197
17187,226,1,203.95,226,10,1,203.95,0.0,0.0,227.0,0.0,-0.0,1.0,0.7098297547509994,Hibernating,144.76977848146632
15460,354,1,214.26,354,53,1,214.26,0.0,0.0,355.0,0.0,-0.0,1.0,0.675393698226738,Hibernating,144.7098537820609
14141,2,4,915.13,105,27,1,228.7825,3.0,629.97,33.666666666666664,2.0,0.03944794728617792,0.7363936035909664,0.15808791485149062,Champions,144.6709935180446
16173,15,6,1418.32,98,70,1,236.38666666666666,4.0,783.27,16.0,1.0,0.008284449207513114,0.6166994724824817,0.10186913595370246,Champions,144.48303290585528
12930,78,2,415.8,171,20,1,207.9,1.0,194.24,93.0,2.0,0.01418951418951419,0.8766925437804658,0.34730979136709156,Hibernating,144.4114112504367
13099,99,1,207.35999999999999,99,1,1,207.35999999999999,0.0,0.0,100.0,0.0,-0.0,1.0,0.6963352263616858,Hibernating,144.39207253835914
15224,358,2,322.08,362,13,1,161.04,0.0,0.0,4.0,1.0,0.03601589667163438,1.0,0.44812212362140197,Hibernating,144.33117357598113
13516,21,3,1389.41,238,43,1,463.1366666666667,2.0,1243.41,108.5,0.0,-0.0,4.258253424657535,0.10374354369329372,Loyal,144.14231704289924
13411,107,1,213.55,107,17,1,213.55,0.0,0.0,108.0,0.0,-0.0,1.0,0.6749599847258992,Hibernating,144.1377047382158
13621,116,1,213.85,116,19,1,213.85,0.0,0.0,117.0,0.0,-0.0,1.0,0.6739646580302873,Hibernating,144.12734211977693
13389,11,3,797.96,232,50,1,265.9866666666667,2.0,540.07,110.0,0.0,-0.0,1.0470937221295902,0.18049882234271292,Loyal,144.0308402765912
16900,16,3,882.16,63,77,1,294.05333333333334,3.0,882.16,22.5,1.0,0.014691212478461956,1.0,0.16324554384057915,Champions,144.0086889544053
14475,71,3,925.85,304,35,1,308.6166666666667,1.0,303.68,116.0,3.0,0.13612356213209484,0.9761962164681678,0.1554878804859813,Loyal,143.9584541479458
13324,36,10,7121.95,360,25,1,712.1949999999999,3.0,3322.96,35.77777777777778,2.0,0.006901199811849282,2.0409564998416245,0.020207506015009053,Loyal,143.9168474635937
14440,8,5,2357.6800000000003,365,33,1,471.53600000000006,3.0,1171.97,88.75,0.0,-0.0,0.6589413375389711,0.061001916666697555,Champions,143.8229988867395
16689,75,2,355.09999999999997,82,10,1,177.54999999999998,2.0,355.09999999999997,6.0,0.0,-0.0,1.0,0.404542227673045,Hibernating,143.65294504669825
15561,11,4,732.64,215,24,1,183.16,1.0,350.92,67.33333333333333,1.0,0.013512775715221664,2.757937755422823,0.19598401272786253,Champions,143.5857270849412
15277,46,1,255.89999999999998,46,12,1,255.89999999999998,1.0,255.89999999999998,47.0,0.0,-0.0,1.0,0.5610190660664955,Needs attention,143.5647790064162
15949,16,2,364.72,71,12,1,182.36,2.0,364.72,54.0,0.0,-0.0,1.0,0.3935427342442462,Loyal,143.5329060335615
13262,263,1,200.29,263,11,1,200.29,0.0,0.0,264.0,0.0,-0.0,1.0,0.7159198609508883,Hibernating,143.39158894985343
14947,72,2,290.82,130,14,1,145.41,1.0,112.32,58.0,0.0,-0.0,0.6292436974789916,0.4925973521541536,Hibernating,143.25716195347096
17384,19,2,336.4,219,12,1,168.2,1.0,108.75,199.0,0.0,-0.0,0.47770700636942676,0.42536637139160727,Loyal,143.09324733613667
13198,10,6,3390.29,361,198,1,565.0483333333333,1.0,392.06,70.0,1.0,0.0018287521126511303,0.6538190865944241,0.0421996603575482,Champions,143.06908651359208
16243,33,2,409.1,54,49,1,204.55,2.0,409.1,21.0,0.0,-0.0,1.0,0.3496790680623931,Loyal,143.053706744325
16354,63,2,395.8,73,38,1,197.9,2.0,395.8,9.0,0.0,-0.0,1.0,0.3613922512668931,Loyal,143.0390530514363
14644,67,2,830.76,298,26,1,415.38,1.0,643.26,230.0,2.0,0.06054696904039674,3.4307199999999995,0.1720170961555543,Loyal,142.90492280218828
14177,86,4,549.46,179,37,1,137.365,1.0,250.0,31.0,1.0,0.009008845047865177,2.504508114606291,0.2600392756205778,At risk (was loyal),142.8811803824827
18081,36,3,343.45,133,14,1,114.48333333333333,1.0,135.4,48.5,0.0,-0.0,1.301610189858207,0.4157667295580658,Loyal,142.7950832667177
12517,28,4,2281.8,190,231,0,570.45,2.0,850.35,53.333333333333336,1.0,0.007954246647383643,0.5940479932935135,0.06257445848816738,Champions,142.78239937830034
16066,16,5,1521.04,124,77,1,304.20799999999997,4.0,1204.66,26.5,0.0,-0.0,0.9519090966559202,0.09385843740635494,Champions,142.76243763256213
13284,330,1,196.15,330,12,1,196.15,0.0,0.0,331.0,0.0,-0.0,1.0,0.7278071553156906,Hibernating,142.7593735151727
13883,10,5,2617.9,253,106,1,523.58,1.0,931.7,60.25,4.0,0.028897207685549483,2.2101767287391767,0.05452841874178214,Champions,142.74994742411147
13723,217,1,199.85000000000002,217,6,1,199.85000000000002,0.0,0.0,218.0,0.0,-0.0,1.0,0.7135259559725837,Hibernating,142.59816230112088
18158,9,2,453.4,88,24,1,226.7,2.0,453.4,79.0,1.0,0.003639170710189678,1.0,0.31439945967178895,Loyal,142.5487150151891
17668,1,2,347.75,38,14,1,173.875,2.0,347.75,36.0,0.0,-0.0,1.0,0.40985947522727467,Loyal,142.52863251028478
13509,8,6,964.72,284,26,1,160.78666666666666,2.0,274.7,54.6,0.0,-0.0,0.7962088055418683,0.14772746613264212,Champions,142.51564112748252
13711,218,2,252.06,218,11,1,126.03,0.0,0.0,0.0,0.0,-0.0,1.0,0.5653736550821566,Hibernating,142.5080835000084
13085,157,2,320.08000000000004,295,12,1,160.04000000000002,0.0,0.0,137.0,1.0,0.1490252436890777,1.0,0.4445380471946222,Hibernating,142.2877381460547
18144,7,12,2888.75,373,27,1,240.72916666666666,3.0,723.2,32.63636363636363,0.0,-0.0,1.0018701946387754,0.04924893812451358,Champions,142.2678700071886
14205,16,2,466.7,264,23,1,233.35,1.0,243.8,247.0,1.0,0.5103921148489393,1.0937640197397938,0.3047032977508247,Loyal,142.2050290603099
17189,106,2,383.75,359,52,1,191.875,0.0,0.0,253.0,0.0,-0.0,1.0,0.370558667140821,Hibernating,142.20188851529005
17461,22,3,735.82,29,104,1,245.27333333333334,3.0,735.82,3.0,0.0,-0.0,1.0,0.19321983642067664,Champions,142.1750200350623
13859,326,1,201.16,326,27,1,201.16,0.0,0.0,327.0,0.0,-0.0,1.0,0.7066694656172432,Hibernating,142.15362970356463
13061,72,1,248.61,72,10,1,248.61,1.0,248.61,73.0,0.0,-0.0,1.0,0.5709596039353243,Hibernating,141.946267134361
18040,19,2,357.20000000000005,245,18,1,178.60000000000002,1.0,118.2,226.0,0.0,-0.0,0.49456066945606697,0.3972909497440471,Loyal,141.91232724857363
16327,14,6,3789.67,369,141,1,631.6116666666667,2.0,1350.63,70.4,0.0,-0.0,1.1075095119391236,0.03735900165271804,Champions,141.57828779325598
17502,9,4,689.1,29,25,1,172.275,4.0,689.1,6.0,0.0,-0.0,1.0,0.2052869755518256,Champions,141.46325485276301
13513,126,1,205.1,126,10,1,205.1,0.0,0.0,127.0,0.0,-0.0,1.0,0.6891986326134008,Hibernating,141.35463954900848
15840,58,2,355.56,172,26,1,177.78,1.0,113.82,113.0,1.0,0.027843401957475533,0.47083643584015883,0.39743409301322585,Loyal,141.31166611178259
12766,3,7,6457.63,366,204,0,922.5185714285715,2.0,1925.44,60.0,0.0,-0.0,1.0620913951092077,0.02187525152629882,Champions,141.26228051377305
14959,64,4,695.42,296,37,1,173.855,1.0,158.1,76.66666666666667,1.0,0.015026890224612465,0.8827142112707511,0.20280078868239335,Loyal,141.03172446550997
13673,18,2,387.44,32,47,1,193.72,2.0,387.44,13.0,0.0,-0.0,1.0,0.3638487603113723,New / recent,140.9695636950381
13681,17,4,827.83,155,37,1,206.9575,3.0,624.37,45.333333333333336,0.0,-0.0,1.0229201481044594,0.17017761092222256,Champions,140.8781316497435
15234,276,1,197.0,276,14,1,197.0,0.0,0.0,277.0,0.0,-0.0,1.0,0.7144596581375939,Hibernating,140.748552653106
15646,157,3,425.14000000000004,372,34,1,141.71333333333334,0.0,0.0,107.0,0.0,-0.0,1.0,0.33105309929043836,Hibernating,140.74391463233698
17691,358,2,290.40000000000003,368,18,1,145.20000000000002,0.0,0.0,10.0,0.0,-0.0,1.0,0.48431912655174914,Hibernating,140.64627435062798
17523,11,4,652.74,19,25,1,163.185,4.0,652.74,2.3333333333333335,0.0,-0.0,1.0,0.2154270583626544,Champions,140.61785807563905
17343,355,1,193.64,355,17,1,193.64,0.0,0.0,356.0,0.0,-0.0,1.0,0.7260656846489367,Hibernating,140.5953591754201
15500,8,4,1131.56,81,64,1,282.89,4.0,1131.56,23.666666666666668,0.0,-0.0,1.0,0.12423087336852892,Champions,140.5746870688926
15912,178,2,264.62,233,19,1,132.31,0.0,0.0,54.0,0.0,-0.0,1.0,0.5305451272668205,Hibernating,140.39285157734602
12703,71,1,265.55,71,20,0,265.55,1.0,265.55,72.0,1.0,0.03332705705140275,1.0,0.5286338960823829,Needs attention,140.37873110467677
15938,112,5,404.58,323,13,1,80.916,0.0,0.0,52.25,0.0,-0.0,1.0,0.3467320336311671,At risk (was loyal),140.28084616649758
17636,19,1,285.56,19,20,1,285.56,1.0,285.56,20.0,1.0,0.06874212074520242,1.0,0.4911043838019105,New / recent,140.23976783847357
12695,7,4,582.1,210,23,0,145.525,2.0,248.2,67.0,0.0,-0.0,0.7433363282419886,0.2408894424704873,Champions,140.22174446207066
13549,25,7,918.2,242,37,1,131.17142857142858,2.0,156.15,35.666666666666664,1.0,0.002265301677194511,0.5122695361196772,0.15263739623289949,Champions,140.1516572210483
16217,235,2,266.45000000000005,282,10,1,133.22500000000002,0.0,0.0,46.0,0.0,-0.0,1.0,0.5258129694043351,Hibernating,140.10286569778512
13295,359,1,201.20000000000002,359,10,1,201.20000000000002,0.0,0.0,360.0,1.0,0.01615308151093439,1.0,0.6963229628580099,Hibernating,140.1001801270316
16134,21,2,607.89,359,33,1,303.945,1.0,334.56,337.0,1.0,0.006909144746582442,1.224014927011305,0.23038479944098872,Loyal,140.04861573218264
14236,80,2,490.86,372,15,1,245.43,1.0,301.56,291.0,0.0,-0.0,1.593026941362916,0.28518440312202,Hibernating,139.98561611647474
13033,357,1,190.55,357,11,1,190.55,0.0,0.0,358.0,0.0,-0.0,1.0,0.734365401068576,Hibernating,139.93332717361716
16413,56,1,262.2,56,30,1,262.2,1.0,262.2,57.0,0.0,-0.0,1.0,0.5333323542445664,Needs attention,139.8397432829253
15106,17,5,1415.68,269,89,1,283.136,2.0,389.69,62.25,1.0,0.0056156758589511755,0.5697277751245139,0.09864863611117743,Champions,139.65490116987166
15307,95,1,205.3,95,12,1,205.3,0.0,0.0,96.0,0.0,-0.0,1.0,0.6797423047905345,Hibernating,139.55109517349675
14881,19,1,255.4,19,17,1,255.4,1.0,255.4,20.0,0.0,-0.0,1.0,0.5462469865202338,New / recent,139.51148035726771
15297,10,3,641.94,63,30,1,213.98000000000002,3.0,641.94,26.5,1.0,0.010748668099822414,1.0,0.2173063667272303,Loyal,139.49764905687823
16235,40,4,857.31,332,41,1,214.3275,1.0,192.01999999999998,96.66666666666667,1.0,0.010381308978082609,0.8658780381487772,0.16239711091526124,Loyal,139.2246671587626
13867,31,3,1005.09,218,51,1,335.03000000000003,2.0,866.24,93.0,0.0,-0.0,3.1193374144760533,0.13828944308019311,Loyal,138.9933363454713
15320,44,1,267.13,44,36,1,267.13,1.0,267.13,45.0,0.0,-0.0,1.0,0.5201397263182291,Needs attention,138.94492509138854
13705,7,3,711.86,373,25,1,237.28666666666666,1.0,189.18,182.5,0.0,-0.0,0.7238845947807455,0.19513264990992718,Loyal,138.90712816488076
12952,5,4,1387.79,78,64,1,346.9475,4.0,1387.79,24.0,1.0,0.0035668220696214847,1.0,0.10009213550633118,Champions,138.90686473433135
14293,3,4,1046.56,368,51,1,261.64,1.0,307.15000000000003,121.0,0.0,-0.0,1.2461962916379277,0.13269406580736656,Champions,138.87230151135753
15286,49,1,240.55,49,3,1,240.55,1.0,240.55,50.0,0.0,-0.0,1.0,0.5773012859699203,Needs attention,138.86982434006433
16942,12,9,1878.51,227,158,1,208.72333333333333,2.0,465.55,26.5,0.0,-0.0,1.1531996659494959,0.07390294228612208,Champions,138.82741611390318
14359,19,3,897.18,87,43,1,299.06,3.0,897.18,33.5,2.0,0.016273211618627256,1.0,0.15468440488756754,Loyal,138.77975437702784
16226,203,3,255.12,235,6,1,85.04,0.0,0.0,15.5,0.0,-0.0,1.0,0.5439214003085381,At risk (was loyal),138.76522764671424
13429,10,4,1006.8,75,55,1,251.7,4.0,1006.8,20.666666666666668,0.0,-0.0,1.0,0.1377977242499042,Champions,138.73474877480353
12913,4,5,2483.63,368,37,1,496.726,2.0,1617.24,90.25,0.0,-0.0,2.799963065132331,0.05585531887953393,Champions,138.72394562877687
15035,89,1,252.73000000000002,89,26,1,252.73000000000002,1.0,252.73000000000002,90.0,0.0,-0.0,1.0,0.5485216410878266,Hibernating,138.62787435212644
16122,73,4,684.4200000000001,366,26,1,171.10500000000002,1.0,134.16000000000003,97.0,0.0,-0.0,0.7314360484134774,0.20251992291486728,At risk (was loyal),138.6086856413935
16533,19,3,1080.31,68,111,1,360.1033333333333,3.0,1080.31,23.5,1.0,0.06120465421962215,1.0,0.12827864109601406,Champions,138.58069876243493
17403,36,1,263.92,36,32,1,263.92,1.0,263.92,37.0,0.0,-0.0,1.0,0.5250205695470764,Needs attention,138.56342871486441
16555,35,2,285.89,109,15,1,142.945,1.0,133.91,74.0,0.0,-0.0,0.8811027766811423,0.484474159326087,Loyal,138.506317409735
16019,46,9,3692.94,364,133,1,410.32666666666665,2.0,833.99,39.25,1.0,0.06571999545077906,1.0209919725773446,0.0375040244010348,Loyal,138.50011187155746
13590,11,6,1981.92,303,70,1,330.32,2.0,865.54,58.2,1.0,0.0029264551545975623,1.5506189648685929,0.06986748097302575,Champions,138.4717578900592
17987,185,1,198.57,185,13,1,198.57,0.0,0.0,186.0,0.0,-0.0,1.0,0.6972969101994713,Hibernating,138.462247458309
17190,58,1,249.74,58,18,1,249.74,1.0,249.74,59.0,0.0,-0.0,1.0,0.5543727044154841,Needs attention,138.449039200723
14953,25,1,285.67,25,54,1,285.67,1.0,285.67,26.0,0.0,-0.0,1.0,0.48442803969100195,New / recent,138.38655809852852
13103,39,1,243.94,39,8,1,243.94,1.0,243.94,40.0,0.0,-0.0,1.0,0.566542321738043,Needs attention,138.2023339647782
14162,173,2,289.36,292,25,1,144.68,0.0,0.0,118.0,0.0,-0.0,1.0,0.4774136130953847,Hibernating,138.14440308528052
16808,99,2,288.42,274,21,1,144.21,0.0,0.0,175.0,0.0,-0.0,1.0,0.4782069535241711,Hibernating,137.92444953544143
12421,15,4,639.04,319,31,0,159.76,1.0,150.48,100.33333333333333,0.0,-0.0,0.924021614540691,0.215509528211538,Champions,137.71920890830123
14242,234,2,280.55,325,13,1,140.275,0.0,0.0,91.0,0.0,-0.0,1.0,0.4907747823572534,Hibernating,137.68686519032744
13727,28,2,333.48,33,19,1,166.74,2.0,333.48,4.0,0.0,-0.0,1.0,0.41275467369930796,New / recent,137.6454285852452
12481,22,10,5003.82,365,149,0,500.38199999999995,2.0,1332.56,37.666666666666664,1.0,0.0010911663489094332,1.451883004744965,0.027499431208522652,Champions,137.6022038698298
17886,31,3,869.28,249,93,1,289.76,1.0,491.57,108.0,0.0,-0.0,2.6028964020015355,0.1582584528485282,Champions,137.5709078921686
15841,72,4,1214.1,338,35,1,303.525,2.0,610.8000000000001,88.0,1.0,0.004118276912939626,1.0124316260566881,0.11328164414522332,At risk (was loyal),137.53524415671563
16178,138,1,197.9,138,8,1,197.9,0.0,0.0,139.0,0.0,-0.0,1.0,0.6946064081028429,Hibernating,137.4626081635526
17921,64,4,820.23,266,114,1,205.0575,1.0,224.76,67.33333333333333,0.0,-0.0,1.132349236737367,0.16747780525818892,Loyal,137.3703202069243
16215,80,1,242.35,80,14,1,242.35,1.0,242.35,81.0,0.0,-0.0,1.0,0.5666694390980928,Hibernating,137.3323385654228
15587,50,4,913.6800000000001,351,3,1,228.42000000000002,2.0,456.84000000000003,100.33333333333333,0.0,-0.0,1.0,0.15024768722361787,Loyal,137.27830686247518
18024,152,2,236.77999999999997,152,20,1,118.38999999999999,0.0,0.0,0.0,0.0,-0.0,1.0,0.579573024073391,Hibernating,137.2313006400975
15620,56,3,1538.18,358,91,1,512.7266666666667,1.0,678.17,150.5,2.0,0.008958639431015877,1.5771211962651597,0.08919465464156393,Loyal,137.1974338765608
13495,7,5,2015.17,368,33,1,403.034,2.0,972.44,89.75,1.0,0.012430713041579618,1.3988856175615931,0.06803234292944586,Champions,137.09673650113143
14514,61,3,990.2,331,65,1,330.06666666666666,1.0,587.09,134.5,0.0,-0.0,2.9128029570092533,0.13839798115004112,Loyal,137.04168093477074
16342,75,4,322.41,179,10,1,80.6025,1.0,38.7,34.333333333333336,0.0,-0.0,0.4092206830918897,0.42495026231757554,At risk (was loyal),137.00821407380954
17619,312,1,214.37,312,71,1,214.37,0.0,0.0,313.0,0.0,-0.0,1.0,0.6390516867130548,Hibernating,136.99351008067757
16829,156,1,197.22,156,11,1,197.22,0.0,0.0,157.0,0.0,-0.0,1.0,0.6941084213303168,Hibernating,136.89206285476507
16121,57,2,854.66,215,170,1,427.33,1.0,568.72,158.0,0.0,-0.0,1.9889487305029028,0.16000341355135328,Loyal,136.74851742579958
15117,14,5,1551.78,215,63,1,310.356,3.0,876.0500000000001,49.5,1.0,0.0010632950547113636,0.8642998436259057,0.08809205846589746,Champions,136.69949448621037
13886,71,1,243.56,71,16,1,243.56,1.0,243.56,72.0,0.0,-0.0,1.0,0.561147687845348,Needs attention,136.67313085161294
13827,57,3,409.8,143,83,1,136.6,1.0,109.04,42.5,0.0,-0.0,0.7250964223965953,0.33347092315814153,Loyal,136.6563843102064
12650,3,1,242.44000000000003,3,19,0,242.44000000000003,1.0,242.44000000000003,4.0,0.0,-0.0,1.0,0.5633344866869372,New / recent,136.57481295238108
17843,303,1,197.73,303,35,1,197.73,0.0,0.0,304.0,0.0,-0.0,1.0,0.6906961383638028,Hibernating,136.57134743867474
15240,44,5,1706.57,311,58,1,341.31399999999996,2.0,661.1899999999999,66.5,2.0,0.012305384484668077,0.9487315617287493,0.07996303812926565,Loyal,136.46252198026087
14476,257,1,193.0,257,17,1,193.0,0.0,0.0,258.0,0.0,-0.0,1.0,0.7065302632316088,Hibernating,136.3603408037005
12791,373,1,177.60000000000002,373,1,0,177.60000000000002,0.0,0.0,374.0,0.0,-0.0,1.0,0.7676707157055386,Hibernating,136.33831910930365
17001,0,11,3989.57,358,75,1,362.6881818181818,3.0,1196.08,35.3,0.0,-0.0,1.141778444407056,0.03415370714580822,Champions,136.25860541770209
15713,143,2,356.7,366,18,1,178.35,0.0,0.0,222.0,1.0,0.027894589290720494,1.0,0.3819892344712407,Hibernating,136.25555993589157
16441,67,2,381.2,291,22,1,190.6,1.0,170.2,224.0,0.0,-0.0,0.8066350710900473,0.3573966066334348,Loyal,136.23958644866534
14738,42,7,1289.94,316,37,1,184.27714285714288,2.0,536.85,45.0,0.0,-0.0,1.7821575110544559,0.10558711216693377,Loyal,136.20103946861454
15068,46,2,553.36,256,96,1,276.68,1.0,313.4,210.0,0.0,-0.0,1.306051008501417,0.24603589420102276,Loyal,136.14642241507795
12574,315,1,182.45000000000002,315,10,0,182.45000000000002,0.0,0.0,316.0,0.0,-0.0,1.0,0.7461189911588575,Hibernating,136.12940993693357
16497,49,6,2965.69,333,128,1,494.2816666666667,1.0,1414.99,56.4,0.0,-0.0,4.562423421680531,0.04587633771150023,Loyal,136.05499598761912
16793,57,1,243.84,57,16,1,243.84,1.0,243.84,58.0,0.0,-0.0,1.0,0.5577461117551482,Needs attention,136.00081189037533
16010,245,3,392.4,362,62,1,130.79999999999998,0.0,0.0,57.5,0.0,-0.0,1.0,0.34628597674112627,At risk (was loyal),135.88261727321793
13242,112,3,270.40000000000003,213,12,1,90.13333333333334,0.0,0.0,50.5,0.0,-0.0,1.0,0.5022304214170117,Hibernating,135.80310595115998
14915,91,2,307.48,277,12,1,153.74,0.0,0.0,186.0,1.0,0.15822167295433848,1.0,0.4409065079181031,Hibernating,135.56993305465835
17247,15,1,280.09000000000003,15,53,1,280.09000000000003,1.0,280.09000000000003,16.0,0.0,-0.0,1.0,0.4839495847726357,New / recent,135.54943919896755
14660,86,2,285.74,100,24,1,142.87,1.0,156.79,14.0,0.0,-0.0,1.2158976347421482,0.4738732564985808,Hibernating,135.4045443119045
15783,10,1,246.3,10,14,1,246.3,1.0,246.3,11.0,0.0,-0.0,1.0,0.5495147441963704,New / recent,135.34548149556602
12844,29,2,325.96000000000004,130,47,1,162.98000000000002,1.0,151.08,101.0,0.0,-0.0,0.8639066788655079,0.41512477478094306,New / recent,135.3140715875962
15945,365,1,181.0,365,2,1,181.0,0.0,0.0,366.0,0.0,-0.0,1.0,0.7474676855064954,Hibernating,135.29165107667566
17347,86,1,228.96,86,1,1,228.96,1.0,228.96,87.0,0.0,-0.0,1.0,0.589986481888657,Hibernating,135.0833048932269
15909,173,1,191.94,173,7,1,191.94,0.0,0.0,174.0,0.0,-0.0,1.0,0.703280167816662,Hibernating,134.9875954107301
17470,44,5,1125.07,367,67,1,225.01399999999998,1.0,308.6,80.25,0.0,-0.0,1.5118742880938676,0.11993150420195485,Loyal,134.93133743249334
17891,162,1,203.85999999999999,162,34,1,203.85999999999999,0.0,0.0,163.0,0.0,-0.0,1.0,0.6618323873706843,Hibernating,134.92115048938768
13754,151,2,282.59999999999997,317,11,1,141.29999999999998,0.0,0.0,165.0,0.0,-0.0,1.0,0.47742763224331486,Hibernating,134.92104887196075
14739,4,7,3902.28,367,47,1,557.4685714285714,3.0,1654.7,60.0,1.0,0.0008149082075094561,0.9816187484613081,0.03453230599635045,Champions,134.75472704343846
13873,119,3,389.6,309,21,1,129.86666666666667,0.0,0.0,94.5,1.0,0.020277207392197124,1.0,0.3457065752842214,Hibernating,134.68728173073265
17514,128,1,208.65,128,40,1,208.65,0.0,0.0,129.0,0.0,-0.0,1.0,0.6451702494170425,Hibernating,134.6147725408659
16992,10,5,1614.31,284,84,1,322.86199999999997,2.0,641.96,67.75,1.0,0.007712273355179612,0.9903224147683448,0.0833809557038489,Champions,134.60271060228033
13636,36,5,949.12,285,57,1,189.824,1.0,302.57,61.75,1.0,0.00790205664194201,1.8719047250792669,0.14178229141017465,Loyal,134.56840842322495
15889,156,2,400.77,369,78,1,200.385,0.0,0.0,212.0,0.0,-0.0,1.0,0.33564012970186047,Hibernating,134.51449478061463
15866,101,1,211.89,101,43,1,211.89,0.0,0.0,102.0,0.0,-0.0,1.0,0.6344225115170087,Hibernating,134.42778596533896
13529,78,2,307.76,204,15,1,153.88,1.0,126.66000000000001,125.0,0.0,-0.0,0.6993926007730537,0.43610041487665135,Hibernating,134.21426368243823
17432,18,2,365.76,37,44,1,182.88,2.0,365.76,19.0,0.0,-0.0,1.0,0.3669306626102344,Loyal,134.20855915631932
12484,35,4,3939.32,336,255,0,984.83,1.0,728.67,100.0,2.0,0.011791375161195333,0.6808621307211935,0.03402296281918822,Loyal,134.02733789288456
17557,14,3,541.46,81,27,1,180.48666666666668,3.0,541.46,33.0,0.0,-0.0,1.0,0.24746675974779514,Champions,133.99335173304115
17779,21,3,637.82,143,72,1,212.60666666666668,2.0,327.23,60.5,1.0,0.006114577780565049,0.5267877265848869,0.2100556294102095,Champions,133.97768155041985
14690,44,2,355.05,151,40,1,177.525,1.0,142.49,107.0,1.0,0.03686804675397832,0.6703519006398194,0.37727066233523177,Loyal,133.94994866212403
17711,10,2,385.1,289,22,1,192.55,1.0,164.57,279.0,0.0,-0.0,0.7462476760531446,0.3476656765499293,Loyal,133.88605203937777
15634,17,1,243.55,17,15,1,243.55,1.0,243.55,18.0,0.0,-0.0,1.0,0.5497111364617158,New / recent,133.88214728525088
15437,262,1,200.16,262,44,1,200.16,0.0,0.0,263.0,0.0,-0.0,1.0,0.6688422665958875,Hibernating,133.87546808183285
13954,1,2,406.37,70,22,1,203.185,2.0,406.37,69.0,1.0,0.06836134557176957,1.0,0.32901352777466675,Loyal,133.70122728179132
14859,12,4,1353.74,204,47,1,338.435,3.0,1056.88,63.333333333333336,1.0,0.001255780282772172,1.1867322419097668,0.09875179025026877,Champions,133.68424853339886
13764,70,3,1516.42,337,182,1,505.47333333333336,1.0,573.13,133.0,0.0,-0.0,1.2151724284154397,0.08815685942102641,Loyal,133.68282476323287
15723,364,1,190.7,364,37,1,190.7,0.0,0.0,365.0,0.0,-0.0,1.0,0.7005916016220637,Hibernating,133.60281842932753
13034,54,2,642.77,369,37,1,321.385,1.0,476.90999999999997,314.0,0.0,-0.0,2.875376823827324,0.20772795580660963,Needs attention,133.52129815381446
16343,16,2,328.58,16,29,1,164.29,2.0,328.58,0.0,0.0,-0.0,1.0,0.4061207259827686,Loyal,133.4431481434181
14199,218,1,185.39999999999998,218,2,1,185.39999999999998,0.0,0.0,219.0,0.0,-0.0,1.0,0.7192483446941187,Hibernating,133.3486431062896
12812,44,1,229.64000000000001,44,15,0,229.64000000000001,1.0,229.64000000000001,45.0,0.0,-0.0,1.0,0.5804102706663964,Needs attention,133.28541455583127
15834,70,4,2097.65,277,240,1,524.4125,1.0,441.93,68.66666666666667,1.0,0.011369866278931183,0.8007332157611191,0.06350824064256606,Loyal,133.2180609838787
13717,32,6,1432.26,298,92,1,238.71,2.0,489.02,52.6,0.0,-0.0,1.0368941096645603,0.09300617996252385,Champions,133.2090313131244
15683,117,1,193.75,117,10,1,193.75,0.0,0.0,118.0,0.0,-0.0,1.0,0.687382923399777,Hibernating,133.1804414087068
17684,43,1,239.41,43,15,1,239.41,1.0,239.41,44.0,0.0,-0.0,1.0,0.5562426444775661,Needs attention,133.1700515143741
13846,24,3,865.0600000000001,360,55,1,288.35333333333335,1.0,201.13,167.0,1.0,0.02017201118997526,0.6058771256005905,0.15392502753886683,Loyal,133.15438432277216
15412,171,1,190.53,171,10,1,190.53,0.0,0.0,172.0,0.0,-0.0,1.0,0.6986790270931851,Hibernating,133.11931503206455
16499,360,2,339.95,364,18,1,169.975,0.0,0.0,4.0,2.0,0.06133254890425062,1.0,0.39152981436557344,Hibernating,133.10056039357667
16855,23,2,328.4,43,19,1,164.2,2.0,328.4,19.0,0.0,-0.0,1.0,0.40492394354796263,Loyal,132.97702306115093
17574,242,1,185.65,242,8,1,185.65,0.0,0.0,243.0,0.0,-0.0,1.0,0.7158998372017673,Hibernating,132.9068047765081
15680,9,3,1333.68,366,61,1,444.56,2.0,854.79,177.5,0.0,-0.0,0.8924700870763642,0.09950960568411008,Champions,132.71397090878392
15732,212,2,294.12,372,13,1,147.06,0.0,0.0,159.0,0.0,-0.0,1.0,0.45119301920799887,Hibernating,132.70489080945663
16528,3,1,244.41,3,17,1,244.41,1.0,244.41,4.0,0.0,-0.0,1.0,0.5429486220003592,New / recent,132.7020727031078
16938,8,4,1878.43,308,212,1,469.6075,1.0,325.63,99.33333333333333,0.0,-0.0,0.6291151468315301,0.07062620284264243,Champions,132.66637820570483
15574,177,4,675.64,372,131,1,168.91,0.0,0.0,64.33333333333333,0.0,-0.0,1.0,0.19622125376893593,At risk (was loyal),132.57492789644385
14272,73,2,437.96,254,33,1,218.98,1.0,305.87,180.0,0.0,-0.0,2.315618139147551,0.30264577389412417,Hibernating,132.5467431346706
17422,16,6,1969.93,296,92,1,328.32166666666666,1.0,280.4,55.4,4.0,0.059291446904204716,0.8298165762075843,0.06724946564708421,Champions,132.4767398621606
16767,30,11,5575.56,316,148,1,506.86909090909097,4.0,755.1,28.4,0.0,-0.0,0.2741284026835613,0.023740920521927195,Champions,132.3689268252364
15701,2,4,1529.0,110,193,1,382.25,3.0,675.1,35.666666666666664,0.0,-0.0,0.26353593316937973,0.08656871963124815,Champions,132.36357231617842
14059,266,1,183.6,266,8,1,183.6,0.0,0.0,267.0,0.0,-0.0,1.0,0.7206795452630794,Hibernating,132.31676451030137
16965,226,1,192.07,226,25,1,192.07,0.0,0.0,227.0,0.0,-0.0,1.0,0.6888549087226153,Hibernating,132.30836231835272
17515,31,4,639.02,318,49,1,159.755,1.0,67.65,95.33333333333333,0.0,-0.0,0.3551989078880585,0.20700424980826945,Champions,132.27985571248036
14715,24,4,867.38,331,60,1,216.845,1.0,272.63,101.66666666666667,0.0,-0.0,1.3751828499369483,0.15250464722368312,Champions,132.27948090887827
13680,1,3,2199.01,339,144,1,733.0033333333334,2.0,1327.53,168.5,0.0,-0.0,0.7616525909946299,0.060133997912455696,Loyal,132.2352627494692
14535,60,3,2854.84,248,280,1,951.6133333333333,1.0,1202.03,94.0,1.0,0.008091521766543834,1.4545289537212385,0.04625594045103771,Loyal,132.0533090372405
13491,51,10,1215.82,372,73,1,121.582,1.0,127.37,35.0,0.0,-0.0,1.053176535440305,0.10857165689500856,Loyal,132.00359188608928
13928,10,4,464.57,133,23,1,116.1425,2.0,239.12,40.333333333333336,0.0,-0.0,1.0606342869815923,0.284103212056375,Champions,131.98582922503013
12829,336,2,293.0,360,9,1,146.5,0.0,0.0,23.0,1.0,0.1363481228668942,1.0,0.45036755923884725,Hibernating,131.95769485698224
17237,11,2,314.69,22,18,1,157.345,2.0,314.69,11.0,0.0,-0.0,1.0,0.41926797470338756,Loyal,131.93943895940902
17147,22,4,1714.59,311,68,1,428.6475,2.0,741.48,96.0,2.0,0.02038388186096968,0.7619693559823658,0.07693020925493174,Champions,131.90376748641341
16097,240,1,185.04999999999998,240,10,1,185.04999999999998,0.0,0.0,241.0,0.0,-0.0,1.0,0.712777808001766,Hibernating,131.8995333707268
15522,32,2,397.99,87,47,1,198.995,2.0,397.99,54.0,0.0,-0.0,1.0,0.33140977360262763,Loyal,131.89777579610978
13663,179,1,189.47,179,13,1,189.47,0.0,0.0,180.0,0.0,-0.0,1.0,0.6961152766681762,Hibernating,131.89296147031934
13064,12,4,1105.59,327,51,1,276.3975,2.0,446.34000000000003,104.33333333333333,0.0,-0.0,0.6770420932878272,0.11913404733140315,Champions,131.713411389126
13348,64,1,233.76,64,14,1,233.76,1.0,233.76,65.0,0.0,-0.0,1.0,0.5632717443527773,Needs attention,131.6704029599052
17573,29,3,362.9,93,23,1,120.96666666666665,2.0,205.89000000000001,31.5,0.0,-0.0,0.6556588752308771,0.3625594319527676,Champions,131.57281785565934
13059,249,1,183.4,249,8,1,183.4,0.0,0.0,250.0,0.0,-0.0,1.0,0.7173099264387787,Hibernating,131.554640508872
17797,22,3,780.43,182,102,1,260.1433333333333,2.0,508.02,80.0,0.0,-0.0,0.9324547556991298,0.16856099857429746,Champions,131.55006011733897
14954,12,1,294.85,12,75,1,294.85,1.0,294.85,13.0,0.0,-0.0,1.0,0.44588350471318067,New / recent,131.46875136468134
16511,21,3,916.33,266,134,1,305.4433333333333,1.0,352.63,121.5,0.0,-0.0,1.2511264857193543,0.14344313929252203,Champions,131.44125182791672
15097,4,1,248.08,4,25,1,248.08,1.0,248.08,5.0,0.0,-0.0,1.0,0.5297079341765497,New / recent,131.40994431051845
13208,59,5,1193.17,309,123,1,238.63400000000001,1.0,364.35,62.0,0.0,-0.0,1.75840351342873,0.11008323635011869,Loyal,131.3480151158711
12528,9,6,1645.48,312,49,0,274.24666666666667,2.0,556.11,60.4,2.0,0.0068065245399518675,1.020975426163746,0.07979733428253091,Champions,131.30491761521895
16638,22,10,1680.72,368,92,1,168.072,1.0,129.78,37.888888888888886,1.0,0.0025286781855395307,0.7531045688421215,0.07812082893809176,Champions,131.29923961282958
15864,22,6,1783.68,316,15,1,297.28000000000003,3.0,825.82,58.4,1.0,0.007792877646214566,0.8621510450378969,0.07359796439906272,Champions,131.27521713932018
17299,11,4,656.61,173,50,1,164.1525,2.0,388.41999999999996,53.0,0.0,-0.0,1.4483015772400165,0.19979369145927398,Champions,131.1865357490739
12660,11,1,227.1,11,12,0,227.1,1.0,227.1,12.0,0.0,-0.0,1.0,0.5775344991371785,New / recent,131.15808475405322
15847,38,2,389.27,288,22,1,194.635,1.0,208.59,249.0,0.0,-0.0,1.154471994686739,0.33680381409570204,Loyal,131.10762071303392
15651,36,3,646.3,260,27,1,215.4333333333333,2.0,418.98,111.5,0.0,-0.0,0.9215643146225585,0.20279658447042725,Loyal,131.06743254323712
13482,232,1,184.64,232,11,1,184.64,0.0,0.0,233.0,0.0,-0.0,1.0,0.7097967732827917,Hibernating,131.05687621893463
12937,15,4,1504.27,267,81,1,376.0675,2.0,1076.04,83.66666666666667,0.0,-0.0,2.512761833594096,0.08710673724071591,Champions,131.0320516290917
16298,22,3,598.2,186,22,1,199.4,2.0,483.90000000000003,81.5,0.0,-0.0,2.1167979002624673,0.21899581724038483,Champions,131.00329787319822
14790,16,4,745.06,253,30,1,186.265,2.0,381.02,78.33333333333333,0.0,-0.0,1.0466432260191187,0.17581630990033537,Champions,130.99369985434384
18226,44,11,5228.05,337,141,1,475.27727272727276,2.0,977.02,28.9,3.0,0.006876368818201815,1.0342411133301812,0.02504768999701135,Loyal,130.9505756888752
14239,43,11,2380.85,316,83,1,216.4409090909091,2.0,499.96000000000004,26.8,2.0,0.02408803578553878,1.1961465051119418,0.05497816041323544,Loyal,130.8947532198516
13487,57,3,575.4,353,26,1,191.79999999999998,1.0,166.6,147.5,0.0,-0.0,0.8150684931506849,0.226883728480195,Loyal,130.5488973675042
17341,156,3,682.29,366,147,1,227.42999999999998,0.0,0.0,104.5,0.0,-0.0,1.0,0.191270879139196,At risk (was loyal),130.50220812788203
17604,217,2,309.36,312,57,1,154.68,0.0,0.0,94.0,0.0,-0.0,1.0,0.42182550528153445,Hibernating,130.4959383138955
15262,323,1,178.95000000000002,323,10,1,178.95000000000002,0.0,0.0,324.0,0.0,-0.0,1.0,0.729200947563969,Hibernating,130.49050956657226
12962,7,2,266.39,113,15,1,133.195,1.0,95.85000000000001,106.0,0.0,-0.0,0.5620382314999414,0.4897701563509682,New / recent,130.4698719503344
15799,75,3,884.14,334,94,1,294.7133333333333,1.0,402.90000000000003,129.0,0.0,-0.0,1.6744244036239715,0.14754036809414633,At risk (was loyal),130.44634104675853
14504,47,4,673.26,278,85,1,168.315,1.0,130.55,76.33333333333333,0.0,-0.0,0.7216561331097641,0.19370467448316359,Loyal,130.4136091425347
18001,12,2,415.13,86,56,1,207.565,2.0,415.13,74.0,0.0,-0.0,1.0,0.31413644598964097,Loyal,130.40746282367965
17418,42,2,463.46000000000004,323,29,1,231.73000000000002,1.0,296.07,281.0,0.0,-0.0,1.7687436525479416,0.2811466576284377,Loyal,130.30022994447575
12948,16,7,2064.95,264,82,1,294.99285714285713,3.0,640.99,41.166666666666664,1.0,0.005448073803239788,0.6001947620251505,0.06306217205146974,Champions,130.22023217768245
18280,277,1,180.60000000000002,277,10,1,180.60000000000002,0.0,0.0,278.0,0.0,-0.0,1.0,0.7201835197254264,Hibernating,130.06514366241203
14082,364,1,182.25,364,28,1,182.25,0.0,0.0,365.0,0.0,-0.0,1.0,0.7131016491707112,Hibernating,129.96277556136212
16609,15,7,5463.76,252,155,1,780.5371428571428,2.0,2753.7200000000003,39.166666666666664,2.0,0.0023427090501778997,2.540294608197665,0.023761292233082508,Champions,129.8259980514269
12361,287,1,174.9,287,9,0,174.9,0.0,0.0,288.0,0.0,-0.0,1.0,0.7422054806749823,Hibernating,129.81173857005442
16407,12,10,2079.68,312,99,1,207.968,2.0,597.31,32.888888888888886,0.0,-0.0,1.611770340738142,0.06239694055220065,Champions,129.76566932760065
16933,1,2,558.28,239,42,1,279.14,1.0,338.5,237.0,2.0,0.05051228774091854,1.5401765401765402,0.23222810933635155,Loyal,129.64830888029834
16565,364,1,173.7,364,3,1,173.7,0.0,0.0,365.0,0.0,-0.0,1.0,0.7460641944532104,Hibernating,129.59135057652264
16527,81,1,228.06,81,14,1,228.06,1.0,228.06,82.0,0.0,-0.0,1.0,0.5676776612878406,Hibernating,129.46456743330492
16427,263,2,241.06,284,8,1,120.53,0.0,0.0,21.0,0.0,-0.0,1.0,0.5358672081968733,Hibernating,129.17614920793827
16990,218,1,179.0,218,1,1,179.0,0.0,0.0,219.0,0.0,-0.0,1.0,0.7206369021642433,Hibernating,128.99400548739953
16601,40,1,241.53,40,28,1,241.53,1.0,241.53,41.0,0.0,-0.0,1.0,0.5338734926745083,Needs attention,128.946464685674
14748,29,5,1415.75,368,87,1,283.15,1.0,296.98,84.5,1.0,0.0684442874801342,1.0618089509014366,0.09107496625270574,Champions,128.93938347226816
17385,14,1,256.11,14,42,1,256.11,1.0,256.11,15.0,0.0,-0.0,1.0,0.5033750093578125,New / recent,128.91937364662937
16730,52,3,702.79,319,73,1,234.26333333333332,1.0,262.17,133.0,0.0,-0.0,1.1900049929644592,0.1833987949867155,Loyal,128.89083912871376
17076,36,3,841.0799999999999,364,17,1,280.35999999999996,1.0,506.88,163.5,0.0,-0.0,3.0333931777378815,0.15324382637948966,Loyal,128.89031749126116
13259,61,1,283.18,61,77,1,283.18,1.0,283.18,62.0,0.0,-0.0,1.0,0.4551135672112537,Needs attention,128.87905996288282
15454,362,1,179.1,362,23,1,179.1,0.0,0.0,363.0,0.0,-0.0,1.0,0.7195088961627372,Hibernating,128.8640433027462
14100,137,1,191.95000000000002,137,24,1,191.95000000000002,0.0,0.0,138.0,0.0,-0.0,1.0,0.6713075736831376,Hibernating,128.85748876847828
16518,61,2,484.32,284,36,1,242.16,1.0,293.62,222.0,1.0,0.00702015196564255,1.5396958573675932,0.266007036291491,Loyal,128.8325278166949
13837,211,2,266.59000000000003,317,17,1,133.29500000000002,0.0,0.0,105.0,0.0,-0.0,1.0,0.4831601249355162,Hibernating,128.8056577065593
18119,367,1,180.7,367,29,1,180.7,0.0,0.0,368.0,0.0,-0.0,1.0,0.7123474874261816,Hibernating,128.721190977911
15179,18,5,2206.95,319,91,1,441.39,2.0,751.83,75.0,2.0,0.009402116042502096,0.7750185551707075,0.05825285637801739,Champions,128.56114138346547
17295,28,3,547.0,64,53,1,182.33333333333334,3.0,547.0,17.5,0.0,-0.0,1.0,0.23479040970139956,Champions,128.43035410666556
16998,149,3,287.5,304,1,1,95.83333333333333,0.0,0.0,76.5,0.0,-0.0,1.0,0.44667729049027644,At risk (was loyal),128.41972101595448
12464,10,8,957.05,309,5,0,119.63125,2.0,341.5,42.285714285714285,0.0,-0.0,1.6643652018520025,0.13415144196550136,Champions,128.38963753308306
16906,81,4,559.59,248,74,1,139.8975,1.0,166.6,55.0,0.0,-0.0,1.271788086210845,0.22941524627762896,At risk (was loyal),128.3784776644984
14355,365,1,174.4,365,11,1,174.4,0.0,0.0,366.0,0.0,-0.0,1.0,0.7359965053288067,Hibernating,128.3577905293439
14515,17,6,2076.89,218,68,1,346.1483333333333,4.0,1311.24,39.6,0.0,-0.0,0.85629203944361,0.06177967770456546,Champions,128.30959482783496
14705,198,1,179.0,198,1,1,179.0,0.0,0.0,199.0,0.0,-0.0,1.0,0.7166681693856781,Hibernating,128.28360232003638
14716,43,2,307.51,148,46,1,153.755,1.0,125.79,105.0,0.0,-0.0,0.6922187981510016,0.4162724366397747,Loyal,128.00793699109713
17410,16,5,1214.72,215,57,1,242.94400000000002,3.0,795.17,49.25,0.0,-0.0,1.263528383585588,0.10535024652713938,Champions,127.97105146144675
13072,266,1,177.15,266,7,1,177.15,0.0,0.0,267.0,0.0,-0.0,1.0,0.7220640866253014,Hibernating,127.91365294567215
13305,4,10,2000.86,372,50,1,200.08599999999998,2.0,529.61,40.44444444444444,0.0,-0.0,1.439891248937978,0.063917979176887,Champions,127.89092781586612
15708,40,7,3216.6,369,123,1,459.5142857142857,1.0,645.91,54.333333333333336,3.0,0.00493378101100541,1.507556337014576,0.03974602927793939,Loyal,127.84707777541983
16149,4,2,280.52,142,18,1,140.26,1.0,116.84,137.0,0.0,-0.0,0.7138318670576735,0.45540319382318556,Loyal,127.74970393128001
13140,108,3,422.47,366,40,1,140.82333333333335,0.0,0.0,128.5,0.0,-0.0,1.0,0.3021596144514494,Hibernating,127.65337231730383
16322,1,2,326.75,36,28,1,163.375,2.0,326.75,35.0,0.0,-0.0,1.0,0.3905162774716267,Loyal,127.60119366385402
12430,43,1,216.4,43,10,0,216.4,1.0,216.4,44.0,0.0,-0.0,1.0,0.5889831532137489,Needs attention,127.45595435545528
17356,311,1,178.22,311,19,1,178.22,0.0,0.0,312.0,0.0,-0.0,1.0,0.7147801671121604,Hibernating,127.38812138272922
13865,58,4,501.56,289,26,1,125.39,1.0,118.22,76.66666666666667,0.0,-0.0,0.9251839098450461,0.2537327497072634,Loyal,127.26219794317502
16924,21,3,763.89,84,66,1,254.63,3.0,763.89,31.0,1.0,0.053999921454659705,1.0,0.16658358158992853,Champions,127.2515321407305
16144,246,1,175.2,246,1,1,175.2,0.0,0.0,247.0,0.0,-0.0,1.0,0.7261601894305159,Hibernating,127.22326518822636
13922,351,1,172.25,351,7,1,172.25,0.0,0.0,352.0,0.0,-0.0,1.0,0.7385229714446916,Hibernating,127.21058183134812
17534,53,1,223.36,53,9,1,223.36,1.0,223.36,54.0,0.0,-0.0,1.0,0.5693797422790741,Needs attention,127.176659235454
17858,5,12,5140.66,369,101,1,428.3883333333333,3.0,1499.41,32.54545454545455,0.0,-0.0,1.23535324407827,0.024714865961774284,Champions,127.05072285505459
16444,46,4,654.67,264,68,1,163.6675,1.0,113.27,72.0,1.0,0.013671009821742252,0.6276505356483192,0.19374624815037916,Loyal,126.83985627660871
17595,12,2,386.69,37,68,1,193.345,2.0,386.69,24.0,0.0,-0.0,1.0,0.32757478927042866,Loyal,126.66989526298205
12551,357,1,168.0,357,10,0,168.0,0.0,0.0,358.0,0.0,-0.0,1.0,0.7539351163838459,Hibernating,126.66109955248612
16448,198,1,182.99,198,19,1,182.99,0.0,0.0,199.0,0.0,-0.0,1.0,0.6916098279742388,Hibernating,126.55768242100595
16466,33,7,1595.96,292,103,1,227.99428571428572,2.0,596.33,42.666666666666664,0.0,-0.0,1.4913768094194855,0.07923140413007564,Loyal,126.45015173543551
16693,68,2,477.86,271,58,1,238.93,1.0,324.45,203.0,0.0,-0.0,2.1149208004693305,0.2645008025647846,Loyal,126.39435351360797
18161,15,5,1618.69,319,49,1,323.738,2.0,847.4300000000001,75.5,1.0,0.0036449227461712867,1.6481407048206833,0.0780791871684308,Champions,126.38599947766727
16936,25,1,261.9,25,56,1,261.9,1.0,261.9,26.0,0.0,-0.0,1.0,0.48239094986389147,New / recent,126.33818976935316
14569,1,1,227.39,1,10,1,227.39,1.0,227.39,2.0,0.0,-0.0,1.0,0.554958603377335,New / recent,126.19203682197221
17951,39,3,1008.5400000000001,373,18,1,336.18,1.0,599.0400000000001,166.5,1.0,0.017550121958474628,2.925714285714286,0.12508573575256873,Loyal,126.15396793589568
13146,26,1,228.91,26,16,1,228.91,1.0,228.91,27.0,0.0,-0.0,1.0,0.5510367681986142,New / recent,126.13782660834478
17550,197,3,267.16,243,42,1,89.05333333333334,0.0,0.0,22.5,0.0,-0.0,1.0,0.47182711617707523,At risk (was loyal),126.05333235786743
12797,365,1,166.18,365,8,0,166.18,0.0,0.0,366.0,0.0,-0.0,1.0,0.7578592229964216,Hibernating,125.94104567754535
16996,30,6,1456.96,353,13,1,242.82666666666668,1.0,415.18,64.2,3.0,0.02024763891939381,1.9926471999846411,0.08639914237249086,Champions,125.88009447102428
17879,173,1,178.51999999999998,173,6,1,178.51999999999998,0.0,0.0,174.0,0.0,-0.0,1.0,0.7047628927482382,Hibernating,125.81427161341547
18179,9,6,1793.17,336,86,1,298.8616666666667,2.0,690.01,65.2,0.0,-0.0,1.2509699408970592,0.07011806701247963,Champions,125.73361422476812
14929,32,1,223.88,32,11,1,223.88,1.0,223.88,33.0,0.0,-0.0,1.0,0.561004675723617,New / recent,125.59772680100338
17075,17,4,819.22,317,60,1,204.805,1.0,138.05,99.33333333333333,1.0,0.006652669612558287,0.6079980034352658,0.1532832340820568,Champions,125.57269102470258
16026,43,1,236.09,43,30,1,236.09,1.0,236.09,44.0,0.0,-0.0,1.0,0.5315778128059465,Needs attention,125.50020582535592
15950,31,4,1691.06,359,83,1,422.765,2.0,599.6800000000001,108.66666666666667,1.0,0.0039028774851276715,0.5494694790082281,0.0740721852224825,Champions,125.26050954233126
15533,19,3,793.72,89,71,1,264.5733333333333,3.0,793.72,34.5,1.0,0.05896285843874414,1.0,0.15768496879436478,Loyal,125.15771343146322
13926,23,1,223.85000000000002,23,11,1,223.85000000000002,1.0,223.85000000000002,24.0,0.0,-0.0,1.0,0.5588297591019007,New / recent,125.09404157496049
17370,72,4,446.18,169,31,1,111.545,2.0,218.12,32.0,0.0,-0.0,0.956414978514426,0.28012865488324445,At risk (was loyal),124.98780323580601
15493,32,5,1918.8600000000001,270,177,1,383.77200000000005,2.0,666.46,59.0,0.0,-0.0,0.7982194187160652,0.06511315008609131,Champions,124.94301917419718
15637,52,1,223.36,52,15,1,223.36,1.0,223.36,53.0,0.0,-0.0,1.0,0.559287327423476,Needs attention,124.9224174533076
15670,296,1,173.05,296,12,1,173.05,0.0,0.0,297.0,0.0,-0.0,1.0,0.7212979894386617,Hibernating,124.82061707236042
13826,176,1,189.5,176,10,1,189.5,0.0,0.0,177.0,1.0,0.0525065963060686,1.0,0.6572850033686353,Hibernating,124.55550813835639
14693,264,1,172.9,264,8,1,172.9,0.0,0.0,265.0,0.0,-0.0,1.0,0.7203545089912421,Hibernating,124.54929460458577
16633,17,6,2883.1,234,115,1,480.51666666666665,3.0,1714.8400000000001,42.8,1.0,0.0017169019458222053,1.4678581822539503,0.043171983219897674,Champions,124.46914482128697
17521,29,3,723.2099999999999,199,38,1,241.06999999999996,2.0,563.65,84.0,1.0,0.0017284053041301975,1.7662634745550263,0.17198141095520905,Champions,124.37867621691673
17759,17,3,818.71,169,81,1,272.90333333333336,1.0,652.8100000000001,76.0,0.0,-0.0,5.0,0.15177293898879002,Champions,124.25802287951228
12827,5,3,430.15000000000003,44,19,1,143.38333333333335,3.0,430.15000000000003,19.0,0.0,-0.0,1.0,0.288786521500214,Loyal,124.22152222331707
18010,256,1,174.8,256,14,1,174.8,0.0,0.0,257.0,0.0,-0.0,1.0,0.7105872718450065,Hibernating,124.21065511850713
13632,24,5,2118.93,243,121,1,423.78599999999994,2.0,1306.67,54.25,1.0,0.002005729306772758,2.413026617093049,0.058619136628195054,Champions,124.20984717558133
17975,15,13,4384.76,366,188,1,337.2892307692308,2.0,532.81,28.666666666666668,0.0,-0.0,0.7607718168719738,0.02831331354352119,Champions,124.14708469308998
15895,149,1,179.17,149,11,1,179.17,0.0,0.0,150.0,0.0,-0.0,1.0,0.6927730458659506,Hibernating,124.12414662780236
13419,63,1,221.06,63,16,1,221.06,1.0,221.06,64.0,0.0,-0.0,1.0,0.5604259539526177,Needs attention,123.88776138076568
13739,18,1,216.9,18,3,1,216.9,1.0,216.9,19.0,0.0,-0.0,1.0,0.5711274760619488,New / recent,123.8775495578367
14649,4,4,1402.59,212,148,1,350.6475,2.0,820.47,69.0,0.0,-0.0,1.4094516594516595,0.08829174176568062,Champions,123.83711408312598
17111,47,1,231.61,47,29,1,231.61,1.0,231.61,48.0,0.0,-0.0,1.0,0.5344611446191229,Needs attention,123.78654570523506
12838,33,2,671.95,373,115,1,335.975,1.0,281.16,340.0,0.0,-0.0,0.719465697689296,0.18410023026429467,Needs attention,123.70614972609282
15096,42,1,219.39000000000001,42,11,1,219.39000000000001,1.0,219.39000000000001,43.0,0.0,-0.0,1.0,0.5636618473952066,Needs attention,123.66177270003439
16816,103,4,417.06,358,28,1,104.265,0.0,0.0,84.33333333333333,0.0,-0.0,1.0,0.29648160911019195,At risk (was loyal),123.65061989549666
16265,9,9,5336.8,364,162,1,592.9777777777778,2.0,1384.98,44.25,1.0,0.002557712486883526,1.2266322858834662,0.02315415341055241,Champions,123.5690859214361
13207,15,2,250.26000000000002,150,7,1,125.13000000000001,1.0,52.739999999999995,135.0,0.0,-0.0,0.267010935601458,0.49368701926001,New / recent,123.55011344001012
15468,51,2,467.51,51,24,1,233.755,2.0,467.51,0.0,3.0,0.06213770828431478,1.0,0.26415881997254675,Loyal,123.49688992536534
15175,71,1,224.14,71,23,1,224.14,1.0,224.14,72.0,0.0,-0.0,1.0,0.5506559368303204,Needs attention,123.42402168114802
15594,15,5,1771.78,234,85,1,354.356,3.0,983.5600000000001,54.5,1.0,0.0023987176737518203,0.8318828076763679,0.06962543048511755,Champions,123.36094522492156
14997,46,3,546.1999999999999,178,25,1,182.06666666666663,2.0,390.91999999999996,65.0,1.0,0.00955693885023801,1.2587583719732096,0.2257679042470067,Loyal,123.31442929971504
12597,19,4,3096.22,268,180,0,774.055,2.0,1975.4099999999999,82.66666666666667,1.0,0.00939532720543114,1.7624842747655716,0.03981029363209416,Champions,123.26142734956257
13618,173,1,177.34,173,13,1,177.34,0.0,0.0,174.0,0.0,-0.0,1.0,0.6949519868938898,Hibernating,123.24278535576242
14104,154,2,216.20999999999998,165,21,1,108.10499999999999,0.0,0.0,11.0,0.0,-0.0,1.0,0.5696052899080678,Hibernating,123.15435973102333
18034,21,2,418.68,21,99,1,209.34,2.0,418.68,0.0,0.0,-0.0,1.0,0.2940819280385184,Loyal,123.12622163116689
16128,17,5,1880.22,282,76,1,376.044,3.0,1185.52,65.75,0.0,-0.0,1.1376805335636486,0.06546550297174163,Champions,123.08954799752804
16282,339,1,168.3,339,11,1,168.3,0.0,0.0,340.0,0.0,-0.0,1.0,0.731047633500245,Hibernating,123.03531671809125
16190,40,1,215.08,40,6,1,215.08,1.0,215.08,41.0,0.0,-0.0,1.0,0.5716063142923359,Needs attention,122.9410860779956
17331,123,1,175.2,123,1,1,175.2,0.0,0.0,124.0,0.0,-0.0,1.0,0.7015123115573882,Hibernating,122.90495698485441
15462,94,3,234.6,187,9,1,78.2,0.0,0.0,46.0,0.0,-0.0,1.0,0.5235477101883131,Hibernating,122.82429281017826
13473,60,2,422.64,332,21,1,211.32,1.0,181.38,272.0,1.0,0.012067007382169221,0.7518030340711266,0.29059153366484447,Needs attention,122.81560578810986
13858,57,1,216.17,57,11,1,216.17,1.0,216.17,58.0,0.0,-0.0,1.0,0.5674520184605054,Needs attention,122.66610283060744
16179,60,1,215.83,60,11,1,215.83,1.0,215.83,61.0,0.0,-0.0,1.0,0.5681928070164654,Needs attention,122.63305353836373
14744,16,7,1088.53,366,19,1,155.50428571428571,2.0,171.95,57.833333333333336,0.0,-0.0,0.468998887167514,0.11262133899828085,Champions,122.59170613979865
13778,103,1,178.7,103,9,1,178.7,0.0,0.0,104.0,0.0,-0.0,1.0,0.6859690707844192,Hibernating,122.5826729491757
17006,4,4,781.78,75,37,1,195.445,4.0,781.78,23.0,0.0,-0.0,1.0,0.15676595901783774,Champions,122.55649144096519
12936,17,4,1063.9,78,56,1,265.975,4.0,1063.9,20.0,1.0,0.047936836168812856,1.0,0.11514997173478404,Champions,122.50805492863675
17157,7,2,319.0,176,11,1,159.5,1.0,157.54000000000002,168.0,1.0,0.0390282131661442,0.9757215409389324,0.38388642213624996,Loyal,122.45976866146374
15831,58,3,794.64,324,63,1,264.88,1.0,343.53,132.0,1.0,0.06795530051344005,1.523043160204828,0.15407156361281565,Loyal,122.43142730928783
13196,11,4,1797.78,262,97,1,449.445,3.0,1285.65,83.33333333333333,0.0,-0.0,0.8367992501903813,0.06808574746663087,Champions,122.40319508055966
15316,326,1,165.0,326,1,1,165.0,0.0,0.0,327.0,0.0,-0.0,1.0,0.741556702559188,Hibernating,122.35685592226602
17750,5,9,1694.16,164,100,1,188.24,4.0,505.95,19.25,0.0,-0.0,0.5322607114903931,0.07221626843505102,Champions,122.34591333192604
13568,173,1,187.05,173,41,1,187.05,0.0,0.0,174.0,0.0,-0.0,1.0,0.6538638520944955,Hibernating,122.30523353427539
16843,42,16,10196.57,327,226,1,637.285625,3.0,1387.33,18.6,1.0,0.001250420484535486,0.682438363960266,0.01198863441073652,Loyal,122.24294997348366
15292,201,1,178.39,201,24,1,178.39,0.0,0.0,202.0,0.0,-0.0,1.0,0.6851107199862208,Hibernating,122.21690133834191
16591,68,1,213.5,68,10,1,213.5,1.0,213.5,69.0,0.0,-0.0,1.0,0.5718788690246271,Needs attention,122.09613853675789
16403,312,1,177.5,312,10,1,177.5,0.0,0.0,313.0,1.0,0.09267605633802817,1.0,0.6869160560269671,Hibernating,121.92759994478666
15746,134,1,182.96,134,27,1,182.96,0.0,0.0,135.0,0.0,-0.0,1.0,0.6662825226722013,Hibernating,121.90305034810596
13503,71,1,216.85,71,17,1,216.85,1.0,216.85,72.0,0.0,-0.0,1.0,0.5609417826174742,Needs attention,121.64022556059928
17125,50,1,230.5,50,34,1,230.5,1.0,230.5,51.0,0.0,-0.0,1.0,0.5269387625213571,Needs attention,121.4593847611728
13804,30,7,2588.39,289,124,1,369.77,3.0,1062.38,43.0,0.0,-0.0,0.9282420604495819,0.04692328820488694,Champions,121.4557699566473
13579,14,2,467.04,369,19,1,233.52,1.0,302.34,354.0,0.0,-0.0,1.835701275045537,0.2598732428129089,New / recent,121.37119932334099
14639,52,6,2956.59,361,137,1,492.76500000000004,2.0,995.26,61.6,1.0,0.0014374668114280301,1.014882758128413,0.04103977429191796,Loyal,121.33778627374174
18190,192,2,284.46000000000004,330,14,1,142.23000000000002,0.0,0.0,138.0,1.0,0.034978555860226385,1.0,0.4263725630678686,Hibernating,121.28593929028591
16846,50,1,214.32,50,11,1,214.32,1.0,214.32,51.0,0.0,-0.0,1.0,0.5658643817209077,Needs attention,121.27605429042494
17245,204,1,171.45,204,9,1,171.45,0.0,0.0,205.0,0.0,-0.0,1.0,0.7069679188037677,Hibernating,121.20964967890598
14731,47,3,380.02,212,38,1,126.67333333333333,1.0,129.0,82.0,0.0,-0.0,1.0278065492789419,0.3184308710463974,Loyal,121.01009961505193
15996,88,6,1016.6800000000001,366,103,1,169.4466666666667,1.0,152.82,55.4,0.0,-0.0,0.884518324728544,0.11899230297335436,At risk (was loyal),120.97709458694992
15952,33,4,781.91,225,65,1,195.4775,2.0,472.71000000000004,63.333333333333336,0.0,-0.0,1.5288163001293662,0.15464959156979396,Loyal,120.92206214433759
12450,156,2,197.88,173,7,0,98.94,0.0,0.0,17.0,0.0,-0.0,1.0,0.610429981328023,Hibernating,120.79188470518918
16557,24,2,281.85,137,11,1,140.925,1.0,180.7,113.0,0.0,-0.0,1.7864557587740977,0.42845525479688557,Loyal,120.7601135645022
18180,4,6,1843.75,142,108,1,307.2916666666667,4.0,1241.9,27.0,0.0,-0.0,1.0317354822630225,0.0654824424632704,Champions,120.73325329165479
14536,259,1,170.95,259,18,1,170.95,0.0,0.0,260.0,0.0,-0.0,1.0,0.7057009075168802,Hibernating,120.63957014001066
15370,40,7,2386.05,332,65,1,340.86428571428576,3.0,872.5899999999999,48.166666666666664,1.0,0.01068711887848117,0.7687374184539618,0.05051937421358217,Loyal,120.54175284231775
17802,82,3,1285.04,372,102,1,428.34666666666664,1.0,652.62,144.5,1.0,0.025835771649131548,2.0638815976724327,0.09378201920646023,At risk (was loyal),120.51364596106966
16479,10,2,300.83,10,35,1,150.415,2.0,300.83,0.0,0.0,-0.0,1.0,0.40047803256722886,Loyal,120.47580653719945
14722,147,1,180.42000000000002,147,28,1,180.42000000000002,0.0,0.0,148.0,0.0,-0.0,1.0,0.6676515357073457,Hibernating,120.45769007231932
14601,10,1,213.96,10,7,1,213.96,1.0,213.96,11.0,0.0,-0.0,1.0,0.5627994507836819,New / recent,120.41657048967657
14188,30,6,2054.36,310,34,1,342.3933333333334,2.0,670.9,55.4,4.0,0.017255982398411186,0.9698870946756684,0.05861317952433691,Champions,120.41257148761677
15604,52,1,216.39,52,17,1,216.39,1.0,216.39,53.0,0.0,-0.0,1.0,0.5563689220128136,Needs attention,120.39267103435273
17582,236,1,175.27,236,28,1,175.27,0.0,0.0,237.0,0.0,-0.0,1.0,0.6867779658306832,Hibernating,120.37157407114385
16482,15,1,220.62,15,18,1,220.62,1.0,220.62,16.0,0.0,-0.0,1.0,0.5455041058928031,New / recent,120.34911584207022
14157,19,2,424.89000000000004,285,45,1,212.44500000000002,1.0,155.71,265.0,1.0,0.0763727082303655,0.5784605096961142,0.282861066484533,Loyal,120.18483853861325
15163,18,2,304.47,192,29,1,152.235,1.0,149.47,173.0,0.0,-0.0,0.9643225806451613,0.39454267391567527,Loyal,120.12640792710566
16647,169,2,214.06,204,12,1,107.03,0.0,0.0,35.0,0.0,-0.0,1.0,0.5611445557633,Hibernating,120.118603606692
15201,87,5,1196.76,247,34,1,239.352,1.0,303.28000000000003,39.75,6.0,0.22470670811190216,1.3577472355284954,0.10025345694681173,At risk (was loyal),119.97932713566641
14538,64,2,388.25,256,19,1,194.125,1.0,281.75,191.0,0.0,-0.0,2.6455399061032865,0.30866219710208986,Loyal,119.83809802488639
15339,66,2,574.07,318,77,1,287.035,1.0,316.17,251.0,1.0,0.028742139460344554,1.22594028693292,0.20870311043690465,Loyal,119.81019460851387
16866,140,3,207.73999999999998,161,10,1,69.24666666666666,0.0,0.0,9.5,0.0,-0.0,1.0,0.5763747979427514,At risk (was loyal),119.73610052462716
14326,242,1,166.85,242,7,1,166.85,0.0,0.0,243.0,0.0,-0.0,1.0,0.7173804023740757,Hibernating,119.69492013611453
17708,187,2,263.33,324,28,1,131.665,0.0,0.0,137.0,0.0,-0.0,1.0,0.45442211543961303,Hibernating,119.6629756587133
13662,85,3,881.26,259,50,1,293.75333333333333,1.0,364.82,86.5,4.0,0.021196922588112475,1.4128262721710168,0.1357860820796818,Hibernating,119.66284269354037
17163,21,2,293.1,78,3,1,146.55,2.0,293.1,56.0,0.0,-0.0,1.0,0.4081468299331341,Loyal,119.62783585340162
16399,19,2,406.21999999999997,235,67,1,203.10999999999999,1.0,229.61,216.0,0.0,-0.0,1.3000962572900743,0.29434047678517133,Loyal,119.56698847967229
12619,16,8,2912.56,253,47,0,364.07,4.0,1376.78,33.57142857142857,2.0,0.0012875271239047436,0.896469546419409,0.041006124329489586,Champions,119.43279747709819
17542,269,1,170.75,269,24,1,170.75,0.0,0.0,270.0,0.0,-0.0,1.0,0.6993798657416881,Hibernating,119.41911207539324
17420,50,3,598.83,373,28,1,199.61,1.0,207.32,161.0,0.0,-0.0,1.0590789507292278,0.1993973470931437,Loyal,119.40511335978725
13068,10,2,344.0,319,1,1,172.0,1.0,179.0,309.0,0.0,-0.0,1.084848484848485,0.34686220783225125,New / recent,119.32059949429443
15518,64,8,1902.35,332,133,1,237.79375,1.0,317.69,37.714285714285715,2.0,0.002418061870843956,1.4033483523279444,0.06267752735641907,Loyal,119.23459416648382
14237,373,1,161.0,373,9,1,161.0,0.0,0.0,374.0,0.0,-0.0,1.0,0.7401806710986144,Hibernating,119.16908804687692
13118,19,5,1138.41,288,67,1,227.68200000000002,2.0,338.71,66.75,1.0,0.011779587319155663,0.635319494810554,0.10466115795157128,Champions,119.14730882364827
14931,4,4,864.6800000000001,240,28,0,216.17000000000002,3.0,621.6800000000001,78.33333333333333,0.0,-0.0,0.8527846364883401,0.13776657816771185,Champions,119.12400481005709
16136,59,3,709.38,277,35,1,236.46,2.0,550.08,108.5,0.0,-0.0,1.7265536723163841,0.16789728091418707,Loyal,119.10297313490602
13539,85,3,631.34,309,35,1,210.4466666666667,1.0,315.69,111.0,1.0,0.04039028098964108,2.0002534452716616,0.1885547669216234,Hibernating,119.04216654829773
17693,137,1,200.47,137,16,1,200.47,0.0,0.0,138.0,2.0,0.06709233301740909,1.0,0.5931878529333368,Hibernating,118.91636887754602
17411,12,3,778.94,261,39,1,259.6466666666667,2.0,493.36,124.0,1.0,0.038513877833979505,0.8637859794103229,0.15266396906926993,Champions,118.91607206681714
14741,11,6,1400.34,372,35,1,233.39,2.0,535.38,71.8,0.0,-0.0,1.237930077691454,0.08475339575849977,Champions,118.68357021645757
15327,52,1,208.75,52,10,1,208.75,1.0,208.75,53.0,0.0,-0.0,1.0,0.5682848693938081,Needs attention,118.62946648595744
17153,24,1,213.78,24,14,1,213.78,1.0,213.78,25.0,0.0,-0.0,1.0,0.5546713910419749,New / recent,118.5776499769534
14342,21,4,668.5600000000001,210,18,1,167.14000000000001,2.0,248.82,62.666666666666664,2.0,0.08952076103865024,0.59279554009625,0.17727292572402298,Champions,118.51758722205281
16753,58,1,223.92000000000002,58,34,1,223.92000000000002,1.0,223.92000000000002,59.0,0.0,-0.0,1.0,0.5292541134456796,Needs attention,118.51058108275659
13735,24,4,2813.59,234,156,1,703.3975,2.0,1473.85,69.33333333333333,3.0,0.017454568718256746,1.100101512233717,0.04211614733146962,Champions,118.49757097034961
12622,232,1,162.1,232,10,0,162.1,0.0,0.0,233.0,0.0,-0.0,1.0,0.7305122203184956,Hibernating,118.41603091362813
15676,18,3,3365.56,283,187,1,1121.8533333333332,2.0,2488.16,132.0,1.0,0.01232187214014904,1.4179165716890814,0.03517088463289047,Champions,118.36972248507084
12895,42,2,355.8,86,21,1,177.9,2.0,355.8,44.0,1.0,0.02388982574480045,1.0,0.33217591418096015,Needs attention,118.18819026558563
12509,284,1,158.5,284,6,0,158.5,0.0,0.0,285.0,0.0,-0.0,1.0,0.745563346731204,Hibernating,118.17179045689582
17361,49,3,488.2,291,26,1,162.73333333333332,1.0,224.28,121.0,0.0,-0.0,1.6996059411943016,0.24203557791149846,Loyal,118.16176913639354
15897,194,2,208.59,194,17,1,104.295,0.0,0.0,0.0,0.0,-0.0,1.0,0.5663359413668652,Hibernating,118.13201400971441
12718,71,1,202.25,71,18,0,202.25,1.0,202.25,72.0,0.0,-0.0,1.0,0.5834404619326755,Needs attention,118.00083342588363
13203,9,4,869.46,242,56,1,217.365,2.0,559.6,77.0,0.0,-0.0,1.8059768927902924,0.13558277983053282,Champions,117.88380375145508
15898,1,5,1383.83,368,70,1,276.76599999999996,1.0,385.89,91.25,1.0,0.003035054883909151,1.5467462973725874,0.08516938532648223,Champions,117.8599504963459
17535,280,1,164.4,280,13,1,164.4,0.0,0.0,281.0,0.0,-0.0,1.0,0.7168337664700372,Hibernating,117.84747120767412
13477,37,6,1454.58,291,57,1,242.42999999999998,2.0,555.03,50.4,2.0,0.008971661923029329,1.234017008504252,0.08099438407291963,Loyal,117.81281118478744
14656,169,2,291.05,283,73,1,145.525,0.0,0.0,114.0,0.0,-0.0,1.0,0.40444576421304146,Hibernating,117.71393967420572
17188,11,7,2456.53,362,70,1,350.9328571428572,2.0,659.14,58.166666666666664,2.0,0.0736608142379698,0.9168015845197759,0.047917802054354974,Champions,117.71151828058464
17579,4,3,448.90000000000003,179,46,1,149.63333333333335,1.0,178.04,87.0,1.0,0.01938070839830697,1.3146274828324593,0.2621905110556275,Champions,117.6973204128712
16271,15,4,1389.64,358,88,1,347.41,1.0,521.21,113.66666666666667,1.0,0.004281684465041306,1.800525085499119,0.08464239964464387,Champions,117.62246424218291
15160,357,1,158.16,357,4,1,158.16,0.0,0.0,358.0,0.0,-0.0,1.0,0.7435854790116504,Hibernating,117.60547936048262
15714,11,2,330.03000000000003,77,34,1,165.01500000000001,2.0,330.03000000000003,66.0,0.0,-0.0,1.0,0.3563190115109415,Loyal,117.59596336895602
15374,128,1,168.0,128,3,1,168.0,0.0,0.0,129.0,0.0,-0.0,1.0,0.6997894071979481,Hibernating,117.56462040925528
12441,366,1,155.55,366,10,0,155.55,0.0,0.0,367.0,0.0,-0.0,1.0,0.755645049864942,Hibernating,117.54058750649173
13083,4,2,303.75,75,15,1,151.875,2.0,303.75,71.0,0.0,-0.0,1.0,0.38685925016009526,New / recent,117.50849723612893
13904,37,2,332.64,294,24,1,166.32,1.0,131.52,257.0,0.0,-0.0,0.6539379474940334,0.3531082893901955,Loyal,117.45794138275463
15540,11,1,213.3,11,15,1,213.3,1.0,213.3,12.0,0.0,-0.0,1.0,0.549891270888032,New / recent,117.29180808041724
12567,22,9,8322.94,369,322,0,924.7711111111112,1.0,1443.3,42.875,0.0,-0.0,1.678343634259932,0.014087446157671882,Champions,117.24896912353363
17206,53,1,204.24,53,7,1,204.24,1.0,204.24,54.0,0.0,-0.0,1.0,0.573674596578381,Needs attention,117.16729960516855
12702,19,1,201.0,19,11,0,201.0,1.0,201.0,20.0,0.0,-0.0,1.0,0.5824645490447162,New / recent,117.07537435798797
15787,26,3,933.26,61,156,1,311.08666666666664,3.0,933.26,17.5,0.0,-0.0,1.0,0.1254425951845888,Champions,117.07055638196935
15733,282,1,162.3,282,10,1,162.3,0.0,0.0,283.0,0.0,-0.0,1.0,0.7212912820617665,Hibernating,117.06557507862472
17091,2,9,3827.76,367,119,1,425.3066666666667,2.0,1135.76,45.375,1.0,0.00651817250820323,1.4766567607726597,0.030575767731171884,Champions,117.0367006906705
15796,1,8,2707.61,302,69,1,338.45125,3.0,1135.8400000000001,42.57142857142857,1.0,0.0010895217553488132,1.2044171008905038,0.043196387215085875,Champions,116.95896998743868
16402,264,2,293.45,369,55,1,146.725,0.0,0.0,104.0,0.0,-0.0,1.0,0.3980527505216123,Hibernating,116.80857964056713
17685,16,7,3155.83,372,88,1,450.8328571428571,2.0,1643.1100000000001,58.833333333333336,0.0,-0.0,2.7154893172563335,0.03700787342111925,Champions,116.79055717857075
13017,7,1,204.0,7,1,1,204.0,1.0,204.0,8.0,0.0,-0.0,1.0,0.5724452654424658,New / recent,116.77883415026302
17660,141,1,178.75,141,37,1,178.75,0.0,0.0,142.0,0.0,-0.0,1.0,0.652862183124158,Hibernating,116.69911523344324
12598,9,7,2786.68,284,83,0,398.09714285714284,4.0,1384.7,45.333333333333336,0.0,-0.0,0.7407559308977303,0.04187538056928487,Champions,116.69328552481477
14434,21,6,1372.8,72,3,1,228.79999999999998,6.0,1372.8,9.6,0.0,-0.0,1.0,0.08496871296461841,Champions,116.64504915782815
13523,33,5,3799.88,366,156,1,759.976,2.0,1595.64,83.0,1.0,0.011710896133562113,1.0858436467898234,0.03068110577827094,Loyal,116.58452022473618
18257,39,7,2287.23,296,96,1,326.7471428571429,3.0,774.76,42.333333333333336,1.0,0.005771172990910402,0.6829975690977892,0.050968184568449496,Loyal,116.57596079049475
16140,65,2,708.18,371,31,1,354.09,1.0,584.04,305.0,0.0,-0.0,4.704688255195746,0.16455781396738395,Loyal,116.53655269542196
15016,172,1,170.04,172,20,1,170.04,0.0,0.0,173.0,0.0,-0.0,1.0,0.6847920335204639,Hibernating,116.44203737981968
14357,43,1,225.12,43,39,1,225.12,1.0,225.12,44.0,0.0,-0.0,1.0,0.517186985634129,Needs attention,116.42913420595512
17183,7,6,3330.36,105,42,1,555.0600000000001,5.0,3000.69,19.0,2.0,0.01304663760073986,1.8204204204204204,0.0349448673081101,Champions,116.37898828823755
17289,31,3,931.02,180,86,1,310.34,2.0,766.57,73.5,1.0,0.008861248952761488,2.3307084220127696,0.12498732272384289,Champions,116.36569720235221
16024,12,1,245.75,12,60,1,245.75,1.0,245.75,13.0,0.0,-0.0,1.0,0.473423924621309,New / recent,116.34392947568669
15932,4,8,2495.87,289,93,1,311.98375,2.0,609.92,40.285714285714285,3.0,0.013630517615100144,0.9702059969776505,0.046580530847015786,Champions,116.25894952514129
16048,373,2,256.44,373,8,1,128.22,0.0,0.0,0.0,1.0,0.04971923256902199,1.0,0.45306243745576413,Hibernating,116.18333146115616
15593,70,1,199.8,70,5,1,199.8,1.0,199.8,71.0,0.0,-0.0,1.0,0.5812413982740717,Needs attention,116.13203137515954
15198,92,2,193.64,124,10,1,96.82,0.0,0.0,31.0,0.0,-0.0,1.0,0.5993513335010258,Hibernating,116.05839221913863
17800,37,9,1186.21,334,50,1,131.8011111111111,2.0,282.41,36.625,0.0,-0.0,1.0936435052002655,0.0977961736208614,Loyal,116.006799110802
13189,18,2,260.68,115,29,1,130.34,1.0,133.68,96.0,0.0,-0.0,1.0525984251968505,0.44486709532780694,New / recent,115.96795441005271
18169,60,1,202.65,60,9,1,202.65,1.0,202.65,61.0,0.0,-0.0,1.0,0.5721726022871092,Needs attention,115.95077785348268
13870,2,8,2770.94,287,91,1,346.3675,3.0,591.47,40.42857142857143,2.0,0.0071058918634109725,0.45230415345626834,0.041842130342091235,Champions,115.94203265011429
15355,29,2,277.05,53,9,1,138.525,2.0,277.05,23.0,0.0,-0.0,1.0,0.4184206043027411,Loyal,115.92342842207442
15987,12,7,1432.77,368,110,1,204.68142857142857,1.0,239.14,59.0,0.0,-0.0,1.2020810468905772,0.08090656982378407,Champions,115.9205060464231
13658,9,5,2472.17,204,90,1,494.434,4.0,1705.87,48.25,1.0,0.020508298377538762,0.5565281221453738,0.04686854552185813,Champions,115.86701218277202
13828,22,1,209.49,22,15,1,209.49,1.0,209.49,23.0,0.0,-0.0,1.0,0.5527679279986704,New / recent,115.79935323644146
16517,277,1,162.7,277,17,1,162.7,0.0,0.0,278.0,0.0,-0.0,1.0,0.7107867307184581,Hibernating,115.64500108789312
15758,24,1,205.25,24,9,1,205.25,1.0,205.25,25.0,0.0,-0.0,1.0,0.5633625595916052,New / recent,115.63016535617696
14793,21,1,228.99,21,14,1,228.99,1.0,228.99,22.0,1.0,0.06484999344949562,1.0,0.5046888097013574,New / recent,115.56869053351384
13379,26,3,572.56,136,85,1,190.85333333333332,2.0,436.27,54.5,0.0,-0.0,1.6005209479785751,0.20180868818089456,Loyal,115.54758250485298
15581,156,10,717.4300000000001,366,133,1,71.74300000000001,0.0,0.0,22.77777777777778,0.0,-0.0,1.0,0.16078193239593494,At risk (was loyal),115.34978175881561
12919,8,6,1335.19,169,34,1,222.53166666666667,3.0,893.54,31.8,2.0,0.02527730135785918,2.023185780595494,0.08638079016932888,Champions,115.33476722618623
16186,22,12,3991.94,372,87,1,332.6616666666667,3.0,1310.41,31.363636363636363,0.0,-0.0,1.4660399100513513,0.0288897911452485,Champions,115.32631286436329
15440,54,3,383.68,208,50,1,127.89333333333333,1.0,146.02,76.5,0.0,-0.0,1.228814272490112,0.3005544041117727,Loyal,115.31671376960495
15877,1,2,437.83,17,120,1,218.915,2.0,437.83,16.0,0.0,-0.0,1.0,0.2631755653822715,Loyal,115.22615779131992
13809,305,1,155.05,305,11,0,155.05,0.0,0.0,306.0,0.0,-0.0,1.0,0.7431527176397889,Hibernating,115.22582887004927
17897,172,3,541.8100000000001,373,100,1,180.60333333333335,0.0,0.0,100.0,1.0,0.04706446909433196,1.0,0.21251968108622746,At risk (was loyal),115.14528840932891
13627,59,5,1625.72,357,83,1,325.144,2.0,611.47,74.0,1.0,0.0010456905248136209,0.9043184619176733,0.07076300804263091,Loyal,115.04083743506594
16316,64,8,2921.21,358,119,1,365.15125,1.0,726.1,41.57142857142857,3.0,0.056705954039593186,2.315464828641845,0.039344287495193475,Loyal,114.93292607383414
14711,10,11,2809.02,262,219,1,255.36545454545455,2.0,483.99,24.5,0.0,-0.0,0.9367427517064295,0.04091017464587676,Champions,114.91749878376075
15563,22,3,1361.44,358,87,1,453.81333333333333,1.0,625.8199999999999,168.0,2.0,0.0372767070161006,1.701476305701313,0.08437955837757077,Loyal,114.87770595755995
12492,63,2,227.21,105,18,0,113.605,1.0,118.82000000000001,42.0,0.0,-0.0,1.0962265891687424,0.5054253920924704,Needs attention,114.8377033373302
17221,7,2,334.48,36,59,1,167.24,2.0,334.48,28.0,0.0,-0.0,1.0,0.34291709404233306,Loyal,114.69890961527956
16017,47,1,211.88,47,26,1,211.88,1.0,211.88,48.0,0.0,-0.0,1.0,0.5405143712119922,Needs attention,114.52418497239691
17165,284,1,158.68,284,10,1,158.68,0.0,0.0,285.0,0.0,-0.0,1.0,0.7217094102358721,Hibernating,114.52084921622819
17118,317,1,157.02,317,10,1,157.02,0.0,0.0,318.0,0.0,-0.0,1.0,0.7281780775886807,Hibernating,114.33852174297465
13229,225,1,160.95,225,10,1,160.95,0.0,0.0,226.0,0.0,-0.0,1.0,0.7099162958921149,Hibernating,114.26102782383589
16460,28,3,811.23,81,128,1,270.41,3.0,811.23,26.5,0.0,-0.0,1.0,0.14083199536548444,Champions,114.24713960034194
13780,7,2,360.01,170,56,1,180.005,1.0,243.73000000000002,163.0,0.0,-0.0,2.0960612315101477,0.31733296744730755,New / recent,114.24304161070519
17128,334,1,157.09,334,14,1,157.09,0.0,0.0,335.0,0.0,-0.0,1.0,0.7261881331540166,Hibernating,114.07689383716448
17777,24,3,647.56,100,141,1,215.85333333333332,2.0,457.76,37.0,0.0,-0.0,1.2059009483667018,0.17614298271750073,Champions,114.06314988854476
18224,263,1,158.95000000000002,263,10,1,158.95000000000002,0.0,0.0,264.0,0.0,-0.0,1.0,0.7175492943471916,Hibernating,114.05446033648612
12995,85,1,211.32,85,3,1,211.32,1.0,211.32,86.0,1.0,0.050160893431762256,1.0,0.539580517789879,Hibernating,114.02415501935724
15407,33,4,1046.74,305,142,1,261.685,1.0,306.01,90.33333333333333,0.0,-0.0,1.2393584706978251,0.1089062089059224,Loyal,113.9964851101852
14175,59,3,3182.6,329,135,1,1060.8666666666666,1.0,2016.31,134.5,3.0,0.023421102243448757,3.457647754846565,0.035807950624841815,Loyal,113.96238365862156
17324,17,4,986.48,366,43,1,246.62,2.0,284.25,115.66666666666667,0.0,-0.0,0.4047819090611338,0.1155082314426848,Champions,113.9465601535797
17367,238,1,167.55,238,33,1,167.55,0.0,0.0,239.0,0.0,-0.0,1.0,0.6800327200089621,Hibernating,113.93948223750161
18099,127,1,168.31,127,19,1,168.31,0.0,0.0,128.0,0.0,-0.0,1.0,0.6766573030904675,Hibernating,113.88819068315658
13980,60,1,200.14,60,11,1,200.14,1.0,200.14,61.0,0.0,-0.0,1.0,0.5690345977836528,Needs attention,113.88658440042028
15111,29,3,1567.48,372,70,1,522.4933333333333,2.0,1278.98,171.0,0.0,-0.0,2.2166031195840556,0.07258936319707839,Loyal,113.78237502415642
17545,43,3,642.32,43,122,1,214.10666666666668,3.0,642.32,0.0,0.0,-0.0,1.0,0.1770802379649343,Loyal,113.74217844963661
17725,16,11,3412.23,267,114,1,310.20272727272726,3.0,931.9599999999999,24.5,2.0,0.012044909047748834,1.0019984383420624,0.03332283118612758,Champions,113.70516425824012
12573,227,1,160.54000000000002,227,26,0,160.54000000000002,0.0,0.0,228.0,0.0,-0.0,1.0,0.7079637720921786,Hibernating,113.65650397167838
15447,330,1,155.17,330,9,1,155.17,0.0,0.0,331.0,0.0,-0.0,1.0,0.732020054774601,Hibernating,113.58755189937483
17110,165,1,163.29999999999998,165,12,1,163.29999999999998,0.0,0.0,166.0,0.0,-0.0,1.0,0.6948002462216534,Hibernating,113.46088020799598
13898,325,1,155.93,325,12,1,155.93,0.0,0.0,326.0,0.0,-0.0,1.0,0.7270941517889176,Hibernating,113.37579108844592
14148,233,1,157.2,233,3,1,157.2,0.0,0.0,234.0,0.0,-0.0,1.0,0.7210546132478811,Hibernating,113.3497852025669
14368,319,1,155.0,319,8,1,155.0,0.0,0.0,320.0,0.0,-0.0,1.0,0.7312126243336358,Hibernating,113.33795677171355
15790,10,1,218.75,10,34,1,218.75,1.0,218.75,11.0,0.0,-0.0,1.0,0.5177854337228236,New / recent,113.26556362686766
13949,2,6,2427.32,94,124,1,404.55333333333334,5.0,1889.42,17.8,0.0,-0.0,0.7025171965049266,0.04661220499170036,Champions,113.14273742045413
14593,21,3,617.15,198,127,1,205.71666666666667,1.0,277.56,88.5,0.0,-0.0,1.634677110633411,0.18321739594981204,Loyal,113.07261591042649
18219,2,10,2019.77,368,58,1,201.977,2.0,652.64,40.44444444444444,0.0,-0.0,1.9095184803200864,0.05594871228563169,Champions,113.00353061315032
13232,12,7,1327.75,243,146,1,189.67857142857142,2.0,309.3,38.0,0.0,-0.0,0.7592419853699249,0.08509598289761443,Champions,112.98619129230755
16836,39,2,251.87,116,11,1,125.935,1.0,160.55,76.0,0.0,-0.0,1.7581033727551467,0.4485490852431175,Loyal,112.976058100184
16351,332,1,153.9,332,8,1,153.9,0.0,0.0,333.0,0.0,-0.0,1.0,0.7337198376858295,Hibernating,112.91948301984917
14623,32,5,862.12,235,106,1,172.424,2.0,260.64,50.25,0.0,-0.0,0.6499966748686573,0.1309476397129054,Champions,112.89257914929001
14498,42,5,1957.32,361,162,1,391.464,1.0,675.53,79.25,0.0,-0.0,2.1080832273617363,0.05766534400475131,Loyal,112.86953112737983
14309,8,9,2352.53,358,74,1,261.39222222222224,2.0,718.83,43.125,1.0,0.01396369015485456,1.5400042847524025,0.0479684870704585,Champions,112.84730488786573
14555,57,2,312.54,302,18,1,156.27,1.0,126.2,244.0,0.0,-0.0,0.6772566276698508,0.360714489947512,Loyal,112.7377066881954
14121,3,4,2780.15,59,148,1,695.0375,4.0,2780.15,18.0,2.0,0.014333758969839757,1.0,0.04054836163628076,Champions,112.73052760310597
16883,187,2,272.48,371,33,1,136.24,0.0,0.0,184.0,0.0,-0.0,1.0,0.4135477428385737,Hibernating,112.68348896865457
17869,107,5,428.18,368,37,1,85.636,0.0,0.0,65.0,0.0,-0.0,1.0,0.26314349837693485,At risk (was loyal),112.67278313503597
15689,119,2,254.1,361,8,1,127.05,0.0,0.0,241.0,0.0,-0.0,1.0,0.4434170217024875,Hibernating,112.67226521460206
15226,310,1,154.41,310,8,1,154.41,0.0,0.0,311.0,0.0,-0.0,1.0,0.729476835283518,Hibernating,112.63851813612801
14789,28,1,197.64,28,6,1,197.64,1.0,197.64,29.0,0.0,-0.0,1.0,0.5696553492849301,New / recent,112.58668323267358
13404,1,2,252.49,212,11,1,126.245,1.0,34.68,211.0,0.0,-0.0,0.1592213396997383,0.4451577794162364,New / recent,112.39788772480553
17256,107,2,240.0,312,12,1,120.0,0.0,0.0,204.0,0.0,-0.0,1.0,0.4681327908417873,Hibernating,112.35186980202896
17556,205,1,157.9,205,6,1,157.9,0.0,0.0,206.0,0.0,-0.0,1.0,0.7113933802389621,Hibernating,112.32901473973213
12647,22,12,3112.87,369,77,0,259.4058333333333,3.0,674.11,30.90909090909091,1.0,0.006730123647951891,0.8292451901786153,0.036043521884145654,Champions,112.19879796750048
17375,199,3,400.1,361,63,1,133.36666666666667,0.0,0.0,80.5,1.0,0.06898275431142215,1.0,0.2803467524562964,At risk (was loyal),112.1667356577642
17567,7,8,4331.48,372,110,1,541.435,2.0,1406.03,51.714285714285715,2.0,0.07362841338295456,1.4418602266318001,0.025890783879354864,Champions,112.14541255774799
15164,68,3,824.58,339,79,1,274.86,1.0,461.35,134.5,0.0,-0.0,2.540263744734741,0.13593810853172522,Loyal,112.09184553309
15550,4,4,575.63,301,43,1,143.9075,1.0,142.35,98.66666666666667,0.0,-0.0,0.9856213072378139,0.19453533202605153,Champions,111.98037317415604
12897,204,2,216.5,301,3,1,108.25,0.0,0.0,97.0,0.0,-0.0,1.0,0.517034344245514,Hibernating,111.93793552915378
13314,1,3,599.41,73,50,1,199.8033333333333,3.0,599.41,35.5,1.0,0.009843012295423835,1.0,0.18674179941004374,Loyal,111.9349019843743
16057,16,7,2195.77,284,107,1,313.68142857142857,1.0,698.99,44.666666666666664,3.0,0.02529864238968562,2.8019749061318295,0.05089072650298554,Champions,111.74433053346056
16409,36,5,2022.98,317,145,1,404.596,2.0,989.61,69.75,0.0,-0.0,1.4364796733019152,0.055235740154016895,Loyal,111.7407976167731
18004,362,1,157.92,362,32,1,157.92,0.0,0.0,363.0,0.0,-0.0,1.0,0.7073634703575664,Hibernating,111.70683923886688
15344,0,3,504.14,74,20,1,168.04666666666665,3.0,504.14,36.5,1.0,0.05466735430634348,1.0,0.2215382220419975,Loyal,111.68627926025262
17517,308,1,153.94,308,11,1,153.94,0.0,0.0,309.0,0.0,-0.0,1.0,0.7251170383883223,Hibernating,111.62451688949834
17698,260,1,154.95,260,8,1,154.95,0.0,0.0,261.0,0.0,-0.0,1.0,0.7196810561344067,Hibernating,111.51457964802631
17714,320,1,153.0,320,10,1,153.0,0.0,0.0,321.0,0.0,-0.0,1.0,0.7287863725337308,Hibernating,111.50431499766081
15690,4,2,239.76,100,19,1,119.88,1.0,128.76,96.0,0.0,-0.0,1.16,0.46485394729577206,Loyal,111.45338240363431
12691,28,5,927.8,357,20,0,185.56,2.0,443.5,81.75,0.0,-0.0,1.373632046252323,0.12009722553754522,Champions,111.42620585373444
15598,53,1,240.68,53,14,1,240.68,1.0,240.68,54.0,2.0,0.02077447232840286,1.0,0.4628916696733682,Needs attention,111.40876705698626
16283,5,5,1533.71,208,115,1,306.742,2.0,949.06,50.0,1.0,0.0025428536033539587,2.4349439835799194,0.07257978867877438,Champions,111.31634769452305
14111,14,4,692.85,241,10,1,173.2125,1.0,397.35,75.33333333333333,1.0,0.006134083856534603,4.034010152284265,0.1605555332030369,Champions,111.24090117972412
14598,44,1,221.97,44,49,1,221.97,1.0,221.97,45.0,0.0,-0.0,1.0,0.5009158204175306,Needs attention,111.18828465807927
13937,169,1,158.85,169,9,1,158.85,0.0,0.0,170.0,0.0,-0.0,1.0,0.6998877467233235,Hibernating,111.17716856699994
17095,22,3,1324.16,334,69,1,441.3866666666667,1.0,780.1999999999999,155.5,2.0,0.02099444175930401,2.868593278917567,0.08390853045650333,Champions,111.10831968928346
17250,3,2,381.97,261,55,1,190.985,1.0,219.32,257.0,0.0,-0.0,1.3484168459883183,0.29052614854183256,Loyal,110.97227295852379
13546,12,3,621.09,200,72,1,207.03,2.0,438.83,93.5,0.0,-0.0,1.2038571271809504,0.1785779001862904,Loyal,110.91294802670312
18138,295,1,152.65,295,8,1,152.65,0.0,0.0,296.0,0.0,-0.0,1.0,0.7265732607289097,Hibernating,110.91140825026807
14341,45,8,2151.08,318,108,1,268.885,2.0,1027.46,38.857142857142854,0.0,-0.0,2.743258396966946,0.0515226572139076,Loyal,110.82935747969236
13435,5,7,3809.8900000000003,189,68,1,544.2700000000001,4.0,2721.77,30.166666666666668,2.0,0.004042111452036673,1.876013215454178,0.02908859055176103,Champions,110.82433025724885
12704,7,8,1740.84,169,63,0,217.605,5.0,839.92,22.571428571428573,0.0,-0.0,0.5593748612529413,0.0636554437279489,Champions,110.81394265936257
14806,75,1,193.39000000000001,75,11,1,193.39000000000001,1.0,193.39000000000001,76.0,0.0,-0.0,1.0,0.573002389459376,Hibernating,110.81293209754872
16313,3,2,274.15000000000003,49,16,1,137.07500000000002,2.0,274.15000000000003,46.0,0.0,-0.0,1.0,0.4040920506302879,Loyal,110.78183568029344
17796,40,4,690.0,369,63,1,172.5,1.0,75.9,109.33333333333333,0.0,-0.0,0.3707865168539326,0.16054255470212095,Loyal,110.77436274446346
14570,280,2,217.21,280,28,1,108.605,0.0,0.0,0.0,0.0,-0.0,1.0,0.5099597245450828,Hibernating,110.76835176843743
15894,253,2,257.6,369,34,1,128.8,0.0,0.0,115.0,0.0,-0.0,1.0,0.4295117554008735,Hibernating,110.64222819126502
17475,79,1,194.37,79,14,1,194.37,1.0,194.37,80.0,0.0,-0.0,1.0,0.5690038984015746,Hibernating,110.59728773231406
15257,283,1,152.14999999999998,283,6,1,152.14999999999998,0.0,0.0,284.0,0.0,-0.0,1.0,0.7268900975247794,Hibernating,110.59632833839517
13862,18,8,2209.36,332,97,1,276.17,2.0,428.06,44.285714285714285,2.0,0.009980265778324945,0.7209229214618537,0.05005146418537353,Champions,110.58170291259688
15041,170,1,179.93,170,66,1,179.93,0.0,0.0,171.0,0.0,-0.0,1.0,0.6145311588257062,Hibernating,110.57259140750932
16372,33,2,355.73,33,86,1,177.865,2.0,355.73,0.0,0.0,-0.0,1.0,0.310711449116744,Loyal,110.52938379429933
16473,164,3,316.11,336,18,1,105.37,0.0,0.0,85.5,1.0,0.003954319698839011,1.0,0.34959546151450543,At risk (was loyal),110.51062133935032
17173,5,8,3766.6,131,36,1,470.825,6.0,2805.34,17.714285714285715,1.0,0.0029071310996654806,0.972799589427765,0.029297421016735246,Champions,110.35166600163497
15907,3,3,881.87,210,174,1,293.95666666666665,1.0,404.28,102.5,0.0,-0.0,1.693000272200004,0.12502050249679517,Champions,110.25183053684876
14658,5,2,247.15,117,27,1,123.575,1.0,124.01,111.0,0.0,-0.0,1.0070651291213253,0.44586228122916954,Loyal,110.19486280578926
14066,266,1,152.55,266,7,1,152.55,0.0,0.0,267.0,0.0,-0.0,1.0,0.7222249831536353,Hibernating,110.17542118008707
17564,24,3,454.01,80,38,1,151.33666666666667,3.0,454.01,27.5,0.0,-0.0,1.0,0.24256614882888344,Champions,110.12745722980137
13842,58,9,3385.62,366,155,1,376.18,2.0,1220.35,37.875,0.0,-0.0,1.9726061876809817,0.032516079773941706,Loyal,110.08709000425252
16685,61,2,324.24,61,60,1,162.12,2.0,324.24,0.0,0.0,-0.0,1.0,0.33930780804961436,Loyal,110.01716368200697
17871,204,1,155.9,204,10,1,155.9,0.0,0.0,205.0,0.0,-0.0,1.0,0.7056878055255236,Hibernating,110.01672888142913
16008,23,3,478.78,204,29,1,159.59333333333333,2.0,339.63,90.0,0.0,-0.0,1.2203736974487962,0.2297505100890326,Champions,109.99994922042703
12883,24,4,703.47,89,39,1,175.8675,4.0,703.47,21.333333333333332,0.0,-0.0,1.0,0.1562923724370685,Champions,109.94699523830458
13552,66,12,3634.37,315,81,1,302.8641666666667,3.0,977.1600000000001,22.454545454545453,3.0,0.026095306751926745,1.1032172842944292,0.030239515474171745,Loyal,109.90158785386556
15427,33,3,1430.54,47,233,1,476.84666666666664,3.0,1430.54,6.5,0.0,-0.0,1.0,0.07679106576157188,Loyal,109.85269121455903
17912,310,5,300.11,364,34,1,60.022000000000006,0.0,0.0,13.25,1.0,0.018160007997067743,1.0,0.36597355286297617,At risk (was loyal),109.83232294970779
16445,33,1,230.51,33,62,1,230.51,1.0,230.51,34.0,0.0,-0.0,1.0,0.4760639762724673,Needs attention,109.73750717056645
14167,39,4,562.59,331,27,1,140.6475,1.0,172.74,96.66666666666667,0.0,-0.0,1.3292804924971142,0.19504479326529078,Loyal,109.73025024311995
18203,157,1,160.42000000000002,157,19,1,160.42000000000002,0.0,0.0,158.0,0.0,-0.0,1.0,0.6831211499725945,Hibernating,109.58629487860362
16949,3,6,1286.27,316,57,1,214.37833333333333,2.0,392.52,62.2,1.0,0.0971802187721085,0.8783664335664336,0.08517736112987394,Champions,109.56108430052295
13533,182,3,269.09,267,61,1,89.69666666666666,0.0,0.0,42.0,0.0,-0.0,1.0,0.40681331252174646,Hibernating,109.46939426647674
15167,320,1,158.8,320,39,1,158.8,0.0,0.0,321.0,0.0,-0.0,1.0,0.6888217147917983,Hibernating,109.38488830893758
15154,75,1,224.73,75,62,1,224.73,1.0,224.73,76.0,0.0,-0.0,1.0,0.48667004120429297,Hibernating,109.36935835984076
14709,15,13,4921.04,358,71,1,378.54153846153844,4.0,968.3000000000001,28.083333333333332,1.0,0.0020117698697836232,0.551180952959213,0.02221980666769776,Champions,109.34455740400739
15535,173,4,502.9,327,55,1,125.725,0.0,0.0,51.333333333333336,3.0,0.15211771724000797,1.0,0.21718438821555167,At risk (was loyal),109.22202883360093
12736,332,1,144.0,332,3,0,144.0,0.0,0.0,333.0,0.0,-0.0,1.0,0.7581758975508648,Hibernating,109.17732924732454
16617,235,1,151.85,235,5,1,151.85,0.0,0.0,236.0,0.0,-0.0,1.0,0.7187924629526524,Hibernating,109.14863549936027
16847,43,1,193.44,43,12,1,193.44,1.0,193.44,44.0,0.0,-0.0,1.0,0.5636567143528398,Needs attention,109.03375482441334
13436,1,1,196.89,1,12,1,196.89,1.0,196.89,2.0,0.0,-0.0,1.0,0.5533068615935078,New / recent,108.94058797914575
13145,39,4,618.52,372,5,1,154.63,1.0,118.80000000000001,110.66666666666667,1.0,0.006062859729677295,0.7131993916593292,0.17602041253989986,Loyal,108.87214556417887
17744,3,6,2322.4,358,110,1,387.06666666666666,2.0,1033.44,70.6,0.0,-0.0,1.6035253227408144,0.0468731256778445,Champions,108.85814707422607
15007,159,1,156.91,159,12,1,156.91,0.0,0.0,160.0,0.0,-0.0,1.0,0.6935943760556392,Hibernating,108.83189354689034
14052,19,1,225.36,19,56,1,225.36,1.0,225.36,20.0,0.0,-0.0,1.0,0.4829162007044871,New / recent,108.82999499076323
14046,284,1,151.59,284,13,1,151.59,0.0,0.0,285.0,0.0,-0.0,1.0,0.7177145589457864,Hibernating,108.79834999059176
17155,17,2,251.70000000000002,177,19,1,125.85000000000001,1.0,108.39999999999999,160.0,0.0,-0.0,0.7564549895324493,0.432165229738933,Loyal,108.77598832528945
14214,30,5,1004.38,277,64,1,200.876,2.0,105.22,61.25,2.0,0.004131902268065872,0.17553049512878688,0.10819385205188957,Champions,108.66774112387685
13349,10,1,197.32,10,15,1,197.32,1.0,197.32,11.0,0.0,-0.0,1.0,0.5505133793175944,New / recent,108.62730000694772
17913,58,2,408.65,355,55,1,204.325,1.0,190.6,296.0,0.0,-0.0,0.8741114423297408,0.2657841983410141,Loyal,108.6127126520554
16113,183,1,161.38,183,30,1,161.38,0.0,0.0,184.0,0.0,-0.0,1.0,0.6726463326673064,Hibernating,108.55166516584991
14297,17,4,1290.48,274,48,1,322.62,3.0,1057.8799999999999,85.33333333333333,0.0,-0.0,1.5160217827457727,0.08406939877810267,Champions,108.48987773516593
13971,18,8,2737.46,285,118,1,342.1825,2.0,772.36,37.714285714285715,3.0,0.012873247462976628,1.1791155666378303,0.039599692139889536,Champions,108.402573245262
12553,8,10,3241.98,329,93,0,324.198,3.0,1164.69,35.22222222222222,1.0,0.0011505314653390828,1.3082477651170514,0.03342558853180288,Champions,108.3650895083343
14406,119,1,156.75,119,8,1,156.75,0.0,0.0,120.0,0.0,-0.0,1.0,0.6909229821501292,Hibernating,108.30217745203275
16832,184,3,199.15,217,11,1,66.38333333333334,0.0,0.0,16.5,0.0,-0.0,1.0,0.543695925071349,At risk (was loyal),108.27704347795915
17979,35,4,709.11,259,114,1,177.2775,1.0,234.47,74.33333333333333,0.0,-0.0,1.481986347547615,0.15265585886138805,Loyal,108.24979607719888
14447,18,5,1163.23,280,54,1,232.64600000000002,3.0,562.2,65.0,0.0,-0.0,0.6235961599254614,0.09293674834511727,Champions,108.10681377749076
14452,10,2,259.05,93,55,1,129.525,1.0,131.68,83.0,0.0,-0.0,1.033838423490618,0.4170585332987391,Loyal,108.03901305103837
14493,7,5,2368.2400000000002,155,95,1,473.648,4.0,1757.02,36.5,2.0,0.002280174306658109,0.7186528582179902,0.045550336932439074,Champions,107.87412993687953
12721,31,6,2386.13,354,132,0,397.68833333333333,2.0,885.22,64.0,1.0,0.011378256842669928,1.1795777228481388,0.04519587752591604,Champions,107.84323924091404
17279,57,1,187.82999999999998,57,8,1,187.82999999999998,1.0,187.82999999999998,58.0,0.0,-0.0,1.0,0.5738792486244153,Needs attention,107.79173926912392
15679,24,4,781.28,182,98,1,195.32,2.0,521.02,52.333333333333336,0.0,-0.0,2.0019211557673096,0.13795068531321236,Champions,107.77811142150655
15759,218,3,253.04,358,5,1,84.34666666666666,0.0,0.0,69.5,0.0,-0.0,1.0,0.4259291783703326,At risk (was loyal),107.77711929482896
12990,31,3,409.5,310,8,1,136.5,1.0,145.6,138.5,0.0,-0.0,1.103448275862069,0.2630816892853472,Loyal,107.73195176234968
13410,24,5,1003.06,291,15,1,200.612,2.0,458.02,66.5,2.0,0.01410683309074233,1.2605129898723033,0.1073441731243652,Champions,107.67264629412576
12498,21,3,349.70000000000005,57,20,0,116.56666666666668,3.0,349.70000000000005,18.0,0.0,-0.0,1.0,0.30787855832610295,Loyal,107.66513184663822
14657,17,4,838.27,326,102,1,209.5675,1.0,209.28,102.66666666666667,0.0,-0.0,0.9981716720456605,0.1284118079625792,Champions,107.64376626079127
13882,2,5,1131.28,64,53,1,226.256,5.0,1131.28,14.75,0.0,-0.0,1.0,0.0951344434355215,Champions,107.62369316973677
15717,234,1,150.3,234,7,1,150.3,0.0,0.0,235.0,0.0,-0.0,1.0,0.7158955555192352,Hibernating,107.59910199454106
14238,326,1,146.85,326,8,1,146.85,0.0,0.0,327.0,0.0,-0.0,1.0,0.73261277685458,Hibernating,107.58418628109507
17524,361,1,145.0,361,6,1,145.0,0.0,0.0,362.0,0.0,-0.0,1.0,0.7418654011012408,Hibernating,107.57048315967991
18145,12,4,2861.55,312,174,1,715.3875,2.0,1837.77,99.33333333333333,0.0,-0.0,1.7950829279728067,0.03755496265556956,Champions,107.46540338704509
13471,1,4,2501.84,47,214,1,625.46,4.0,2501.84,15.0,0.0,-0.0,1.0,0.04294840142643268,Champions,107.45002862470633
12477,22,6,13137.24,301,191,0,2189.54,3.0,4385.71,55.4,3.0,0.001106016179958652,0.5011363727256835,0.008178158552683158,Champions,107.43843166465128
13939,23,3,568.55,311,43,1,189.51666666666665,1.0,178.34,144.0,1.0,0.020754551050919008,0.9140719099971809,0.1887915799661906,Loyal,107.33745278977764
13700,26,10,2248.63,327,139,1,224.863,2.0,613.86,33.111111111111114,0.0,-0.0,1.5020094569878333,0.047642048744303424,Champions,107.12934006790302
15022,11,4,852.39,47,96,1,213.0975,4.0,852.39,11.333333333333334,0.0,-0.0,1.0,0.12560258691731793,Champions,107.06238906245262
15971,17,12,4194.9,311,9,1,349.575,5.0,2090.4,26.363636363636363,0.0,-0.0,1.3906200997861724,0.025514464873397525,Champions,107.03062869741527
15692,28,1,191.04,28,12,1,191.04,1.0,191.04,29.0,0.0,-0.0,1.0,0.5601619633800153,New / recent,107.01334148411813
14112,22,6,2816.35,275,112,1,469.39166666666665,2.0,966.33,50.2,4.0,0.014976831714808174,1.0446697873536503,0.03797381751401365,Champions,106.94756095559234
13322,17,1,199.48000000000002,17,25,1,199.48000000000002,1.0,199.48000000000002,18.0,0.0,-0.0,1.0,0.5355301772571489,New / recent,106.82755975925608
15263,106,1,156.51,106,12,1,156.51,0.0,0.0,107.0,0.0,-0.0,1.0,0.6824326779871911,Hibernating,106.80753843177527
17625,18,4,2020.4,257,223,1,505.1,2.0,793.27,79.33333333333333,0.0,-0.0,0.6464433271128568,0.05285049112639116,Champions,106.7791322717607
13255,9,2,399.51,373,13,1,199.755,1.0,173.81,364.0,1.0,0.02215213636704964,0.7700930438635357,0.2671572959203589,New / recent,106.73201129314259
14146,8,4,2949.57,254,161,1,737.3925,3.0,2287.27,81.66666666666667,0.0,-0.0,1.151175197543913,0.036153058997613036,Champions,106.63597822758949
13272,31,2,276.56,89,15,1,138.28,2.0,276.56,58.0,0.0,-0.0,1.0,0.3855307388892938,New / recent,106.6223811472231
17368,23,8,1315.72,337,83,1,164.465,2.0,273.8,44.42857142857143,0.0,-0.0,0.7883522727272726,0.08096104170243482,Champions,106.52206178872754
13685,2,7,3119.44,60,29,1,445.63428571428574,7.0,3119.44,9.166666666666666,0.0,-0.0,1.0,0.034106600749986185,Champions,106.39349464353691
17830,1,3,398.7,288,18,1,132.9,1.0,111.05,143.5,0.0,-0.0,0.7721188944898314,0.26672337121728495,Champions,106.3426081043315
17345,15,4,519.6899999999999,196,70,1,129.92249999999999,1.0,238.51,60.333333333333336,0.0,-0.0,2.5447400241837967,0.20440423599544089,Champions,106.22683740447066
14907,3,7,3487.6,367,124,1,498.2285714285714,2.0,892.9200000000001,60.333333333333336,2.0,0.0025088886340176625,0.8603373055636919,0.03042996406375178,Champions,106.1275426687407
17203,35,6,3560.08,60,116,1,593.3466666666667,6.0,3560.08,4.6,0.0,-0.0,1.0,0.029784415480905272,Loyal,106.03490186526123
16255,16,8,2619.91,365,146,1,327.48875,1.0,437.12,49.142857142857146,2.0,0.004049757434415686,1.4018022805675305,0.04045993467499678,Champions,106.0013874543708
17827,5,5,1987.33,364,190,1,397.466,1.0,406.86,89.5,0.0,-0.0,1.0297190076369689,0.05325748761579783,Champions,105.84020286350349
14243,8,10,2562.27,365,97,1,256.227,2.0,282.82,39.111111111111114,2.0,0.010299461024794421,0.49629515891991494,0.041279409920302226,Champions,105.76899365649278
17014,8,3,583.4300000000001,66,63,1,194.4766666666667,3.0,583.4300000000001,28.5,1.0,0.03556553485422415,1.0,0.18125118538864632,Champions,105.74737909129793
16361,9,4,891.21,71,87,1,222.8025,4.0,891.21,20.333333333333332,0.0,-0.0,1.0,0.11863513325089162,Champions,105.72881710452712
15738,18,16,4812.42,372,46,1,300.77625,3.0,958.97,23.0,3.0,0.0049143674076659975,1.078393820256307,0.02192771050444589,Champions,105.52535258580549
15567,18,1,186.01,18,7,1,186.01,1.0,186.01,19.0,0.0,-0.0,1.0,0.5662325354345538,New / recent,105.32491391618134
17339,94,2,243.36,365,9,1,121.68,0.0,0.0,270.0,0.0,-0.0,1.0,0.43264155477795946,Hibernating,105.28764877076422
12586,17,1,196.94000000000003,17,11,0,196.94000000000003,1.0,196.94000000000003,18.0,1.0,0.08632070681425814,1.0,0.5343551525409819,New / recent,105.23590374142098
18013,155,2,187.29,155,31,1,93.645,0.0,0.0,0.0,0.0,-0.0,1.0,0.5605900665562523,Hibernating,104.99291356532049
12581,39,1,179.71,39,14,0,179.71,1.0,179.71,40.0,0.0,-0.0,1.0,0.583497994328913,Needs attention,104.86042456084897
17191,28,7,2093.68,368,163,1,299.09714285714284,1.0,532.17,56.333333333333336,0.0,-0.0,2.0448284032763158,0.050050499291407265,Champions,104.78972935643355
14987,15,2,326.4,365,2,1,163.2,1.0,163.2,349.0,0.0,-0.0,1.0,0.32097128896178084,Loyal,104.76502871712526
15438,131,1,156.57999999999998,131,25,1,156.57999999999998,0.0,0.0,132.0,0.0,-0.0,1.0,0.6687841369152924,Hibernating,104.71822015819647
13117,21,8,984.91,372,66,1,123.11375,1.0,143.14,49.714285714285715,0.0,-0.0,1.1903251481996269,0.10613943697890109,Champions,104.53779287488946
16674,54,2,304.24,98,89,1,152.12,1.0,189.14000000000001,43.0,0.0,-0.0,1.6432667245873156,0.3434003016437799,Loyal,104.47610777210359
15107,311,6,268.5,372,11,1,44.75,0.0,0.0,11.8,1.0,0.03165735567970205,1.0,0.3891017005331471,At risk (was loyal),104.47380659314999
15406,31,2,490.81,301,51,1,245.405,1.0,258.42,269.0,2.0,0.1308041808439111,1.1120099832178667,0.21262352286173036,Loyal,104.35775125576588
17894,71,8,1118.54,366,126,1,139.8175,1.0,123.06,41.57142857142857,0.0,-0.0,0.8653312974645397,0.09327445898098942,At risk (was loyal),104.3312133485959
17234,182,1,149.89000000000001,182,14,1,149.89000000000001,0.0,0.0,183.0,0.0,-0.0,1.0,0.6955980864674883,Hibernating,104.26319718061184
16680,43,1,183.7,43,10,1,183.7,1.0,183.7,44.0,0.0,-0.0,1.0,0.5674618351356344,Needs attention,104.24273911441604
15014,43,2,257.67,176,29,1,128.835,1.0,139.94,133.0,0.0,-0.0,1.1886520003397605,0.40391665851749253,Loyal,104.0772054002023
12738,372,1,137.35,372,10,0,137.35,0.0,0.0,373.0,0.0,-0.0,1.0,0.7568399228303029,Hibernating,103.9519634007421
14808,39,8,2557.5,172,172,1,319.6875,2.0,872.98,18.571428571428573,4.0,0.10936461388074291,1.55470994704723,0.04060110376414748,Loyal,103.83732287680718
15388,270,1,140.54,270,10,0,140.54,0.0,0.0,271.0,0.0,-0.0,1.0,0.737926755991496,Hibernating,103.70822628704485
14386,296,1,142.4,296,7,1,142.4,0.0,0.0,297.0,0.0,-0.0,1.0,0.7281584607483559,Hibernating,103.68976481056588
15579,68,2,327.6,313,45,1,163.8,1.0,132.25,245.0,0.0,-0.0,0.67699001791656,0.31628006220069665,Loyal,103.61334837694824
14208,94,1,151.74,94,10,1,151.74,0.0,0.0,95.0,0.0,-0.0,1.0,0.6828084777250211,Hibernating,103.6093584099947
12588,39,1,174.89999999999998,39,9,0,174.89999999999998,1.0,174.89999999999998,40.0,0.0,-0.0,1.0,0.5918438211959506,Needs attention,103.51348432717174
13630,5,7,2031.78,285,51,1,290.2542857142857,2.0,670.3199999999999,46.166666666666664,4.0,0.01776767169673882,1.230884491648671,0.05091922697104944,Champions,103.45666697523883
17680,23,1,184.4,23,11,1,184.4,1.0,184.4,24.0,0.0,-0.0,1.0,0.5609559747338283,New / recent,103.44028174091794
14577,12,4,859.71,362,86,1,214.9275,1.0,213.07,116.66666666666667,0.0,-0.0,0.988509835457132,0.12031507933372858,Champions,103.4360768539998
12641,115,1,145.9,115,9,0,145.9,0.0,0.0,116.0,0.0,-0.0,1.0,0.7088076781157366,Hibernating,103.41504023708598
17899,159,1,154.55,159,29,1,154.55,0.0,0.0,160.0,0.0,-0.0,1.0,0.6689687902402581,Hibernating,103.3891265316319
16007,47,4,1693.81,215,221,1,423.4525,2.0,966.14,55.333333333333336,0.0,-0.0,1.3277172344606758,0.06103165848034687,Loyal,103.37603345059632
13299,268,1,142.5,268,5,1,142.5,0.0,0.0,269.0,0.0,-0.0,1.0,0.7253530651828597,Hibernating,103.36281178855751
14697,218,2,188.60999999999999,218,22,1,94.30499999999999,0.0,0.0,0.0,0.0,-0.0,1.0,0.5476714664913276,Hibernating,103.29631529492929
14819,64,2,272.07,192,13,1,136.035,1.0,187.35,127.0,0.0,-0.0,2.211402266288952,0.37964675142024235,Loyal,103.29049165890534
18096,11,3,849.06,63,157,1,283.02,3.0,849.06,25.5,0.0,-0.0,1.0,0.12164727585334977,Champions,103.28583603604514
13575,23,5,732.0699999999999,176,41,1,146.414,3.0,513.32,37.75,0.0,-0.0,1.5644038095238093,0.14108206018321243,Champions,103.2819437983243
12864,138,1,147.12,138,3,1,147.12,0.0,0.0,139.0,0.0,-0.0,1.0,0.7019896172511847,Hibernating,103.2767124899943
14520,1,2,270.6,290,3,1,135.3,1.0,105.60000000000001,289.0,0.0,-0.0,0.64,0.3816531191281591,Loyal,103.27533403607985
16869,22,4,817.12,175,113,1,204.28,2.0,429.44,50.333333333333336,1.0,0.024231447033483455,1.1077177053239786,0.1263089198486926,Champions,103.2095445867637
18269,366,1,138.9,366,6,1,138.9,0.0,0.0,367.0,0.0,-0.0,1.0,0.7428420083538338,Hibernating,103.18075496034753
14321,10,5,1530.75,333,111,1,306.15,2.0,630.1,80.25,0.0,-0.0,1.0494087603397546,0.06739851900563328,Champions,103.17028296787313
17233,35,1,190.88,35,25,1,190.88,1.0,190.88,36.0,0.0,-0.0,1.0,0.5403887266876176,Needs attention,103.14940015013245
14985,198,2,292.01,358,78,1,146.005,0.0,0.0,159.0,0.0,-0.0,1.0,0.3532212192704921,Hibernating,103.1441282391764
12993,23,4,414.76,298,26,1,103.69,1.0,42.36000000000001,91.33333333333333,0.0,-0.0,0.3412459720730398,0.24850593463822382,Champions,103.07032145054971
15886,60,1,181.09,60,12,1,181.09,1.0,181.09,61.0,0.0,-0.0,1.0,0.5684185821151054,Needs attention,102.93492103522445
14040,40,12,3560.32,331,146,1,296.6933333333333,2.0,825.86,25.90909090909091,2.0,0.01929040086284379,1.5100970575543253,0.028897923159415202,Loyal,102.88585378292913
18262,140,1,149.48,140,13,1,149.48,0.0,0.0,141.0,0.0,-0.0,1.0,0.6882378788162699,Hibernating,102.87779812545601
13736,5,2,729.8,260,166,1,364.9,1.0,372.27,255.0,1.0,0.010824883529734175,1.0412273095963975,0.1409167022314626,New / recent,102.8410092885214
12604,79,2,236.18,261,14,0,118.09,1.0,75.68,182.0,0.0,-0.0,0.4715264797507789,0.43483400248552534,Hibernating,102.69909470703138
12565,288,1,145.92,288,9,0,145.92,0.0,0.0,289.0,1.0,0.10108278508771931,1.0,0.7037966958203861,Hibernating,102.69801385411073
14552,151,1,164.22,151,57,1,164.22,0.0,0.0,152.0,0.0,-0.0,1.0,0.6244237920112183,Hibernating,102.54287512408227
13710,31,1,180.48,31,8,1,180.48,1.0,180.48,32.0,0.0,-0.0,1.0,0.5680222078067667,New / recent,102.51664806496525
12974,197,1,144.8,197,8,1,144.8,0.0,0.0,198.0,0.0,-0.0,1.0,0.7071081087667415,Hibernating,102.38925414942418
13462,252,1,151.5,252,9,1,151.5,0.0,0.0,253.0,1.0,0.054455445544554455,1.0,0.6756291548342147,Hibernating,102.35781695738353
15544,9,9,3546.71,372,122,1,394.0788888888889,2.0,774.34,45.0,2.0,0.0011841960577549332,0.9775715362668042,0.02885556050911351,Champions,102.34230501327798
16750,44,5,623.93,232,74,1,124.78599999999999,2.0,207.81,46.25,0.0,-0.0,0.7490988176487551,0.16400232489994995,Loyal,102.32597057482576
16206,54,4,537.0600000000001,327,52,1,134.26500000000001,1.0,127.19999999999999,90.0,0.0,-0.0,0.9310496267018005,0.19049070355960307,Loyal,102.30493725372044
15026,80,3,464.2,277,56,1,154.73333333333332,1.0,233.42,98.0,0.0,-0.0,2.022878932316492,0.22010400368930072,Hibernating,102.17227851257339
17526,4,4,918.1,365,16,1,229.525,1.0,323.1,119.66666666666667,2.0,0.23025814181461715,1.6290756302521008,0.11116586178310485,Champions,102.06137770306856
16374,66,2,458.78000000000003,262,100,1,229.39000000000001,1.0,304.58,196.0,0.0,-0.0,1.9752269779507134,0.22236617098609793,Loyal,102.01715192500201
12935,2,7,2160.7,319,80,1,308.6714285714285,3.0,625.36,52.333333333333336,1.0,0.001966955153422502,0.5430805771577197,0.04720839287982459,Champions,102.00317449543698
16359,7,9,1500.92,331,37,1,166.7688888888889,2.0,339.69,40.25,2.0,0.027016763051994772,1.0238410995237808,0.0678996897666067,Champions,101.91200236449532
16415,44,1,200.27,44,45,1,200.27,1.0,200.27,45.0,0.0,-0.0,1.0,0.5087797178498925,Needs attention,101.89331409379798
17516,15,5,764.88,285,113,1,152.976,1.0,159.23,67.5,0.0,-0.0,1.051630479649963,0.1331994151452312,Champions,101.88156865628444
16433,28,1,184.26,28,17,1,184.26,1.0,184.26,29.0,0.0,-0.0,1.0,0.5522859685245171,New / recent,101.76421256032751
15845,17,8,3711.77,337,97,1,463.97125,3.0,1185.01,45.0,2.0,0.01640726661404128,0.781639992190262,0.027411912312776454,Champions,101.74671376519426
15325,103,1,161.74,103,47,1,161.74,0.0,0.0,104.0,0.0,-0.0,1.0,0.6290449012991031,Hibernating,101.74172233611694
15724,201,2,218.25,284,11,1,109.125,0.0,0.0,83.0,1.0,0.027262313860252005,1.0,0.4661684520539705,Hibernating,101.74126466077907
17969,166,2,228.2,361,14,1,114.1,0.0,0.0,194.0,0.0,-0.0,1.0,0.44580531630882303,Hibernating,101.73277318167341
15705,201,1,143.1,201,6,1,143.1,0.0,0.0,202.0,0.0,-0.0,1.0,0.7106859021554899,Hibernating,101.6991525984506
12527,81,3,330.71000000000004,325,17,0,110.23666666666668,1.0,63.790000000000006,121.5,0.0,-0.0,0.4779709276187622,0.307490351620545,Hibernating,101.69013418443045
13026,1,5,975.36,275,32,1,195.072,2.0,371.16,67.75,2.0,0.032388041338582675,0.9214498510427009,0.10416947467816545,Champions,101.60273882209546
15429,26,2,397.35,75,77,1,198.675,2.0,397.35,48.0,1.0,0.08166603749842709,1.0,0.2556643529530105,Loyal,101.58823064587872
16463,21,4,1402.4,204,73,1,350.6,3.0,1083.03,60.333333333333336,2.0,0.013334284084426695,1.1303816889501206,0.07237761684422665,Champions,101.50236986234347
15811,22,6,2218.62,365,117,1,369.77,1.0,444.82,68.0,3.0,0.021319559005147343,1.2538617657007554,0.04572809867875648,Champions,101.4532742906627
17964,31,2,463.21,372,84,1,231.605,1.0,201.45,340.0,0.0,-0.0,0.7695981051344744,0.21895029098843483,Loyal,101.4199642887529
16952,109,2,167.61,109,16,1,83.805,0.0,0.0,0.0,0.0,-0.0,1.0,0.6049911185073202,Hibernating,101.40256137301195
13719,15,5,1041.68,234,56,1,208.336,3.0,702.94,54.25,0.0,-0.0,1.383440593572258,0.09729004241281909,Champions,101.3450913805854
15366,75,2,602.51,358,37,1,301.255,1.0,496.97,282.0,0.0,-0.0,4.708830775061588,0.16809247938466412,Hibernating,101.27739975405397
14540,9,3,952.66,309,64,1,317.55333333333334,2.0,756.76,149.0,0.0,-0.0,1.9314956610515568,0.10611574604913442,Loyal,101.09222663116839
12352,36,6,1265.41,296,57,0,210.90166666666667,3.0,744.23,51.6,0.0,-0.0,1.4279711424076136,0.07984465435410414,Loyal,101.03622406622692
18127,19,3,347.08,133,41,1,115.69333333333333,2.0,207.48,57.0,0.0,-0.0,0.7431232091690544,0.2910168388369862,Champions,101.00612442354117
13470,99,2,165.0,115,7,1,82.5,0.0,0.0,15.0,0.0,-0.0,1.0,0.6121412067587536,Hibernating,101.00329911519435
16893,366,1,145.93,366,44,1,145.93,0.0,0.0,367.0,0.0,-0.0,1.0,0.6914253286373631,Hibernating,100.8996982080504
15605,36,5,1198.23,373,61,1,239.64600000000002,2.0,508.05,83.75,0.0,-0.0,1.1041684777884029,0.08416853662128955,Loyal,100.85326563572778
17081,25,2,288.91,46,55,1,144.455,2.0,288.91,20.0,0.0,-0.0,1.0,0.3490143782747291,Loyal,100.83374402735198
12483,17,8,1910.98,339,45,0,238.8725,2.0,620.9200000000001,45.285714285714285,3.0,0.01980659138243205,1.443932840333008,0.052756295007251285,Champions,100.81622463295706
16887,35,1,192.32999999999998,35,35,1,192.32999999999998,1.0,192.32999999999998,36.0,0.0,-0.0,1.0,0.5236843470783733,Needs attention,100.72021047358353
13584,306,1,142.4,306,24,1,142.4,0.0,0.0,307.0,0.0,-0.0,1.0,0.7071503784765292,Hibernating,100.69821389505776
13317,66,6,2205.83,358,96,1,367.6383333333333,1.0,947.2,58.2,2.0,0.029811907535938858,3.762821480498637,0.0455945078326338,Loyal,100.57373321245862
17859,304,1,141.92000000000002,304,23,1,141.92000000000002,0.0,0.0,305.0,0.0,-0.0,1.0,0.7081291493617856,Hibernating,100.49768887742462
14666,24,1,179.95,24,13,1,179.95,1.0,179.95,25.0,0.0,-0.0,1.0,0.558145999731939,New / recent,100.43837265176242
16634,222,2,217.9,372,9,1,108.95,0.0,0.0,149.0,0.0,-0.0,1.0,0.46092215891362204,Hibernating,100.43493842727824
17716,22,11,5550.79,267,164,1,504.61727272727273,4.0,1519.33,24.2,1.0,0.00810695414526581,0.6595197521493453,0.01809327279566539,Champions,100.4319577014515
15562,351,1,134.55,351,1,1,134.55,0.0,0.0,352.0,0.0,-0.0,1.0,0.7464190292764039,Hibernating,100.43068038914015
14621,1,5,1788.3600000000001,358,80,1,357.672,2.0,785.45,89.0,1.0,0.012637276610973183,1.174756458705168,0.05614990617493018,Champions,100.41624620699814
13993,42,9,3466.36,330,66,1,385.1511111111111,3.0,1218.95,35.5,3.0,0.016357216215280582,1.084759790158449,0.028964842679303635,Loyal,100.40257206983095
17947,37,1,176.68,37,9,1,176.68,1.0,176.68,38.0,0.0,-0.0,1.0,0.5680324147264519,Needs attention,100.35996703386954
18278,73,1,173.9,73,9,1,173.9,1.0,173.9,74.0,0.0,-0.0,1.0,0.5768286219591527,Hibernating,100.31049735869667
15854,4,12,2969.12,361,105,1,247.42666666666665,3.0,575.4300000000001,32.0,0.0,-0.0,0.7211836119129877,0.03376192236443712,Champions,100.24319893069753
18048,203,2,172.29000000000002,203,6,1,86.14500000000001,0.0,0.0,0.0,0.0,-0.0,1.0,0.580618894454411,Hibernating,100.03482932555048
14443,53,4,1420.2,368,84,1,355.05,1.0,428.68,104.33333333333333,3.0,0.013603717786227291,1.2970388897853802,0.07041297978026746,Loyal,100.00051388393585
16665,362,1,135.39999999999998,362,9,1,135.39999999999998,0.0,0.0,363.0,0.0,-0.0,1.0,0.7382603806046988,Hibernating,99.9604555338762
15577,151,3,258.88,305,39,1,86.29333333333334,0.0,0.0,77.0,0.0,-0.0,1.0,0.38609841277006984,Hibernating,99.95315709791568
16287,169,1,142.5,169,8,1,142.5,0.0,0.0,170.0,0.0,-0.0,1.0,0.7014002289473058,Hibernating,99.94953262499108
17360,17,3,568.24,184,113,1,189.41333333333333,2.0,247.34,83.0,0.0,-0.0,0.3853848550950452,0.17587209211964996,Champions,99.9375576260699
17718,232,1,139.35,232,6,1,139.35,0.0,0.0,233.0,0.0,-0.0,1.0,0.716926067301433,Hibernating,99.90364747845469
18126,60,1,198.58,60,51,1,198.58,1.0,198.58,61.0,0.0,-0.0,1.0,0.5027814506852063,Needs attention,99.84234047706828
16895,64,1,202.27,64,57,1,202.27,1.0,202.27,65.0,0.0,-0.0,1.0,0.49354418152872215,Needs attention,99.82918159781464
17010,18,1,195.36,18,11,1,195.36,1.0,195.36,19.0,1.0,0.05067567567567567,1.0,0.5107410454737914,New / recent,99.7783706437599
14381,52,1,202.68,52,56,1,202.68,1.0,202.68,53.0,0.0,-0.0,1.0,0.4922472483140576,Needs attention,99.76867228829319
13136,56,5,2607.61,212,94,1,521.522,2.0,1380.93,38.5,6.0,0.023864765053056243,1.6886188737078942,0.038249070720986864,Loyal,99.73865930275257
13092,70,5,459.83,359,18,1,91.966,1.0,38.08,71.75,0.0,-0.0,0.3611618257261411,0.21684261459659443,Loyal,99.71073946995202
15452,29,3,528.48,264,47,1,176.16,2.0,291.48,116.5,0.0,-0.0,0.6149367088607596,0.18862815749397605,Loyal,99.68620867241647
17198,23,3,692.22,371,89,1,230.74,1.0,170.56,173.0,0.0,-0.0,0.6539125100640264,0.14396696313269722,Champions,99.65681121971568
13561,215,1,141.85999999999999,215,14,1,141.85999999999999,0.0,0.0,216.0,0.0,-0.0,1.0,0.7024668384909388,Hibernating,99.65194570832458
15675,81,3,323.69,280,20,1,107.89666666666666,1.0,98.30000000000001,99.0,0.0,-0.0,0.8722658503039178,0.3076742292879944,At risk (was loyal),99.59107127823091
12902,264,1,138.68,264,10,1,138.68,0.0,0.0,265.0,0.0,-0.0,1.0,0.7178819979893222,Hibernating,99.5558754811592
14889,336,1,135.9,336,10,1,135.9,0.0,0.0,337.0,0.0,-0.0,1.0,0.7319883874072288,Hibernating,99.4772218486424
14041,266,1,141.41,266,21,1,141.41,0.0,0.0,267.0,0.0,-0.0,1.0,0.703160436389671,Hibernating,99.43391730986338
16914,36,1,183.76,36,25,1,183.76,1.0,183.76,37.0,0.0,-0.0,1.0,0.5410192110784304,Needs attention,99.41769022777237
17043,32,4,1735.18,266,100,1,433.795,2.0,1410.21,77.33333333333333,0.0,-0.0,4.339508262301135,0.05726077367703561,Loyal,99.35774926891865
15691,252,1,136.8,252,2,1,136.8,0.0,0.0,253.0,0.0,-0.0,1.0,0.7262520776140126,Hibernating,99.35128421759693
15571,11,4,650.4300000000001,78,47,1,162.60750000000002,4.0,650.4300000000001,21.666666666666668,0.0,-0.0,1.0,0.1524637595514067,Champions,99.16700312502147
14594,7,2,363.33,373,48,1,181.665,1.0,108.33,365.0,0.0,-0.0,0.4248235294117647,0.2727468480795024,Loyal,99.0971123127256
12490,5,10,4859.93,329,130,0,485.99300000000005,4.0,1649.3400000000001,35.666666666666664,0.0,-0.0,0.7705779934529168,0.0203885074379089,Champions,99.08671895271661
13212,19,3,786.83,61,128,1,262.2766666666667,3.0,786.83,20.5,1.0,0.009531919220161915,1.0,0.12590047226001613,Loyal,99.0622685883485
16851,4,3,342.45,51,17,1,114.14999999999999,3.0,342.45,23.5,0.0,-0.0,1.0,0.2890745210357679,Champions,98.99356972869872
18156,12,2,675.64,369,100,1,337.82,1.0,488.76,356.0,0.0,-0.0,2.6153681506849313,0.1465108205872778,Loyal,98.98857082158837
13532,33,1,210.31,33,66,1,210.31,1.0,210.31,34.0,0.0,-0.0,1.0,0.47050628704505826,Needs attention,98.9521772284462
17817,4,3,387.68,277,32,1,129.22666666666666,1.0,117.97999999999999,136.0,0.0,-0.0,0.8748980348535409,0.25520396215594104,Champions,98.93747204861522
18200,106,1,150.35,106,29,1,150.35,0.0,0.0,107.0,0.0,-0.0,1.0,0.6573810947499661,Hibernating,98.8372475956574
15174,322,1,135.75,322,11,1,135.75,0.0,0.0,323.0,0.0,-0.0,1.0,0.7279647156158008,Hibernating,98.82121014484495
16598,285,1,145.04999999999998,285,10,1,145.04999999999998,0.0,0.0,286.0,1.0,0.029989658738366082,1.0,0.6811969146212355,Hibernating,98.80761246581021
13690,59,1,172.25,59,9,1,172.25,1.0,172.25,60.0,0.0,-0.0,1.0,0.5735594545862431,Needs attention,98.79561605248038
17302,14,5,1135.63,305,68,1,227.12600000000003,2.0,474.02,72.25,1.0,0.013824925371820045,1.074696573510074,0.08693586771447512,Champions,98.72697945258939
15036,72,3,429.56,179,107,1,143.18666666666667,1.0,217.07,53.5,0.0,-0.0,2.0431079109605155,0.22958189371182652,Hibernating,98.61919826285221
17781,159,2,188.02,253,12,1,94.01,0.0,0.0,93.0,0.0,-0.0,1.0,0.5236838695632242,Hibernating,98.46304115527742
14830,53,1,188.03,53,38,1,188.03,1.0,188.03,54.0,0.0,-0.0,1.0,0.5233280982831731,Needs attention,98.40138232018504
14518,64,1,174.37,64,16,1,174.37,1.0,174.37,65.0,0.0,-0.0,1.0,0.5631816137648523,Needs attention,98.2019779921773
16362,32,5,695.14,91,58,1,139.028,2.0,349.34000000000003,14.25,4.0,0.09760623759242743,1.5153556969346444,0.14107278742947718,Champions,98.06533745372677
14501,183,2,221.21,319,8,1,110.605,0.0,0.0,136.0,1.0,0.11798743275620449,1.0,0.4423036672845029,Hibernating,97.84199424000488
17253,18,1,178.26,18,18,1,178.26,1.0,178.26,19.0,0.0,-0.0,1.0,0.5485294825961279,New / recent,97.78086556758575
16395,60,5,1482.06,330,150,1,296.412,2.0,517.76,67.0,0.0,-0.0,0.8053925127035155,0.06575530139314914,Loyal,97.45330198273061
13716,269,1,138.28,269,21,1,138.28,0.0,0.0,270.0,0.0,-0.0,1.0,0.7037958961304139,Hibernating,97.32089651691363
17676,4,6,1371.18,366,49,1,228.53,2.0,640.34,71.8,0.0,-0.0,1.752339773411417,0.07095407672654488,Champions,97.29081092590381
17984,145,1,152.68,145,48,1,152.68,0.0,0.0,146.0,0.0,-0.0,1.0,0.637137000094175,Hibernating,97.27807717437864
13323,3,5,787.85,84,6,1,157.57,5.0,787.85,20.0,0.0,-0.0,1.0,0.12347061675209699,Champions,97.27632540813961
18058,9,1,170.16,9,3,1,170.16,1.0,170.16,10.0,0.0,-0.0,1.0,0.5714679580273342,New / recent,97.24098773793118
17881,304,1,133.35000000000002,304,8,1,133.35000000000002,0.0,0.0,305.0,0.0,-0.0,1.0,0.7284490096910498,Hibernating,97.1386754423015
13994,3,6,2274.14,148,122,1,379.0233333333333,4.0,1854.5800000000002,28.2,0.0,-0.0,2.210148727238059,0.04270415581230455,Champions,97.11522889899426
16882,66,3,705.12,317,39,1,235.04,1.0,489.41999999999996,124.5,0.0,-0.0,4.537969401947148,0.13758419685863402,Loyal,97.01336888896002
16771,33,5,2230.61,338,199,1,446.122,2.0,590.86,75.75,0.0,-0.0,0.5405031254764445,0.04347825661135636,Loyal,96.98303397985762
16987,3,7,1616.8,205,74,1,230.97142857142856,4.0,987.35,33.333333333333336,0.0,-0.0,1.1764437207085547,0.05994878280885829,Champions,96.92519204536208
14247,278,1,136.76999999999998,278,19,1,136.76999999999998,0.0,0.0,279.0,0.0,-0.0,1.0,0.7084108201136431,Hibernating,96.88934786694296
16679,366,1,129.75,366,3,1,129.75,0.0,0.0,367.0,0.0,-0.0,1.0,0.7467069416058598,Hibernating,96.88522567336031
15709,283,1,133.25,283,6,1,133.25,0.0,0.0,284.0,0.0,-0.0,1.0,0.7270123832579981,Hibernating,96.87440006912824
15197,10,3,660.21,358,29,1,220.07000000000002,1.0,306.36,173.0,1.0,0.005710304297117583,1.7315811784654513,0.1465963766349312,Loyal,96.78439381814793
15042,199,1,135.93,199,5,1,135.93,0.0,0.0,200.0,0.0,-0.0,1.0,0.7117024207162647,Hibernating,96.74171004796186
17086,7,6,2050.08,63,76,1,341.68,6.0,2050.08,11.0,0.0,-0.0,1.0,0.04718375435206024,Champions,96.73047112207166
17709,169,1,137.45,169,7,1,137.45,0.0,0.0,170.0,0.0,-0.0,1.0,0.7028313991234204,Hibernating,96.60417580951413
14608,4,4,1785.15,362,8,1,446.2875,3.0,1581.15,118.66666666666667,0.0,-0.0,2.5835784313725494,0.05410846068164486,Champions,96.59171858583834
18155,75,3,371.62,291,19,1,123.87333333333333,1.0,105.06,108.0,1.0,0.06404391582799634,0.7882653061224489,0.25987980048659615,At risk (was loyal),96.57653145682886
16050,173,1,137.9,173,10,1,137.9,0.0,0.0,174.0,0.0,-0.0,1.0,0.6994528684947828,Hibernating,96.45455056543055
14586,276,1,134.16,276,11,1,134.16,0.0,0.0,277.0,0.0,-0.0,1.0,0.7189433306898856,Hibernating,96.45343724535505
15432,23,1,171.19,23,10,1,171.19,1.0,171.19,24.0,0.0,-0.0,1.0,0.5633109263172847,New / recent,96.43319747625597
16768,47,3,459.29,271,44,1,153.09666666666666,1.0,191.6,111.5,1.0,0.0027215920224694635,1.4315065934476445,0.2096430102133011,Loyal,96.28693816086707
16483,192,1,139.35,192,19,1,139.35,0.0,0.0,193.0,0.0,-0.0,1.0,0.6906564459873002,Hibernating,96.24297574833028
14340,218,1,134.7,218,6,1,134.7,0.0,0.0,219.0,0.0,-0.0,1.0,0.7141602367510923,Hibernating,96.19738389037212
16478,25,3,331.0,65,15,1,110.33333333333333,3.0,331.0,19.5,0.0,-0.0,1.0,0.29039325436758145,Champions,96.12016719566947
13817,29,2,328.98,351,19,0,164.49,1.0,218.28,322.0,0.0,-0.0,1.9718157181571816,0.29201974410338494,New / recent,96.06865541513159
16394,56,5,1530.1399999999999,289,60,1,306.02799999999996,2.0,622.24,57.75,4.0,0.07716940933509353,1.0280427359841393,0.06275077972878006,Loyal,96.01747809419551
16525,2,24,11895.57,366,71,1,495.64875,5.0,2655.1,15.391304347826088,0.0,-0.0,1.0918687036481909,0.008069758219253717,Champions,95.99437378020794
14438,306,1,131.9,306,9,1,131.9,0.0,0.0,307.0,0.0,-0.0,1.0,0.7275246305819406,Hibernating,95.96049877375798
16055,220,1,134.8,220,8,1,134.8,0.0,0.0,221.0,0.0,-0.0,1.0,0.711828077896174,Hibernating,95.95442490040426
14772,112,1,139.26,112,9,1,139.26,0.0,0.0,113.0,0.0,-0.0,1.0,0.688144659864234,Hibernating,95.83102533269322
17122,119,1,138.32,119,7,1,138.32,0.0,0.0,120.0,0.0,-0.0,1.0,0.6924752301779553,Hibernating,95.78317383821478
16461,177,1,142.92,177,31,1,142.92,0.0,0.0,178.0,0.0,-0.0,1.0,0.6700062648429231,Hibernating,95.75729537135057
17889,212,2,201.37,322,20,1,100.685,0.0,0.0,109.0,0.0,-0.0,1.0,0.47533627807202833,Hibernating,95.71846631536435
14218,42,1,169.48000000000002,42,12,1,169.48000000000002,1.0,169.48000000000002,43.0,0.0,-0.0,1.0,0.5647039693272438,Needs attention,95.70602872158128
18252,50,2,518.27,171,90,1,259.135,1.0,448.37,121.0,0.0,-0.0,5.0,0.18453855699548397,Loyal,95.64079793404947
14379,44,2,348.1,295,39,1,174.05,1.0,237.12,251.0,0.0,-0.0,2.136601189403496,0.2743642599750288,Loyal,95.50619889730753
17383,4,1,193.39000000000001,4,49,1,193.39000000000001,1.0,193.39000000000001,5.0,0.0,-0.0,1.0,0.49266469837223764,New / recent,95.27642601820705
16114,170,1,135.75000000000003,170,8,1,135.75000000000003,0.0,0.0,171.0,0.0,-0.0,1.0,0.7016518012025301,Hibernating,95.24923201324349
13984,26,4,488.03,366,13,1,122.0075,1.0,101.18,112.66666666666667,0.0,-0.0,0.7846452113222179,0.19504778480827872,Champions,95.18917041998426
14180,10,25,4647.12,372,111,1,185.88479999999998,3.0,489.6,14.625,1.0,0.0013664377076554942,0.8635917566241413,0.02048287473124819,Champions,95.18637682107808
18125,29,4,1131.75,316,164,1,282.9375,1.0,197.85,95.0,1.0,0.0014579191517561298,0.6355605525216832,0.08410314437089864,Champions,95.18373364176453
15513,33,19,14585.78,373,182,1,767.6726315789474,2.0,3406.08,18.555555555555557,2.0,0.004504387149675917,2.589665196740521,0.006525728111698405,Loyal,95.18283457704835
15114,30,10,2760.56,301,136,1,276.056,3.0,1081.59,29.666666666666668,0.0,-0.0,1.5031298951142664,0.034456429184125434,Champions,95.11904014852931
18042,53,1,165.04999999999998,53,7,1,165.04999999999998,1.0,165.04999999999998,54.0,0.0,-0.0,1.0,0.5757696876931045,Needs attention,95.0307869537469
14966,14,1,183.02,14,35,1,183.02,1.0,183.02,15.0,0.0,-0.0,1.0,0.5190493626320878,New / recent,94.99641434892472
15663,106,1,138.14,106,9,1,138.14,0.0,0.0,107.0,0.0,-0.0,1.0,0.6868873975670513,Hibernating,94.88662509991246
14280,196,1,134.04,196,8,1,134.04,0.0,0.0,197.0,0.0,-0.0,1.0,0.7069774682883392,Hibernating,94.76325984936898
12893,30,1,176.55,30,27,1,176.55,1.0,176.55,31.0,0.0,-0.0,1.0,0.5366288480097582,New / recent,94.74182311612282
13094,21,11,1721.5800000000002,368,4,1,156.50727272727275,2.0,381.6,34.3,3.0,0.0073885616700937505,1.2815116643531994,0.055004156021871094,Champions,94.69405492413284
13110,31,7,1488.67,311,109,1,212.66714285714286,2.0,446.43,46.166666666666664,1.0,0.024048311580135286,1.070842608228431,0.06353211858813104,Champions,94.57835897859304
12817,281,1,126.03999999999999,281,3,0,126.03999999999999,0.0,0.0,282.0,0.0,-0.0,1.0,0.7489907050283446,Hibernating,94.40278846177256
16773,57,1,171.59,57,23,1,171.59,1.0,171.59,58.0,0.0,-0.0,1.0,0.5501000794608919,Needs attention,94.39167263469444
15872,14,2,316.25,14,101,1,158.125,2.0,316.25,0.0,0.0,-0.0,1.0,0.2984562794750461,Loyal,94.38679838398333
12968,112,1,135.95,112,5,1,135.95,0.0,0.0,113.0,0.0,-0.0,1.0,0.6938711982406389,Hibernating,94.33178940081486
16261,17,4,728.54,246,98,1,182.135,2.0,318.55,75.66666666666667,0.0,-0.0,0.7769701700041465,0.12946082721122196,Champions,94.31739105646363
14624,57,2,225.85,59,13,1,112.925,2.0,225.85,1.0,0.0,-0.0,1.0,0.4175601072846003,Loyal,94.30595023022697
13273,113,1,138.98,113,16,1,138.98,0.0,0.0,114.0,0.0,-0.0,1.0,0.6782416179870614,Hibernating,94.26202006784179
13155,33,4,971.76,368,67,1,242.94,2.0,402.56,111.0,0.0,-0.0,0.7072382290934645,0.09690904941110674,Loyal,94.17233785573708
17650,21,1,166.08,21,8,1,166.08,1.0,166.08,22.0,0.0,-0.0,1.0,0.5663861097316143,New / recent,94.06540510422651
15967,23,2,397.68,318,73,1,198.84,1.0,235.78,295.0,0.0,-0.0,1.45633106856084,0.23643519202903207,Loyal,94.02554716610547
15206,10,4,420.29999999999995,275,3,1,105.07499999999999,1.0,183.6,88.33333333333333,0.0,-0.0,2.3269961977186315,0.22350822893377353,Champions,93.940508620865
15986,30,1,168.12,30,14,1,168.12,1.0,168.12,31.0,0.0,-0.0,1.0,0.5585893635334561,New / recent,93.91004379724464
16434,29,7,1511.8,299,88,1,215.97142857142856,3.0,612.96,44.333333333333336,0.0,-0.0,0.9092608250634152,0.06210762036698268,Champions,93.89430047080441
16907,29,5,928.76,365,89,1,185.752,1.0,269.77,83.5,0.0,-0.0,1.63747553073643,0.1009861921116894,Champions,93.79193578565264
14801,61,1,189.34,61,56,1,189.34,1.0,189.34,62.0,0.0,-0.0,1.0,0.4951844706774699,Needs attention,93.75822767807215
17835,2,3,342.24,23,45,1,114.08,3.0,342.24,10.0,0.0,-0.0,1.0,0.2738444620184151,Champions,93.72052868118239
15135,239,1,139.05,239,9,1,139.05,0.0,0.0,240.0,1.0,0.08558072635742538,1.0,0.6730277507131393,Hibernating,93.58450873666202
12923,64,1,171.57,64,27,1,171.57,1.0,171.57,65.0,0.0,-0.0,1.0,0.5451855529401536,Needs attention,93.53748531794214
14483,281,1,137.1,281,9,1,137.1,0.0,0.0,282.0,1.0,0.05762217359591539,1.0,0.6819482697673049,Hibernating,93.4951077850975
12837,173,1,134.1,173,12,1,134.1,0.0,0.0,174.0,0.0,-0.0,1.0,0.696663816438163,Hibernating,93.42261778435766
14820,21,4,507.29,173,24,1,126.8225,3.0,367.52,50.0,0.0,-0.0,0.8764875629009562,0.18398683969595325,Champions,93.33468390936012
16623,245,1,129.45,245,5,1,129.45,0.0,0.0,246.0,0.0,-0.0,1.0,0.7209189146921774,Hibernating,93.32295350690235
17455,203,1,131.7,203,8,1,131.7,0.0,0.0,204.0,0.0,-0.0,1.0,0.7084144111399348,Hibernating,93.2981779471294
17555,19,2,480.31,334,101,1,240.155,1.0,284.86,314.0,0.0,-0.0,1.4574571501662832,0.1941829365734187,Loyal,93.26800626557873
15919,19,2,525.69,368,103,1,262.845,1.0,311.61,349.0,0.0,-0.0,1.4555773542600898,0.17716796944553279,Loyal,93.13542985782215
17126,152,5,989.45,362,187,1,197.89000000000001,0.0,0.0,52.5,2.0,0.01303754611147607,1.0,0.09402013858778148,At risk (was loyal),93.02822612568039
13960,21,2,230.22,71,11,1,115.11,2.0,230.22,50.0,0.0,-0.0,1.0,0.40393647986220754,Loyal,92.99425639387742
14587,18,9,1580.29,331,170,1,175.58777777777777,1.0,127.61,38.625,1.0,0.0018351062146821154,0.7027562849354296,0.05879960459269477,Champions,92.92042714178962
13760,54,2,286.79,256,50,1,143.395,1.0,151.70000000000002,202.0,0.0,-0.0,1.1229550669923756,0.323896444977212,Needs attention,92.89026145501464
15503,362,1,141.04,362,66,1,141.04,0.0,0.0,363.0,0.0,-0.0,1.0,0.6583846925013374,Hibernating,92.85857703038862
16213,78,1,159.0,78,6,1,159.0,1.0,159.0,79.0,0.0,-0.0,1.0,0.5836970431275136,Hibernating,92.80782985727465
16930,26,3,378.89,68,47,1,126.29666666666667,3.0,378.89,21.0,0.0,-0.0,1.0,0.24487623575399564,Champions,92.78115696483141
17972,241,1,135.19,241,30,1,135.19,0.0,0.0,242.0,0.0,-0.0,1.0,0.6852394127773597,Hibernating,92.63751621337126
13428,10,1,201.78,10,70,1,201.78,1.0,201.78,11.0,0.0,-0.0,1.0,0.45871115513860883,New / recent,92.55873688386849
14795,166,1,131.45000000000002,166,6,1,131.45000000000002,0.0,0.0,167.0,0.0,-0.0,1.0,0.7036514502174283,Hibernating,92.49498313108096
13956,5,5,1019.27,271,123,1,203.85399999999998,2.0,343.2,66.0,0.0,-0.0,0.7614596121703375,0.09073035787160301,Champions,92.4787318677888
16863,31,2,502.8,366,25,1,251.4,1.0,338.55,335.0,2.0,0.04266109785202864,2.061187214611872,0.1832988689371102,Loyal,92.16267130157901
15923,372,1,127.08,372,21,1,127.08,0.0,0.0,373.0,0.0,-0.0,1.0,0.7244998565329823,Hibernating,92.06944176821139
18101,11,2,222.4,143,37,1,111.2,1.0,112.17,132.0,0.0,-0.0,1.0175995645468565,0.41397281606094094,Loyal,92.06755429195327
17754,0,5,1664.65,260,82,1,332.93,3.0,1089.59,64.25,1.0,0.019427507283813414,1.2631609455245252,0.05530538387772064,Champions,92.06410727204766
13247,17,4,501.12,82,18,1,125.28,4.0,501.12,21.0,0.0,-0.0,1.0,0.18367487380960915,Champions,92.04315276347134
15458,25,1,161.64,25,7,1,161.64,1.0,161.64,26.0,0.0,-0.0,1.0,0.5692266647929468,New / recent,92.00979809713192
14868,3,8,2953.59,233,96,1,369.19875,4.0,1656.52,32.42857142857143,1.0,0.004723065828364803,1.2771245962052935,0.031142063284322157,Champions,91.98088669594108
14962,270,1,126.7,270,5,1,126.7,0.0,0.0,271.0,0.0,-0.0,1.0,0.7258464285686147,Hibernating,91.96474249964348
17673,1,6,1594.97,320,118,1,265.8283333333333,2.0,419.35,63.4,1.0,0.004326100177432805,0.713410796005512,0.05765671017420441,Champions,91.96072302655081
12451,10,5,8893.52,324,263,0,1778.7040000000002,3.0,3687.7,77.75,0.0,-0.0,0.47225349064444544,0.01033908855691586,Champions,91.95089086270235
17019,11,4,1258.08,368,166,1,314.52,1.0,262.15,118.33333333333333,0.0,-0.0,0.7896639322040706,0.07298966789310943,Champions,91.82684138296311
14441,0,4,1696.24,255,42,1,424.06,2.0,998.84,84.33333333333333,5.0,0.08907937556006225,1.4322340120447372,0.05412343153433434,Champions,91.80632950579928
14903,21,5,2778.43,278,225,1,555.6859999999999,1.0,396.71,64.0,4.0,0.017725837973243883,0.6662579984213088,0.03299465410875492,Champions,91.67333681538793
14401,4,13,4051.48,359,113,1,311.6523076923077,3.0,972.1,29.0,1.0,0.002838468905190202,1.052268097257673,0.02262609046781968,Champions,91.66915300856208
13959,79,3,594.04,362,79,1,198.01333333333332,1.0,256.6,141.0,0.0,-0.0,1.5208629682313894,0.15428769864594669,Hibernating,91.65306450363816
18045,45,1,178.34,45,43,1,178.34,1.0,178.34,46.0,0.0,-0.0,1.0,0.513560921366688,Needs attention,91.58845471653514
13173,4,2,353.65,367,41,1,176.825,1.0,187.71,363.0,0.0,-0.0,1.1311919971073883,0.2589031297275959,New / recent,91.56109182816428
16014,37,3,646.83,291,123,1,215.61,1.0,132.45000000000002,126.0,1.0,0.014300511726419616,0.5149889186982387,0.1415300328301737,Loyal,91.54587113554126
12808,36,3,455.65000000000003,368,26,0,151.88333333333335,1.0,202.3,165.5,0.0,-0.0,1.597000197355437,0.2008723917406143,Loyal,91.52750529661091
13223,200,2,163.20000000000002,232,5,1,81.60000000000001,0.0,0.0,31.0,0.0,-0.0,1.0,0.5607898878541174,Hibernating,91.52090969779198
18036,32,3,403.12,245,77,1,134.37333333333333,1.0,149.43,106.5,0.0,-0.0,1.1780519531711933,0.2270192934582475,Loyal,91.51601757888874
14543,28,16,3545.08,364,40,1,221.5675,3.0,360.23,21.933333333333334,4.0,0.16920915748022614,0.490131926673679,0.025803955400808938,Champions,91.47708621229975
16658,368,1,123.24,368,8,1,123.24,0.0,0.0,369.0,0.0,-0.0,1.0,0.740757547641203,Hibernating,91.29096017130186
16594,75,1,181.09,75,53,1,181.09,1.0,181.09,76.0,0.0,-0.0,1.0,0.5040790670894298,Hibernating,91.28367825922486
15348,72,1,158.04,72,9,1,158.04,1.0,158.04,73.0,0.0,-0.0,1.0,0.5774357048226137,Hibernating,91.25793879016587
14897,7,4,1366.38,296,43,1,341.595,3.0,1190.88,96.0,0.0,-0.0,2.261880341880342,0.06663252763586786,Champions,91.04535311109713
14503,3,6,3543.26,178,113,1,590.5433333333334,5.0,2946.19,34.6,0.0,-0.0,0.9868826100792202,0.025694890429620358,Champions,91.04367746365664
16076,3,10,2173.53,208,71,1,217.353,5.0,876.75,22.333333333333332,0.0,-0.0,0.6760977189654375,0.04188663227134628,Champions,91.04185184073928
13917,49,2,272.04,191,16,1,136.02,1.0,206.66,141.0,0.0,-0.0,3.1609054756806363,0.33436555110300065,Loyal,90.9608045220603
17034,16,3,745.52,287,28,1,248.50666666666666,2.0,603.72,135.0,1.0,0.014687734735486641,2.128772919605078,0.12188302912110908,Champions,90.86623587036924
18147,45,2,179.33999999999997,108,7,1,89.66999999999999,1.0,80.46,62.0,0.0,-0.0,0.8137135922330097,0.5065179959835278,Loyal,90.83893739968586
16566,15,5,614.66,292,14,1,122.93199999999999,2.0,150.78,68.75,1.0,0.001057495200598705,0.4875614383030094,0.14777338854267427,Champions,90.83039100164017
15572,4,7,2533.42,278,166,1,361.9171428571429,3.0,980.63,45.166666666666664,0.0,-0.0,0.8420370215332831,0.035844504655941405,Champions,90.80918498545508
12951,8,6,1064.07,330,53,1,177.345,1.0,312.29,63.8,2.0,0.02067533151014501,2.077003910718561,0.08532587578692193,Champions,90.79270464859
12602,58,1,153.12,58,12,0,153.12,1.0,153.12,59.0,0.0,-0.0,1.0,0.5926592345280228,Needs attention,90.74798199093085
14890,253,1,125.65,253,7,1,125.65,0.0,0.0,254.0,0.0,-0.0,1.0,0.719834995275744,Hibernating,90.44726715639725
15335,53,1,170.22,53,34,1,170.22,1.0,170.22,54.0,0.0,-0.0,1.0,0.5309574871728755,Needs attention,90.37958346656687
14714,24,1,160.19,24,10,1,160.19,1.0,160.19,25.0,0.0,-0.0,1.0,0.5641440227802316,New / recent,90.3702310091653
14578,3,1,168.63,3,24,1,168.63,1.0,168.63,4.0,0.0,-0.0,1.0,0.535451988403797,New / recent,90.29326880453229
14784,26,2,289.99,323,15,1,144.995,1.0,175.31,297.0,0.0,-0.0,1.5286885245901638,0.31129448703423285,Loyal,90.27228829505718
17634,36,9,2358.59,337,209,1,262.0655555555556,2.0,281.52,37.125,0.0,-0.0,0.47437977535663217,0.03824205581174512,Loyal,90.19733041702392
13781,250,1,127.84,250,17,1,127.84,0.0,0.0,251.0,0.0,-0.0,1.0,0.7055452120305098,Hibernating,90.19689990598037
17600,17,1,161.67000000000002,17,13,1,161.67000000000002,1.0,161.67000000000002,18.0,0.0,-0.0,1.0,0.5574376364883836,New / recent,90.12094269107699
14089,56,1,158.75,56,13,1,158.75,1.0,158.75,57.0,0.0,-0.0,1.0,0.5670153808993669,Needs attention,90.01369171777449
16356,197,3,211.77,277,20,1,70.59,0.0,0.0,39.0,1.0,0.006847051045946073,1.0,0.42446745190839086,At risk (was loyal),89.88947229063993
14961,10,9,7034.78,360,193,1,781.6422222222222,2.0,2126.75,43.125,2.0,0.00400865414412391,1.5166217402909108,0.012767038879208046,Champions,89.81330976667518
12966,9,1,160.18,9,10,1,160.18,1.0,160.18,10.0,0.0,-0.0,1.0,0.5605213634215166,New / recent,89.78431199285853
13560,7,1,171.42000000000002,7,32,1,171.42000000000002,1.0,171.42000000000002,8.0,0.0,-0.0,1.0,0.5229678506247469,New / recent,89.64714895409412
17663,25,7,1802.91,287,63,1,257.55857142857144,3.0,786.38,43.0,2.0,0.008120205667504201,1.031456687620303,0.049713378800831,Champions,89.62874777380623
16405,302,2,167.25,310,3,1,83.625,0.0,0.0,7.0,0.0,-0.0,1.0,0.535824512247271,Hibernating,89.61664967335608
17436,1,2,216.29999999999998,226,7,1,108.14999999999999,1.0,93.89999999999999,225.0,0.0,-0.0,0.767156862745098,0.414294014406626,Loyal,89.61179531615319
15543,288,1,127.86,288,26,1,127.86,0.0,0.0,289.0,0.0,-0.0,1.0,0.7007843445716898,Hibernating,89.60228629693626
16424,191,1,133.56,191,5,1,133.56,0.0,0.0,192.0,1.0,0.38185085354896675,1.0,0.6696323484887492,Hibernating,89.43609646415734
17578,218,1,124.74,218,4,1,124.74,0.0,0.0,219.0,0.0,-0.0,1.0,0.716944830332569,Hibernating,89.43169813568464
12778,19,6,693.23,312,39,0,115.53833333333334,2.0,261.17,58.0,0.0,-0.0,1.208952460306439,0.12895035142399858,Champions,89.39225211765853
14799,51,1,157.7,51,13,1,157.7,1.0,157.7,52.0,0.0,-0.0,1.0,0.5658666407142015,Needs attention,89.23716924062957
13514,73,1,152.20000000000002,73,4,1,152.20000000000002,1.0,152.20000000000002,74.0,0.0,-0.0,1.0,0.5861095456641209,Hibernating,89.2058728500792
15852,186,2,160.71,197,22,1,80.355,0.0,0.0,10.0,0.0,-0.0,1.0,0.5536026127901387,Hibernating,88.96947590150319
14388,10,8,3185.9900000000002,372,123,1,398.24875000000003,2.0,919.17,51.285714285714285,2.0,0.004378544816524848,1.216466239048535,0.027924100385306926,Champions,88.96590458658402
16495,3,3,648.26,276,78,1,216.08666666666667,1.0,401.75,136.0,0.0,-0.0,3.2595026570930186,0.13702033705130323,Champions,88.82480369687784
16365,17,9,1540.42,367,45,1,171.1577777777778,2.0,677.8599999999999,43.125,0.0,-0.0,2.750544889630866,0.05764886888847801,Champions,88.8034706131893
13950,11,4,728.56,246,32,1,182.14,3.0,549.25,78.0,0.0,-0.0,1.0210436302121095,0.12178692463173887,Champions,88.72908180969966
15740,49,1,154.88,49,9,1,154.88,1.0,154.88,50.0,0.0,-0.0,1.0,0.572087558351401,Needs attention,88.60492103746499
13002,318,1,120.94999999999999,318,7,1,120.94999999999999,0.0,0.0,319.0,0.0,-0.0,1.0,0.732548306650636,Hibernating,88.6017176893944
16809,23,5,914.69,262,79,1,182.93800000000002,2.0,444.0,59.25,1.0,0.0021318698138167026,1.4149440183560305,0.09679798350056666,Champions,88.54014752813333
16248,61,1,152.94,61,7,1,152.94,1.0,152.94,62.0,0.0,-0.0,1.0,0.5783324186212622,Needs attention,88.45016010393583
14448,9,2,375.35,364,20,1,187.675,1.0,273.0,354.0,0.0,-0.0,2.667318026380068,0.23551126284398977,Loyal,88.39915250849157
15049,273,1,121.17000000000002,273,3,1,121.17000000000002,0.0,0.0,274.0,0.0,-0.0,1.0,0.7291138077738026,Hibernating,88.34672008795168
18088,61,1,166.03,61,35,1,166.03,1.0,166.03,62.0,0.0,-0.0,1.0,0.531477897444099,Needs attention,88.24127531264377
15134,14,8,1387.99,240,44,1,173.49875,4.0,773.13,31.714285714285715,0.0,-0.0,1.2574081904823862,0.06357001143431676,Champions,88.23454017071732
13603,26,1,164.34,26,27,1,164.34,1.0,164.34,27.0,0.0,-0.0,1.0,0.5363167309076239,New / recent,88.13829155735891
16094,11,4,1078.23,219,48,1,269.5575,3.0,826.13,69.0,2.0,0.03375903100451666,1.092331085548063,0.08171923218526722,Champions,88.11212771912068
15578,162,1,127.1,162,13,1,127.1,0.0,0.0,163.0,0.0,-0.0,1.0,0.6930070382160964,Hibernating,88.08119455726586
15266,338,1,119.3,338,6,1,119.3,0.0,0.0,339.0,0.0,-0.0,1.0,0.7376812004437104,Hibernating,88.00536721293466
12367,4,1,150.9,4,10,0,150.9,1.0,150.9,5.0,0.0,-0.0,1.0,0.5831732237964761,New / recent,88.00083947088824
16849,186,1,124.57,186,8,1,124.57,0.0,0.0,187.0,0.0,-0.0,1.0,0.7050043869419573,Hibernating,87.82239648135962
17164,32,7,2467.35,273,92,1,352.4785714285714,4.0,1196.93,39.666666666666664,1.0,0.0003850284718422599,0.7066147415815243,0.035579790285775306,Loyal,87.7877955616077
17096,15,4,1022.13,261,46,1,255.5325,2.0,578.19,81.33333333333333,3.0,0.02881238198663575,1.3024057305041223,0.08586293646782113,Champions,87.76308325185401
17463,16,5,1875.86,313,162,1,375.17199999999997,2.0,648.27,73.75,1.0,0.00802298679005896,0.7921252209613958,0.04676483885929439,Champions,87.72429062259597
12997,22,4,1226.89,317,45,1,306.7225,2.0,618.42,97.66666666666667,3.0,0.0235962474223443,1.0163524906733283,0.07149439741250932,Champions,87.71576124143357
14508,22,2,268.05,89,52,1,134.025,2.0,268.05,67.0,0.0,-0.0,1.0,0.3272154405351648,Loyal,87.71009883545094
14295,40,1,166.20000000000002,40,5,1,166.20000000000002,1.0,166.20000000000002,41.0,1.0,0.05114320096269554,1.0,0.5277259020576013,Needs attention,87.70804492197334
15917,247,1,123.1,247,12,1,123.1,0.0,0.0,248.0,0.0,-0.0,1.0,0.7118624325870668,Hibernating,87.63026545146792
16367,37,2,800.67,362,123,1,400.335,1.0,633.58,325.0,0.0,-0.0,3.791848704291101,0.1093838038187762,Loyal,87.58033020357954
15737,14,6,1139.1200000000001,242,60,1,189.85333333333335,3.0,307.19,45.2,2.0,0.01572266310836435,0.36924981669130813,0.07680965149236692,Champions,87.49541020798502
18146,140,2,160.35000000000002,220,10,1,80.17500000000001,0.0,0.0,79.0,0.0,-0.0,1.0,0.545468273680905,Hibernating,87.46583768473313
14960,8,2,221.27,171,23,1,110.635,1.0,132.97,162.0,0.0,-0.0,1.5058890147225368,0.3951403162587795,Loyal,87.43269777858013
16385,60,3,554.86,366,52,1,184.95333333333335,1.0,281.04,152.5,0.0,-0.0,2.0527353736030967,0.157397981991566,Loyal,87.33384428784031
14413,362,1,121.05,362,22,1,121.05,0.0,0.0,363.0,0.0,-0.0,1.0,0.721235287130258,Hibernating,87.30553150711772
16690,72,2,208.63,201,9,1,104.315,1.0,122.13,129.0,0.0,-0.0,1.411907514450867,0.4184283551068666,Hibernating,87.29670772594558
18198,4,17,5425.56,336,81,1,319.15058823529415,3.0,998.1700000000001,20.25,4.0,0.06312712420469038,1.0521157310891216,0.016086431220449476,Champions,87.27789777242187
14499,26,3,808.44,278,146,1,269.48,1.0,440.63,125.5,0.0,-0.0,2.3959653081754166,0.10794691775369245,Loyal,87.26860618879513
14039,33,1,152.2,33,6,1,152.2,1.0,152.2,34.0,0.0,-0.0,1.0,0.573291007918784,Needs attention,87.25489140523891
14860,19,1,170.32,19,11,1,170.32,1.0,170.32,20.0,1.0,0.009981211836542978,1.0,0.512189039881737,New / recent,87.23603727265744
13972,70,2,190.25,201,15,1,95.125,1.0,44.349999999999994,131.0,0.0,-0.0,0.30397532556545576,0.4579655834941153,Loyal,87.12795225975543
18030,4,2,230.64999999999998,42,8,1,115.32499999999999,2.0,230.64999999999998,38.0,1.0,0.04313895512681552,1.0,0.3775884621088301,Loyal,87.09077878540165
12417,3,9,3206.15,357,156,0,356.2388888888889,2.0,722.63,43.75,2.0,0.015704193503111207,1.0183952615642315,0.027133842567796045,Champions,86.9951693487393
12920,17,1,162.78,17,27,1,162.78,1.0,162.78,18.0,0.0,-0.0,1.0,0.5342043463381686,New / recent,86.95778349692709
18245,7,7,2567.06,355,153,1,366.72285714285715,1.0,894.25,57.666666666666664,1.0,0.023178266187779017,3.207477238897424,0.03386196434442238,Champions,86.92569418999291
17236,12,6,916.13,362,88,1,152.68833333333333,1.0,218.4,69.4,0.0,-0.0,1.5650753156665187,0.09488330632391989,Champions,86.92544342253272
16059,65,6,1453.16,367,126,1,242.19333333333336,2.0,508.56,59.8,0.0,-0.0,1.0767732373491425,0.05976719946358668,Loyal,86.85130357250563
15904,8,1,164.68,8,30,1,164.68,1.0,164.68,9.0,0.0,-0.0,1.0,0.526911016052228,New / recent,86.77170612348091
15139,239,2,178.96,336,13,1,89.48,0.0,0.0,96.0,0.0,-0.0,1.0,0.4843094476285802,Hibernating,86.67201874761072
12931,21,15,40667.44,357,28,1,2711.1626666666666,4.0,8594.66,23.571428571428573,3.0,0.17514330875019424,0.7369275441667358,0.0021311003820708167,Champions,86.66639692184202
15843,303,1,118.95000000000002,303,8,1,118.95000000000002,0.0,0.0,304.0,0.0,-0.0,1.0,0.7283477073611062,Hibernating,86.6369597906036
14592,35,3,557.94,64,132,1,185.98000000000002,3.0,557.94,14.0,0.0,-0.0,1.0,0.1552020450438828,Loyal,86.59342901178398
16726,26,5,1358.74,361,121,1,271.748,1.0,581.58,83.25,0.0,-0.0,2.9933604405785164,0.06368297789964147,Champions,86.52860939135886
15584,23,4,712.36,162,88,1,178.09,3.0,570.46,45.666666666666664,0.0,-0.0,1.3400516795865633,0.12118691575385424,Champions,86.3287113064156
13871,22,13,6403.25,308,155,1,492.5576923076923,4.0,1790.6100000000001,23.416666666666668,1.0,0.002100495841955257,0.8734417817128586,0.013476604551248265,Champions,86.29406809278045
15350,373,1,115.65,373,5,1,115.65,0.0,0.0,374.0,0.0,-0.0,1.0,0.7455653795473832,Hibernating,86.22463614465488
17904,21,1,181.07,21,33,1,181.07,1.0,181.07,22.0,1.0,0.07041475672391893,1.0,0.475629733902964,New / recent,86.12227591780969
15707,35,4,916.98,86,126,1,229.245,4.0,916.98,16.333333333333332,0.0,-0.0,1.0,0.09387448078349868,Loyal,86.08102138885262
17107,33,6,10507.48,278,269,1,1751.2466666666667,3.0,4174.87,48.4,1.0,0.013799693170960116,0.6592652950363277,0.008184717502257452,Loyal,86.00075546062013
15393,16,2,231.86,281,10,1,115.93,1.0,107.76,264.0,0.0,-0.0,0.8683319903303787,0.3707443981114329,Loyal,85.96079614611683
14155,266,1,118.75,266,6,1,118.75,0.0,0.0,267.0,0.0,-0.0,1.0,0.7237830690875181,Hibernating,85.94923945414277
17760,21,2,287.59,373,25,1,143.795,1.0,115.05,351.0,0.0,-0.0,0.6668019010084618,0.29885705747074703,Loyal,85.94830115801213
13581,309,1,118.0,309,10,1,118.0,0.0,0.0,310.0,0.0,-0.0,1.0,0.7268737843849488,Hibernating,85.77110655742395
16337,36,1,151.05,36,10,1,151.05,1.0,151.05,37.0,0.0,-0.0,1.0,0.5675284126510469,Needs attention,85.72516673094064
16611,186,1,129.49,186,9,1,129.49,0.0,0.0,187.0,1.0,0.06564213452776275,1.0,0.6614765992811721,Hibernating,85.65460484091898
12651,334,1,114.0,334,9,0,114.0,0.0,0.0,335.0,0.0,-0.0,1.0,0.751303471973382,Hibernating,85.64859580496555
15920,154,3,163.55,154,52,1,54.51666666666667,0.0,0.0,0.0,0.0,-0.0,1.0,0.5236668061507566,At risk (was loyal),85.64570614595624
15380,8,5,1690.2600000000002,365,22,1,338.052,3.0,1107.7,88.75,1.0,0.004673837161146805,1.2676233635448138,0.05063246433813726,Champions,85.5820291721799
16778,74,2,245.94,274,16,1,122.97,1.0,152.76,199.0,0.0,-0.0,1.6394075981970377,0.3478952718419949,Hibernating,85.56136315682024
13697,38,1,151.29999999999998,38,12,1,151.29999999999998,1.0,151.29999999999998,39.0,0.0,-0.0,1.0,0.5647164169789849,Needs attention,85.44159388892041
16189,15,2,215.48,85,9,1,107.74,2.0,215.48,69.0,0.0,-0.0,1.0,0.39623242871554193,Loyal,85.38016373962498
16073,297,1,122.39999999999999,297,1,1,122.39999999999999,0.0,0.0,298.0,1.0,0.22916666666666666,1.0,0.6974414539526388,Hibernating,85.36683396380297
16593,50,3,330.03,327,24,1,110.00999999999999,1.0,74.53,138.5,0.0,-0.0,0.5834050880626224,0.25804893524088357,Loyal,85.1638900975488
13384,30,7,4151.93,178,123,1,593.1328571428572,5.0,2396.09,24.166666666666668,2.0,0.007141257198459511,0.545856114452342,0.020497174262209063,Champions,85.10283273449369
14898,23,6,1269.31,371,86,1,211.55166666666665,1.0,278.13,69.2,2.0,0.05924478653756766,1.4030246776569342,0.06702863859596644,Champions,85.08012125624616
13860,1,5,1245.9,86,58,1,249.18,5.0,1245.9,20.75,1.0,0.004735532546753351,1.0,0.06813334842596316,Champions,84.88733880390751
13866,74,1,145.67000000000002,74,7,1,145.67000000000002,1.0,145.67000000000002,75.0,0.0,-0.0,1.0,0.5818276096858598,Hibernating,84.7548279029392
17373,40,4,646.92,312,47,1,161.73,2.0,359.62,90.33333333333333,0.0,-0.0,1.2517229376957884,0.13099362524550634,Loyal,84.74239604382295
14585,50,1,157.05,50,29,1,157.05,1.0,157.05,51.0,0.0,-0.0,1.0,0.5392480667687979,Needs attention,84.68890888603971
16656,22,15,8606.0,364,14,1,573.7333333333333,4.0,1509.12,23.928571428571427,6.0,0.004387636532651639,0.5847752815321663,0.009839175193704029,Champions,84.67594171701687
16929,3,7,1295.39,155,51,1,185.0557142857143,5.0,866.51,24.666666666666668,0.0,-0.0,0.8081607908972206,0.06533346456577566,Champions,84.63231666386014
14165,275,1,120.44,275,23,1,120.44,0.0,0.0,276.0,0.0,-0.0,1.0,0.7023583257118013,Hibernating,84.59203674872936
16205,30,4,751.03,179,72,1,187.7575,3.0,645.28,49.333333333333336,0.0,-0.0,2.03397951142632,0.11252612348044698,Champions,84.51049451752009
17344,46,1,157.62,46,31,1,157.62,1.0,157.62,47.0,0.0,-0.0,1.0,0.5349203122459838,Needs attention,84.31413961621197
14077,40,5,499.41999999999996,274,33,1,99.88399999999999,2.0,189.01999999999998,57.75,0.0,-0.0,0.9134342783505155,0.1687366134620295,Loyal,84.27043949520677
13309,7,5,1456.79,308,82,1,291.358,3.0,910.15,75.0,0.0,-0.0,1.109993170398556,0.05784639893590438,Champions,84.27005550583614
15937,64,1,145.35,64,7,1,145.35,1.0,145.35,65.0,0.0,-0.0,1.0,0.5794548717450225,Needs attention,84.22376560813902
15301,50,12,5015.05,368,167,1,417.92083333333335,3.0,1287.65,28.454545454545453,1.0,0.0014616005822474351,1.0363658314106348,0.016790766326270877,Loyal,84.20653266456476
14976,57,6,774.86,326,45,1,129.14333333333335,2.0,214.9,53.6,1.0,0.03226389283225357,0.7675548253446675,0.10860916308384676,Loyal,84.1568961071495
17117,288,1,116.19999999999999,288,9,1,116.19999999999999,0.0,0.0,289.0,0.0,-0.0,1.0,0.72411086489602,Hibernating,84.14168250091751
15988,19,1,156.78,19,26,1,156.78,1.0,156.78,20.0,0.0,-0.0,1.0,0.5366802013089556,New / recent,84.14072196121805
17030,63,1,146.87,63,11,1,146.87,1.0,146.87,64.0,0.0,-0.0,1.0,0.5726103188985741,Needs attention,84.09927753663358
12933,24,3,607.53,283,102,1,202.51,1.0,250.04,129.5,1.0,0.002057511563214985,1.3988643038966124,0.13842195991316705,Loyal,84.09549330604638
15054,12,2,302.1,40,105,1,151.05,2.0,302.1,28.0,0.0,-0.0,1.0,0.27809375974921957,Loyal,84.01212482023924
14259,141,1,120.0,141,5,1,120.0,0.0,0.0,142.0,0.0,-0.0,1.0,0.6999925099250875,Hibernating,83.99910119101051
12734,352,1,110.39999999999999,352,4,0,110.39999999999999,0.0,0.0,353.0,0.0,-0.0,1.0,0.7607417975384846,Hibernating,83.98589444824869
17193,35,7,1699.3000000000002,176,17,1,242.7571428571429,5.0,1250.74,23.333333333333332,2.0,0.014617783793326662,1.11533797039415,0.04941280387822281,Loyal,83.96717763026403
17007,50,6,889.9300000000001,357,50,1,148.3216666666667,1.0,314.49,61.0,1.0,0.01404604856561752,2.732604615598498,0.09425059325373807,Loyal,83.87643045429913
12442,3,1,144.06,3,11,0,144.06,1.0,144.06,4.0,0.0,-0.0,1.0,0.5816742021302471,New / recent,83.7959855588834
13499,17,5,1159.11,269,31,1,231.82199999999997,3.0,695.3199999999999,62.5,2.0,0.010482180293501049,0.999475337257523,0.07220254437519269,Champions,83.6906912107296
15018,38,3,456.26,367,29,1,152.08666666666667,1.0,204.87,164.0,0.0,-0.0,1.6298977684076534,0.18342548133197675,Loyal,83.6897101125277
13787,75,2,309.04,364,24,1,154.52,1.0,202.64000000000001,288.0,0.0,-0.0,1.9045112781954887,0.2707042757825291,Hibernating,83.65844938783279
15745,19,4,1094.59,236,57,1,273.6475,3.0,791.74,72.0,2.0,0.021332188307950924,0.8714325023388917,0.07639541933153578,Champions,83.62166204610574
17561,19,1,165.12,19,44,1,165.12,1.0,165.12,20.0,0.0,-0.0,1.0,0.5062378707699572,New / recent,83.58999722153533
12851,96,1,131.81,96,43,1,131.81,0.0,0.0,97.0,0.0,-0.0,1.0,0.6338896245775409,Hibernating,83.55299141556567
13807,367,1,112.6,367,7,1,112.6,0.0,0.0,368.0,0.0,-0.0,1.0,0.741916445260635,Hibernating,83.5397917363475
14457,310,1,113.64,310,4,1,113.64,0.0,0.0,311.0,0.0,-0.0,1.0,0.7349748795119984,Hibernating,83.5225453077435
14215,11,6,1789.72,368,98,1,298.2866666666667,2.0,691.45,71.0,1.0,0.006593210111078828,1.259162136815173,0.04664779235937745,Champions,83.48648694142501
15612,36,2,195.15,61,4,1,97.575,2.0,195.15,25.0,0.0,-0.0,1.0,0.42777321100431204,Loyal,83.4799421274915
12731,23,12,18660.41,364,108,0,1555.0341666666666,4.0,7571.66,30.636363636363637,0.0,-0.0,1.3656471649194002,0.004473590195566853,Champions,83.47902722125765
12724,5,4,923.41,332,46,0,230.8525,2.0,679.0500000000001,108.33333333333333,0.0,-0.0,2.7788917989851036,0.09024365307424113,Champions,83.331891685285
17284,60,6,1642.53,336,228,1,273.755,1.0,158.44,54.8,1.0,0.003622460472563667,0.5337951202420339,0.05072770312360787,Loyal,83.32177421161964
17783,72,2,283.47,247,67,1,141.735,1.0,171.06,175.0,0.0,-0.0,1.5217507339204697,0.29393100937911004,Hibernating,83.32062322869633
12547,197,2,151.79999999999998,280,6,0,75.89999999999999,0.0,0.0,82.0,0.0,-0.0,1.0,0.5484963928301263,Hibernating,83.26175243161316
14766,8,6,2473.37,366,111,1,412.2283333333333,2.0,942.0500000000001,71.0,2.0,0.020336625737354296,1.2303764072826058,0.033643699278972594,Champions,83.21331648563245
14485,38,1,162.8,38,44,1,162.8,1.0,162.8,39.0,0.0,-0.0,1.0,0.5110251247900112,Needs attention,83.19489031581382
16777,80,2,222.62,257,45,1,111.31,1.0,49.1,176.0,0.0,-0.0,0.282964499769479,0.37338639602754303,Hibernating,83.12327948365163
17402,4,12,2598.85,369,32,1,216.57083333333333,4.0,866.4,32.63636363636363,0.0,-0.0,1.0002020260324973,0.03190675095978737,Champions,82.92085973184341
17601,239,1,116.00999999999999,239,9,1,116.00999999999999,0.0,0.0,240.0,0.0,-0.0,1.0,0.7144020530623187,Hibernating,82.87778217575959
17654,277,1,117.55,277,22,1,117.55,0.0,0.0,278.0,0.0,-0.0,1.0,0.704181217805112,Hibernating,82.77650215299091
17180,56,4,771.22,316,90,1,192.805,1.0,231.17,86.0,2.0,0.0037602759264541894,1.2841588741783168,0.10729924984863945,Loyal,82.75132746826772
13238,17,4,680.83,360,19,1,170.2075,2.0,361.98,113.66666666666667,0.0,-0.0,1.1352673671005176,0.12150958520798873,Champions,82.72737089715497
14473,74,2,234.34000000000003,282,7,1,117.17000000000002,1.0,149.34000000000003,208.0,0.0,-0.0,1.7569411764705887,0.3527376887106573,Hibernating,82.66054997245544
18014,28,1,154.27,28,28,1,154.27,1.0,154.27,29.0,0.0,-0.0,1.0,0.5356917948963874,New / recent,82.6411731986657
16720,26,1,152.95,26,25,1,152.95,1.0,152.95,27.0,0.0,-0.0,1.0,0.5402554072900249,New / recent,82.6320645450093
14314,106,1,120.0,106,8,1,120.0,0.0,0.0,107.0,0.0,-0.0,1.0,0.688448746614959,Hibernating,82.61384959379508
14551,18,2,186.23,204,9,1,93.115,1.0,60.8,185.0,0.0,-0.0,0.4847325201307502,0.4433523610372481,Loyal,82.56551019596671
14632,262,1,114.56,262,8,1,114.56,0.0,0.0,263.0,0.0,-0.0,1.0,0.7203421767630558,Hibernating,82.52239976997568
16203,58,4,592.9,372,27,1,148.225,1.0,214.6,103.66666666666667,1.0,0.00632484398718165,1.7018239492466298,0.13915769573798886,Loyal,82.5065978030536
12679,58,4,935.4200000000001,283,41,0,233.85500000000002,2.0,152.64000000000001,74.33333333333333,5.0,0.04142524213722178,0.19499731725388997,0.08811213921762055,Loyal,82.42185726694662
13161,313,1,112.75,313,8,1,112.75,0.0,0.0,314.0,0.0,-0.0,1.0,0.730325012832797,Hibernating,82.34414519689787
16913,290,1,113.44,290,8,1,113.44,0.0,0.0,291.0,0.0,-0.0,1.0,0.7258516913042022,Hibernating,82.3406158615487
16875,67,5,2095.53,339,93,1,419.10600000000005,1.0,957.33,67.75,4.0,0.034387481925813514,3.364364786505008,0.03927545714865828,Loyal,82.30289871872789
14453,190,1,119.93,190,22,1,119.93,0.0,0.0,191.0,0.0,-0.0,1.0,0.6860734199583353,Hibernating,82.28078525560315
15445,264,1,113.5,264,5,1,113.5,0.0,0.0,265.0,0.0,-0.0,1.0,0.7247589069445685,Hibernating,82.26013593820852
17580,252,3,212.77,358,42,1,70.92333333333333,0.0,0.0,52.0,0.0,-0.0,1.0,0.38616633535573763,At risk (was loyal),82.1646111736403
13277,15,4,258.4,133,5,1,64.6,2.0,132.5,38.666666666666664,0.0,-0.0,1.0524225575853852,0.3179383564788486,Champions,82.15527131413447
13144,332,1,110.95,332,3,1,110.95,0.0,0.0,333.0,0.0,-0.0,1.0,0.7404616501954611,Hibernating,82.15422008918641
13978,14,2,196.79000000000002,45,14,1,98.39500000000001,2.0,196.79000000000002,30.0,0.0,-0.0,1.0,0.4161584161623738,Loyal,81.89581471659355
17935,138,2,142.89,141,27,1,71.445,0.0,0.0,3.0,0.0,-0.0,1.0,0.5728080226438299,Hibernating,81.84853835557685
18110,19,1,171.5,19,32,1,171.5,1.0,171.5,20.0,1.0,0.01720116618075802,1.0,0.4771117146824335,New / recent,81.82465906803735
14234,22,4,754.12,57,122,1,188.53,4.0,754.12,11.666666666666666,0.0,-0.0,1.0,0.10847158028062244,Champions,81.800588121223
17214,60,6,974.12,359,78,1,162.35333333333332,2.0,362.15000000000003,59.2,0.0,-0.0,1.183554749415821,0.08389104263321054,Loyal,81.71994244986305
17864,12,3,554.85,275,70,1,184.95000000000002,2.0,354.0,131.0,0.0,-0.0,0.8812546676624347,0.1472704238543058,Champions,81.71299467556157
16015,3,3,694.36,49,144,1,231.45333333333335,3.0,694.36,22.0,1.0,0.007128866870211418,1.0,0.11766661252281449,Champions,81.70298907134148
14529,60,3,578.61,110,177,1,192.87,2.0,443.37,24.5,0.0,-0.0,1.6391969831410824,0.1411779007495349,Loyal,81.6869451526884
17027,78,6,835.86,317,108,1,139.31,2.0,232.33,47.2,0.0,-0.0,0.7699037330372973,0.09768913097399728,At risk (was loyal),81.65443701592537
12427,21,3,639.32,371,24,0,213.10666666666668,2.0,389.82,174.5,1.0,0.08907902146030157,0.7812024048096193,0.12766016221056548,Loyal,81.61569490445872
16719,14,7,1757.47,368,107,1,251.06714285714287,2.0,486.34,58.166666666666664,1.0,0.0021337490824878944,0.9565111357610944,0.046433689416683493,Champions,81.60581613913874
15483,161,4,225.26,266,74,1,56.315,0.0,0.0,35.0,0.0,-0.0,1.0,0.36176997232508906,At risk (was loyal),81.49230396594956
17999,37,2,380.39,366,87,1,190.195,1.0,190.05,329.0,0.0,-0.0,0.998476410633603,0.21411827141582326,Loyal,81.44844926386502
13672,301,1,124.26,301,3,1,124.26,0.0,0.0,302.0,2.0,1.0,1.0,0.6553461160262337,Hibernating,81.4333083774198
17809,16,12,5345.91,373,46,1,445.4925,4.0,2489.2,32.09090909090909,1.0,0.00019828242525594334,1.7427040196589783,0.015214258852744824,Champions,81.33405854347708
14047,8,5,1308.6100000000001,372,22,1,261.72200000000004,2.0,672.69,90.5,2.0,0.014213554840632426,1.5867326078752044,0.06209330077880593,Champions,81.25591433215322
14087,2,1,191.47,2,61,1,191.47,1.0,191.47,3.0,1.0,0.06659006632892882,1.0,0.4242054621203534,New / recent,81.22261983218407
13614,24,4,1585.46,330,171,1,396.365,2.0,806.58,101.66666666666667,0.0,-0.0,1.0355638866064092,0.05116842987829305,Champions,81.1254988348385
17166,38,2,206.34,203,11,1,103.17,1.0,78.75,165.0,1.0,0.08166133565959097,0.6172113802022102,0.3929136709504284,Loyal,81.0738068639114
14098,36,1,147.35,36,21,1,147.35,1.0,147.35,37.0,0.0,-0.0,1.0,0.5496169327286363,Needs attention,80.98605503756455
17217,234,1,113.5,234,9,1,113.5,0.0,0.0,235.0,0.0,-0.0,1.0,0.7134165001598698,Hibernating,80.97277276814522
13077,1,4,728.02,366,99,1,182.005,1.0,151.83,121.66666666666667,0.0,-0.0,0.7905204880334611,0.11120437968759858,Champions,80.95901250016551
17254,4,2,271.19,15,100,1,135.595,2.0,271.19,10.0,0.0,-0.0,1.0,0.2985121295110282,Loyal,80.95350440209573
12618,21,1,137.31,21,10,0,137.31,1.0,137.31,22.0,0.0,-0.0,1.0,0.5879435405554467,New / recent,80.7305275536684
13483,65,1,140.34,65,10,1,140.34,1.0,140.34,66.0,0.0,-0.0,1.0,0.5750727535957207,Needs attention,80.70571023962346
14761,58,2,255.9,334,11,1,127.95,1.0,158.4,276.0,0.0,-0.0,1.6246153846153846,0.3149105467107809,Loyal,80.58560890328883
14143,133,1,115.8,133,7,1,115.8,0.0,0.0,134.0,0.0,-0.0,1.0,0.6955489588751302,Hibernating,80.54456943774008
15373,8,11,2213.11,371,74,1,201.1918181818182,3.0,729.01,35.9,0.0,-0.0,1.3099027468948632,0.036366686712980156,Champions,80.48347803136352
12654,10,5,529.98,295,30,0,105.99600000000001,2.0,228.23000000000002,70.75,0.0,-0.0,1.1345318972659488,0.15181811369396775,Champions,80.46056389552903
17892,56,3,244.1,155,27,1,81.36666666666666,2.0,102.0,49.5,0.0,-0.0,0.3589021815622801,0.3290683762236686,Loyal,80.3255906361975
15869,277,2,149.64,277,13,1,74.82,0.0,0.0,0.0,0.0,-0.0,1.0,0.5367354472937519,Hibernating,80.31709233303702
12664,8,9,4391.88,322,9,0,487.9866666666667,6.0,2634.4,38.75,0.0,-0.0,0.7494822131688553,0.018286529613567064,Champions,80.31224367923292
15105,18,7,2298.93,134,90,1,328.4185714285714,6.0,1765.95,19.166666666666668,0.0,-0.0,0.5522252242110398,0.03491882879175651,Champions,80.27594307423279
14732,8,8,2692.59,339,105,1,336.57375,3.0,1084.19,46.714285714285715,1.0,0.002321185178582703,1.1234663848130648,0.029790308387622953,Champions,80.2130864614297
18270,38,2,244.9,266,10,1,122.45,1.0,171.20000000000002,228.0,0.0,-0.0,2.322930800542741,0.3274538804047848,Loyal,80.1934553111318
14396,65,2,487.99,371,71,1,243.995,1.0,377.64,306.0,0.0,-0.0,3.4222020842772993,0.16421676399501484,Loyal,80.13613866192729
14829,29,4,697.55,372,39,1,174.3875,1.0,165.92,114.0,2.0,0.07583685757293385,0.9362902770723999,0.11481588137649619,Champions,80.08981805417491
13244,92,1,121.74000000000001,92,27,1,121.74000000000001,0.0,0.0,93.0,0.0,-0.0,1.0,0.657504692054982,Hibernating,80.04462121077351
15748,40,1,144.36,40,19,1,144.36,1.0,144.36,41.0,0.0,-0.0,1.0,0.5540527594227833,Needs attention,79.983056350273
18129,243,1,112.55000000000001,243,13,1,112.55000000000001,0.0,0.0,244.0,0.0,-0.0,1.0,0.7097533729292057,Hibernating,79.88274212318211
16916,23,2,562.41,372,129,1,281.205,1.0,365.98,348.0,0.0,-0.0,1.8631573588555719,0.14192183665188723,Loyal,79.81826015138789
14271,225,1,112.32,225,10,1,112.32,0.0,0.0,226.0,0.0,-0.0,1.0,0.7102426271477522,Hibernating,79.77445188123552
12723,3,5,707.07,65,52,0,141.41400000000002,5.0,707.07,15.0,0.0,-0.0,1.0,0.11280932142314272,Champions,79.76408689866153
15070,372,1,106.2,372,1,1,106.2,0.0,0.0,373.0,0.0,-0.0,1.0,0.7504733436016924,Hibernating,79.70026909049973
16722,17,13,4730.81,368,96,1,363.90846153846155,3.0,1074.23,28.75,3.0,0.00414305372652886,0.9792666006669255,0.016841212790017653,Champions,79.67257787914342
15365,25,6,1549.17,315,64,1,258.195,4.0,587.89,57.6,0.0,-0.0,0.30578499500665773,0.051397496585897776,Champions,79.62345978597526
14494,25,1,139.56,25,7,1,139.56,1.0,139.56,26.0,0.0,-0.0,1.0,0.5704104823100329,New / recent,79.60648691118818
15465,19,18,7354.62,369,43,1,408.59,3.0,1362.49,20.058823529411764,6.0,0.0556928842006793,1.136899566598188,0.010818584786630593,Champions,79.5665800434491
15435,22,1,149.29,22,29,1,149.29,1.0,149.29,23.0,0.0,-0.0,1.0,0.5328358698568914,New / recent,79.54706701093531
14984,19,2,202.37,180,37,1,101.185,1.0,100.14,161.0,0.0,-0.0,0.9795559033551795,0.3930343665373597,Loyal,79.53836475616548
18005,3,2,226.47,47,52,1,113.235,2.0,226.47,43.0,0.0,-0.0,1.0,0.35073767198666844,Loyal,79.43156057482081
13623,30,5,717.79,297,74,1,143.558,1.0,188.57,66.25,2.0,0.030078435196923894,1.4252673746268092,0.11062927502398981,Champions,79.40858731946965
13139,16,7,5064.94,259,132,1,723.5628571428571,4.0,3354.0,40.166666666666664,1.0,0.0018065367013232142,1.4702444270401065,0.01567593280108313,Champions,79.39765908151799
14689,208,1,112.8,208,13,1,112.8,0.0,0.0,209.0,0.0,-0.0,1.0,0.7026246902309065,Hibernating,79.25606505804625
17946,233,2,149.57999999999998,259,18,1,74.78999999999999,0.0,0.0,26.0,0.0,-0.0,1.0,0.5296635135057013,Hibernating,79.22706835018279
18209,28,1,139.10000000000002,28,8,1,139.10000000000002,1.0,139.10000000000002,29.0,0.0,-0.0,1.0,0.5695199495328309,New / recent,79.2202249800168
16221,36,3,860.86,367,90,1,286.9533333333333,1.0,545.49,165.0,0.0,-0.0,3.459365190094175,0.0920012028594942,Loyal,79.20015549362418
18135,29,5,681.9100000000001,190,11,1,136.382,4.0,572.09,40.0,0.0,-0.0,1.3023356401384083,0.1160464997026217,Champions,79.13326861221476
16247,170,1,114.56,170,16,1,114.56,0.0,0.0,171.0,0.0,-0.0,1.0,0.690496389686391,Hibernating,79.10326640247295
13271,37,1,192.77,37,75,1,192.77,1.0,192.77,38.0,1.0,0.10582559526897338,1.0,0.4099136540888339,Needs attention,79.01905509870451
15888,80,1,135.6,80,8,1,135.6,1.0,135.6,81.0,0.0,-0.0,1.0,0.58217135902621,Hibernating,78.94243628395407
13508,243,1,110.97,243,12,1,110.97,0.0,0.0,244.0,0.0,-0.0,1.0,0.7111377595720807,Hibernating,78.9149571797138
16697,241,1,112.75,241,20,1,112.75,0.0,0.0,242.0,0.0,-0.0,1.0,0.6996159283394254,Hibernating,78.88169592027022
15395,325,1,107.45,325,7,1,107.45,0.0,0.0,326.0,0.0,-0.0,1.0,0.7339780848653772,Hibernating,78.86594521878479
15046,9,15,4921.71,338,146,1,328.114,4.0,1146.74,23.0,0.0,-0.0,0.8353801487164136,0.01601393959138209,Champions,78.81596662630115
15414,9,3,774.9000000000001,242,37,1,258.3,2.0,738.7,116.0,0.0,-0.0,5.0,0.10158138203503767,Loyal,78.71541293895069
12678,42,9,16331.46,353,103,0,1814.6066666666666,3.0,8857.2,38.125,1.0,0.002461506809556525,2.370054025415225,0.004818945675918908,Loyal,78.70041854844261
14362,22,1,151.5,22,37,1,151.5,1.0,151.5,23.0,0.0,-0.0,1.0,0.5193961776088202,New / recent,78.68852090773626
14073,32,1,139.54,32,12,1,139.54,1.0,139.54,33.0,0.0,-0.0,1.0,0.563901017619233,New / recent,78.68674799858776
17301,21,1,163.24,21,59,1,163.24,1.0,163.24,22.0,0.0,-0.0,1.0,0.48179644890030565,New / recent,78.6484523184859
17639,276,1,108.5,276,7,1,108.5,0.0,0.0,277.0,0.0,-0.0,1.0,0.724476322549479,Hibernating,78.60568099661847
16835,128,2,180.85,373,10,1,90.425,0.0,0.0,244.0,0.0,-0.0,1.0,0.434577298786188,Hibernating,78.5933044854821
17705,3,9,1808.52,301,62,1,200.94666666666666,3.0,855.52,36.75,1.0,0.015150509809125693,1.7954249737670513,0.04343945167686696,Champions,78.56111714664743
14198,18,4,701.4,239,35,1,175.35,2.0,344.45,73.33333333333333,3.0,0.0540347875677217,0.9649810897884857,0.11200291261879161,Champions,78.55884291082043
13669,50,2,218.55,149,9,1,109.275,1.0,170.39999999999998,98.0,0.0,-0.0,3.5389408099688464,0.3594186854689417,Needs attention,78.5509537092372
17430,32,2,265.76,365,14,1,132.88,1.0,153.16,332.0,0.0,-0.0,1.3602131438721137,0.2954050275395762,Loyal,78.50684011891776
14583,5,5,986.96,205,243,1,197.392,1.0,245.24,49.5,0.0,-0.0,1.3225475920832659,0.0795174699635051,Champions,78.480562155181
16770,57,5,731.9,372,116,1,146.38,1.0,107.72,77.75,0.0,-0.0,0.690313691563331,0.1072120134711968,Loyal,78.46847265956893
16828,112,1,113.5,112,7,1,113.5,0.0,0.0,113.0,0.0,-0.0,1.0,0.6911830028660884,Hibernating,78.44927082530103
15973,366,1,110.72,366,3,1,110.72,0.0,0.0,367.0,1.0,0.09889812138728322,1.0,0.7084286137524287,Hibernating,78.4372161146689
13598,47,1,147.29,47,33,1,147.29,1.0,147.29,48.0,0.0,-0.0,1.0,0.5324028879525204,Needs attention,78.41762136652673
16350,21,4,1116.47,333,40,1,279.1175,3.0,739.77,103.66666666666667,1.0,0.014330882155364676,0.6546057870984869,0.07013147215284264,Champions,78.29968471448423
16757,318,1,106.83000000000001,318,7,1,106.83000000000001,0.0,0.0,319.0,0.0,-0.0,1.0,0.7326384717222447,Hibernating,78.26776793408742
17967,371,1,112.27,371,41,1,112.27,0.0,0.0,372.0,0.0,-0.0,1.0,0.6969530626115894,Hibernating,78.24692033940313
14618,9,3,553.44,337,10,1,184.48000000000002,2.0,341.64,163.5,1.0,0.026832176929748482,0.8065155807365438,0.14137994298142256,Loyal,78.2453156436385
18075,23,10,2589.8,360,96,1,258.98,2.0,654.0,37.0,3.0,0.019723530774577187,1.3513792747184625,0.03019358956274045,Champions,78.19535824958523
16921,61,1,154.18,61,50,1,154.18,1.0,154.18,62.0,0.0,-0.0,1.0,0.5071237559133205,Needs attention,78.18834068671576
16915,9,6,621.6800000000001,283,46,1,103.61333333333334,2.0,239.29,54.6,0.0,-0.0,1.2515494652056802,0.12573410637116111,Champions,78.16637924882345
15280,172,1,113.12,172,16,1,113.12,0.0,0.0,173.0,0.0,-0.0,1.0,0.6909257473421961,Hibernating,78.15752053934924
16963,187,1,110.55000000000001,187,7,1,110.55000000000001,0.0,0.0,188.0,0.0,-0.0,1.0,0.7066896217034292,Hibernating,78.1245376793141
14972,128,1,114.77,128,18,1,114.77,0.0,0.0,129.0,0.0,-0.0,1.0,0.6787115866766981,Hibernating,77.89572880288463
14204,2,1,150.61,2,36,1,150.61,1.0,150.61,3.0,0.0,-0.0,1.0,0.5162112340606768,New / recent,77.74657396187854
14878,12,9,1476.09,358,62,1,164.01,3.0,393.07,42.625,0.0,-0.0,0.7258776384554302,0.05266296873381002,Champions,77.73528151828963
13527,33,7,2218.61,326,152,1,316.94428571428574,3.0,856.09,48.5,0.0,-0.0,0.837751617101645,0.03502477436581642,Loyal,77.70631465574397
15124,22,2,184.19,191,14,1,92.095,1.0,93.44,169.0,0.0,-0.0,1.0296418732782369,0.4217260045575224,Loyal,77.67771277945005
13544,39,2,276.06,240,76,1,138.03,1.0,163.05,200.0,0.0,-0.0,1.4427926732147598,0.2811433199271221,Needs attention,77.61242489908133
18120,214,1,111.15,214,17,1,111.15,0.0,0.0,215.0,0.0,-0.0,1.0,0.6982666657955274,Hibernating,77.61233990317288
14699,214,1,109.13000000000001,214,8,1,109.13000000000001,0.0,0.0,215.0,0.0,-0.0,1.0,0.7107906764192381,Hibernating,77.56858651763146
14591,15,4,1320.21,213,138,1,330.0525,3.0,1116.19,65.66666666666667,0.0,-0.0,1.823661078979185,0.05874623751402817,Champions,77.55737022839513
16960,38,3,505.1,252,91,1,168.36666666666667,2.0,305.52,106.0,0.0,-0.0,0.7654073554464375,0.15342571465645857,Loyal,77.49532847297723
16932,53,1,150.23000000000002,53,44,1,150.23000000000002,1.0,150.23000000000002,54.0,0.0,-0.0,1.0,0.5153898052669023,Needs attention,77.42701044524674
17885,12,1,156.34,12,50,1,156.34,1.0,156.34,13.0,0.0,-0.0,1.0,0.49498360999277785,New / recent,77.38573758627089
13634,33,5,1547.3600000000001,327,156,1,309.47200000000004,2.0,791.39,73.0,0.0,-0.0,1.5702805666891542,0.04994848868594125,Loyal,77.28829345307805
15419,24,1,135.86,24,8,1,135.86,1.0,135.86,25.0,0.0,-0.0,1.0,0.5687310453873804,New / recent,77.26779982632951
17647,65,1,133.06,65,7,1,133.06,1.0,133.06,66.0,0.0,-0.0,1.0,0.5803488361185204,Needs attention,77.22121613393033
12956,306,1,108.07,306,19,1,108.07,0.0,0.0,307.0,0.0,-0.0,1.0,0.7142456088546029,Hibernating,77.18852294891693
15110,23,4,996.1,318,17,1,249.025,2.0,619.5500000000001,98.0,3.0,0.02298965967272362,1.6453326251493823,0.07734041412967607,Champions,77.03878651457033
13226,273,1,108.21000000000001,273,16,1,108.21000000000001,0.0,0.0,274.0,0.0,-0.0,1.0,0.7117167842612727,Hibernating,77.01487322491232
18027,98,1,115.31,98,21,1,115.31,0.0,0.0,99.0,0.0,-0.0,1.0,0.6678243968619725,Hibernating,77.00683120215405
14968,30,1,147.59,30,37,1,147.59,1.0,147.59,31.0,0.0,-0.0,1.0,0.5215692119800001,New / recent,76.9783999961282
15935,239,1,108.03999999999999,239,11,1,108.03999999999999,0.0,0.0,240.0,0.0,-0.0,1.0,0.7117224359874216,Hibernating,76.89449198408101
17213,40,7,2765.33,366,84,1,395.04714285714283,2.0,1001.22,54.0,4.0,0.008769296973598089,1.4188741064899582,0.027803967159001002,Loyal,76.88714450380024
17887,129,1,111.35,129,10,1,111.35,0.0,0.0,130.0,0.0,-0.0,1.0,0.6904824450492423,Hibernating,76.88522025623313
13420,149,2,142.45,170,7,1,71.225,0.0,0.0,20.0,1.0,0.014742014742014744,1.0,0.5394863579643892,Hibernating,76.84983169202722
17286,21,1,151.37,21,44,1,151.37,1.0,151.37,22.0,0.0,-0.0,1.0,0.5074802239927371,New / recent,76.81728150578061
14713,9,11,2662.2,365,146,1,242.0181818181818,2.0,632.59,35.0,1.0,0.0007888212756366915,1.4025625612802457,0.02884090937723279,Champions,76.78026894406914
17440,156,3,186.42000000000002,247,3,1,62.14000000000001,0.0,0.0,45.0,2.0,0.04999463576869434,1.0,0.41169239135352503,At risk (was loyal),76.74769559612415
17080,22,2,287.62,269,8,1,143.81,1.0,211.29999999999998,247.0,1.0,0.007370836520408873,2.7686058700209637,0.2667424519590158,Loyal,76.72046403245213
14581,16,1,138.6,16,16,1,138.6,1.0,138.6,17.0,0.0,-0.0,1.0,0.5534942597020026,New / recent,76.71430439469756
17950,72,3,472.12,365,62,1,157.37333333333333,1.0,219.03,146.0,0.0,-0.0,1.73084673436327,0.16206369606877283,At risk (was loyal),76.51351218798902
16804,23,3,536.99,270,59,1,178.99666666666667,2.0,418.94,123.5,0.0,-0.0,1.7744176196526895,0.14225499639501332,Champions,76.3895105141582
18282,7,2,178.05,126,12,1,89.025,1.0,77.84,118.0,1.0,0.008143779837124403,0.7767687855503442,0.4288561920363801,Loyal,76.35784499207747
16596,15,2,250.15,366,12,1,125.075,1.0,129.5,350.0,0.0,-0.0,1.0733526730211356,0.3051248631629326,Loyal,76.32698452020759
15607,336,1,104.76,336,13,1,104.76,0.0,0.0,337.0,0.0,-0.0,1.0,0.7282406718298636,Hibernating,76.29049278089651
13460,29,2,183.44,49,16,1,91.72,2.0,183.44,20.0,0.0,-0.0,1.0,0.41533239744890615,New / recent,76.18857498802734
14076,129,1,118.67,129,43,1,118.67,0.0,0.0,130.0,0.0,-0.0,1.0,0.6414713484734084,Hibernating,76.12340492333936
13003,105,3,149.05,214,4,1,49.68333333333334,0.0,0.0,54.0,0.0,-0.0,1.0,0.5107135863214405,Hibernating,76.12186004121071
13948,360,1,102.0,360,3,1,102.0,0.0,0.0,361.0,0.0,-0.0,1.0,0.7457631091328086,Hibernating,76.06783713154648
17884,3,4,695.0699999999999,371,107,1,173.76749999999998,1.0,104.53,122.33333333333333,0.0,-0.0,0.5310224540251296,0.1094075609505546,Champions,76.04591338990197
18059,23,3,306.46,67,17,1,102.15333333333332,3.0,306.46,22.0,1.0,0.031814918749592115,1.0,0.24813156336479178,Champions,76.04239890877409
15754,51,3,458.57,246,24,1,152.85666666666665,2.0,366.77,97.0,1.0,0.006324007239897944,1.9976579520697166,0.16561519591850354,Loyal,75.94616039234818
14662,28,4,741.37,316,143,1,185.3425,1.0,229.09,95.33333333333333,0.0,-0.0,1.3415905364253924,0.10239486840359789,Champions,75.91248358837537
17181,57,2,239.92000000000002,373,23,1,119.96000000000001,1.0,84.39999999999999,316.0,0.0,-0.0,0.5426954732510287,0.316258861764122,Loyal,75.87682611444815
15906,19,7,1567.69,255,113,1,223.9557142857143,3.0,769.98,38.833333333333336,1.0,0.029278747711601147,1.2869839916761734,0.04839858664428659,Champions,75.87398029638165
15382,14,6,5942.96,295,192,1,990.4933333333333,2.0,3828.59,55.8,1.0,0.0025408214088602317,3.62149481878763,0.01273938024909177,Champions,75.70962724514243
16406,18,1,154.35,18,54,1,154.35,1.0,154.35,19.0,0.0,-0.0,1.0,0.4898875839240828,New / recent,75.61414857868218
13217,122,2,137.02,156,2,1,68.51,0.0,0.0,34.0,1.0,0.024813895781637715,1.0,0.5513553310391847,Hibernating,75.54670745898909
17832,49,1,155.37,49,61,1,155.37,1.0,155.37,50.0,0.0,-0.0,1.0,0.485753594307886,Needs attention,75.47153594761625
15453,1,7,1371.77,187,169,1,195.96714285714285,3.0,670.57,30.333333333333332,0.0,-0.0,1.2750903213538696,0.0549791050166198,Champions,75.41868688864855
15850,19,2,234.88,168,87,1,117.44,1.0,118.72,148.0,0.0,-0.0,1.022038567493113,0.32106618123443026,Loyal,75.41202464834298
17893,225,1,107.21,225,15,1,107.21,0.0,0.0,226.0,0.0,-0.0,1.0,0.7033576257916772,Hibernating,75.4069710611257
13394,1,8,2336.3,309,121,1,292.0375,3.0,898.45,43.57142857142857,1.0,0.0056499593374138585,1.0414275944407738,0.0322648886097752,Champions,75.38045925901781
15775,245,1,104.9,245,7,1,104.9,0.0,0.0,246.0,0.0,-0.0,1.0,0.7183856792143987,Hibernating,75.35865774959042
17643,373,1,101.55,373,8,1,101.55,0.0,0.0,374.0,0.0,-0.0,1.0,0.741834223142145,Hibernating,75.33326536008482
17739,11,7,2791.35,360,29,1,398.7642857142857,4.0,1720.58,57.666666666666664,1.0,0.0018987228402027696,1.2051467635439916,0.02698138818685604,Champions,75.3144979153806
12929,311,1,102.9,311,7,1,102.9,0.0,0.0,312.0,0.0,-0.0,1.0,0.7313157832089396,Hibernating,75.25239409219989
15537,163,1,110.92,163,24,1,110.92,0.0,0.0,164.0,0.0,-0.0,1.0,0.6774906860560157,Hibernating,75.14726689733327
16333,7,22,26626.8,309,9,1,1210.3090909090909,4.0,11007.2,14.047619047619047,0.0,-0.0,3.171169556198622,0.002821930730167725,Champions,75.13898516602998
15101,8,2,317.53,359,8,1,158.765,1.0,215.25,350.0,1.0,0.023619815450508615,2.104517012123582,0.23655305457803577,Loyal,75.11269142016369
17696,38,8,2285.71,364,78,1,285.71375,1.0,370.12,46.142857142857146,6.0,0.03703881944778646,1.3525023621965035,0.03279286309096707,Loyal,74.95497509565435
17785,53,1,131.94,53,13,1,131.94,1.0,131.94,54.0,0.0,-0.0,1.0,0.567732046693665,Needs attention,74.90656624076215
13894,23,3,554.72,310,25,1,184.90666666666667,2.0,403.77000000000004,143.0,1.0,0.03380083645803288,1.3374296124544551,0.13494236285519912,Loyal,74.85522752303606
14102,5,5,1073.78,44,34,1,214.756,5.0,1073.78,9.25,3.0,0.0125258432826091,1.0,0.06965171338569554,Champions,74.79061679929215
18068,289,1,101.69999999999999,289,1,1,101.69999999999999,0.0,0.0,290.0,0.0,-0.0,1.0,0.7349385572936648,Hibernating,74.74325127676569
17746,240,1,110.25,240,6,1,110.25,0.0,0.0,241.0,1.0,0.10385487528344671,1.0,0.6779057325865765,Hibernating,74.73910701767007
16412,53,1,135.99,53,25,1,135.99,1.0,135.99,54.0,0.0,-0.0,1.0,0.5477489092068617,Needs attention,74.48837416304113
17059,29,5,3080.39,369,292,1,616.078,1.0,843.29,84.5,0.0,-0.0,1.5078270975816905,0.02417455863989215,Champions,74.46706868873737
15012,53,2,405.04,373,110,1,202.52,1.0,216.48,319.0,0.0,-0.0,1.148069579974544,0.18381776045885972,Loyal,74.45354569625654
15844,46,1,130.73999999999998,46,11,1,130.73999999999998,1.0,130.73999999999998,47.0,0.0,-0.0,1.0,0.5693875225819999,Needs attention,74.44172470237065
16668,15,6,306.71999999999997,284,9,1,51.12,1.0,40.199999999999996,53.4,0.0,-0.0,0.7541647906348492,0.24242665444677888,Champions,74.35710345191602
17707,185,2,152.4,336,3,1,76.2,0.0,0.0,151.0,0.0,-0.0,1.0,0.4877893605912538,Hibernating,74.33909855410708
15752,39,7,2626.6,372,236,1,375.2285714285714,1.0,533.23,54.833333333333336,1.0,0.0032170867280895453,1.5283394717608452,0.02830162341571203,Loyal,74.33704406370921
16983,12,7,1905.87,369,112,1,272.26714285714286,2.0,720.52,59.0,1.0,0.005797877085005797,1.5196355506812333,0.03882974987598179,Champions,74.00445539613742
15253,16,5,918.1999999999999,169,52,1,183.64,4.0,744.35,38.25,1.0,0.003158353299934655,1.0703911417888983,0.080536236369488,Champions,73.94837223446389
16081,56,5,2799.42,366,175,1,559.884,2.0,1807.05,77.0,0.0,-0.0,2.73141570180477,0.02639542579661662,Loyal,73.8918828835645
13703,318,1,99.5,318,1,1,99.5,0.0,0.0,319.0,0.0,-0.0,1.0,0.7404596231230723,Hibernating,73.6757325007457
17974,24,3,703.99,219,143,1,234.66333333333333,2.0,539.92,97.0,0.0,-0.0,1.6453952581215339,0.10462809903292263,Champions,73.6571354381872
14371,295,1,100.5,295,4,1,100.5,0.0,0.0,296.0,0.0,-0.0,1.0,0.7321813909677511,Hibernating,73.584229792259
13058,24,3,271.40000000000003,151,5,1,90.46666666666668,2.0,223.85,63.0,0.0,-0.0,2.3538380651945316,0.2710492442067138,Loyal,73.56276487770212
18011,373,1,102.78999999999999,373,28,1,102.78999999999999,0.0,0.0,374.0,0.0,-0.0,1.0,0.7154329735652241,Hibernating,73.53935535276938
15356,31,10,2718.03,368,215,1,271.803,2.0,486.86,37.0,0.0,-0.0,0.8728335357682292,0.02704946481957643,Champions,73.52125686355333
16049,40,3,1074.81,75,248,1,358.27,3.0,1074.81,17.0,0.0,-0.0,1.0,0.06833429081774094,Loyal,73.44637911381614
18086,274,1,101.34,274,7,1,101.34,0.0,0.0,275.0,0.0,-0.0,1.0,0.724130962854414,Hibernating,73.38343177566632
13279,78,1,137.75,78,9,1,137.75,1.0,137.75,79.0,1.0,0.08312159709618874,1.0,0.5320418817847922,Hibernating,73.28876921585513
13742,16,12,3107.87,320,200,1,258.9891666666667,2.0,475.3,27.09090909090909,2.0,0.00920244411767545,0.9027300318699977,0.023578866197380942,Champions,73.2800508888543
14981,246,1,102.12,246,8,1,102.12,0.0,0.0,247.0,0.0,-0.0,1.0,0.7172501233283439,Hibernating,73.24558259429048
14542,185,1,103.25,185,5,1,103.25,0.0,0.0,186.0,0.0,-0.0,1.0,0.709094782979061,Hibernating,73.21403634258805
18043,24,3,529.29,366,106,1,176.42999999999998,1.0,107.7,171.0,0.0,-0.0,0.5109229346047107,0.13824680525966088,Champions,73.1726515558859
16979,3,6,1809.05,297,63,1,301.5083333333333,4.0,1263.35,58.2,0.0,-0.0,1.1575499358621952,0.04044635791535645,Champions,73.16948378677559
17404,25,12,31363.82,360,109,0,2613.6516666666666,3.0,10649.52,29.818181818181817,1.0,0.03787803909090155,1.542343212177095,0.0023271275048087838,Champions,72.98760817787183
14482,18,6,2022.81,239,110,1,337.135,4.0,1556.8600000000001,43.6,0.0,-0.0,1.6706298959115784,0.036055339364078336,Champions,72.93310101905129
14861,52,1,125.79,52,6,1,125.79,1.0,125.79,53.0,0.0,-0.0,1.0,0.5792548276285222,Needs attention,72.86446476739181
15781,25,3,345.46,305,20,1,115.15333333333332,1.0,134.16,140.0,1.0,0.03444682452382331,1.2698532891623284,0.21075404613218987,Champions,72.80709277682631
14174,33,1,134.46,33,26,1,134.46,1.0,134.46,34.0,0.0,-0.0,1.0,0.5413073882138751,Needs attention,72.78419141923766
12683,4,14,7535.59,365,176,0,538.2564285714286,2.0,1656.3799999999999,27.46153846153846,4.0,0.0236875944683827,1.690410786483218,0.009652706319598626,Champions,72.73883721490421
14813,369,2,152.88,369,25,1,76.44,0.0,0.0,0.0,0.0,-0.0,1.0,0.47574439857954987,Hibernating,72.73180365484158
17266,2,3,296.58,147,60,1,98.86,2.0,183.52,72.0,0.0,-0.0,0.8116044578100123,0.245130245995915,Champions,72.70072835746848
15565,50,2,173.16,70,8,1,86.58,2.0,173.16,20.0,0.0,-0.0,1.0,0.4197503884318185,Loyal,72.6839772608537
13650,16,6,1810.84,267,79,1,301.8066666666667,4.0,1090.82,49.8,1.0,0.002816372512204281,0.757492847420905,0.040119358845533956,Champions,72.64973977184671
17255,40,2,291.48,299,69,1,145.74,1.0,183.22,258.0,0.0,-0.0,1.6924071679290595,0.24893729019675268,Loyal,72.56024134654947
13592,35,4,247.95999999999998,264,15,1,61.989999999999995,1.0,42.45,76.0,0.0,-0.0,0.6196778745559828,0.29258681371730355,Loyal,72.54982632934258
13522,30,1,125.80000000000001,30,5,1,125.80000000000001,1.0,125.80000000000001,31.0,0.0,-0.0,1.0,0.5756153507556764,New / recent,72.4124111250641
16348,32,7,1413.31,240,156,1,201.90142857142857,3.0,677.36,34.166666666666664,0.0,-0.0,1.2271848178091809,0.05120990361169988,Champions,72.37546887345155
13101,234,1,101.19,234,8,1,101.19,0.0,0.0,235.0,0.0,-0.0,1.0,0.7148617339917159,Hibernating,72.33685886262174
15031,4,4,653.19,282,74,1,163.2975,2.0,391.4,92.33333333333333,0.0,-0.0,1.4950914855418462,0.11069454937389431,Champions,72.30457270553403
17090,4,7,1974.65,354,45,1,282.09285714285716,3.0,1162.88,57.833333333333336,1.0,0.0010634796039804522,1.91003198771409,0.03656268887645485,Champions,72.19851358989158
15463,29,1,126.14,29,7,1,126.14,1.0,126.14,30.0,0.0,-0.0,1.0,0.5720909140415774,New / recent,72.16354789720458
12531,14,1,125.22,14,17,0,125.22,1.0,125.22,15.0,0.0,-0.0,1.0,0.5755415483815151,New / recent,72.06931268833331
16006,211,1,101.4,211,8,1,101.4,0.0,0.0,212.0,0.0,-0.0,1.0,0.7102369010103742,Hibernating,72.01802176245195
13012,9,6,1301.72,294,57,1,216.95333333333335,4.0,619.53,56.4,0.0,-0.0,0.45407437810580625,0.055165976717410206,Champions,71.81065521258722
14995,38,2,231.98000000000002,280,53,1,115.99000000000001,1.0,112.67,241.0,0.0,-0.0,0.944346659961445,0.30912459987258906,Loyal,71.71072467844321
17148,51,1,124.88,51,9,1,124.88,1.0,124.88,52.0,0.0,-0.0,1.0,0.5741731213420902,Needs attention,71.70273939320022
16344,158,1,101.10000000000001,158,1,1,101.10000000000001,0.0,0.0,159.0,0.0,-0.0,1.0,0.7091533575694748,Hibernating,71.69540445027391
17026,185,2,154.82999999999998,369,4,1,77.41499999999999,0.0,0.0,184.0,0.0,-0.0,1.0,0.4628484259082536,Hibernating,71.6628217833749
17786,85,2,266.85,317,57,1,133.425,1.0,163.5,231.0,0.0,-0.0,1.58200290275762,0.26795555702525564,Hibernating,71.50394039218948
16988,5,1,126.12,5,7,1,126.12,1.0,126.12,6.0,0.0,-0.0,1.0,0.5663162015469669,New / recent,71.42379933910347
17552,60,4,930.41,372,43,1,232.6025,2.0,631.89,103.66666666666667,1.0,0.01773411721714083,2.116742596810934,0.07673363679306633,Loyal,71.39374300863685
16233,71,3,476.88,366,21,1,158.96,1.0,210.18,147.0,2.0,0.11480875691997985,1.5761529808773902,0.14965126843616622,Loyal,71.36569689183895
17359,11,1,127.86,11,13,1,127.86,1.0,127.86,12.0,0.0,-0.0,1.0,0.5578092387616572,New / recent,71.32148926806549
13876,63,1,122.7,63,7,1,122.7,1.0,122.7,64.0,0.0,-0.0,1.0,0.5804226524420836,Needs attention,71.21785945464366
18016,32,5,1477.66,364,90,1,295.53200000000004,2.0,994.8,82.25,0.0,-0.0,3.0903367435695643,0.048161719676730136,Loyal,71.16664669751705
14572,3,7,2791.79,324,190,1,398.82714285714286,2.0,741.3,52.833333333333336,2.0,0.005874367341383127,0.9038083580022337,0.025448768634454163,Champions,71.04761778598278
14354,5,2,163.62,30,9,1,81.81,2.0,163.62,24.0,0.0,-0.0,1.0,0.4341143791385169,Loyal,71.02979471464414
16112,143,4,195.73999999999998,338,15,1,48.934999999999995,0.0,0.0,64.33333333333333,0.0,-0.0,1.0,0.3628541320459233,At risk (was loyal),71.02506780666903
12522,39,2,156.72,51,10,0,78.36,2.0,156.72,12.0,0.0,-0.0,1.0,0.45115577662770207,Needs attention,70.70513331309347
16569,3,1,124.2,3,5,1,124.2,1.0,124.2,4.0,0.0,-0.0,1.0,0.5692153176499112,New / recent,70.69654245211898
15756,61,4,528.01,249,160,1,132.0025,1.0,168.12,62.333333333333336,0.0,-0.0,1.4014282141765542,0.13366739222822818,Loyal,70.57771977042677
14834,17,6,1720.3,240,43,1,286.71666666666664,4.0,1291.0,43.8,2.0,0.012759402429808754,1.5036105287677615,0.04095716276121438,Champions,70.4586070981171
14349,10,1,133.5,10,31,1,133.5,1.0,133.5,11.0,0.0,-0.0,1.0,0.5274355877953445,New / recent,70.41265097067848
17079,78,1,118.80000000000001,78,2,1,118.80000000000001,1.0,118.80000000000001,79.0,0.0,-0.0,1.0,0.5922982558302579,Hibernating,70.36503279263464
17325,280,1,96.8,280,6,1,96.8,0.0,0.0,281.0,0.0,-0.0,1.0,0.7266637003610509,Hibernating,70.34104619494973
17608,33,2,191.99,33,54,1,95.995,2.0,191.99,0.0,0.0,-0.0,1.0,0.3662916865118928,Loyal,70.32434089341831
13962,21,2,169.55,245,11,1,84.775,1.0,51.95,223.0,0.0,-0.0,0.44175170068027214,0.4147646247297687,Loyal,70.32334212293229
17737,9,2,168.24,58,8,1,84.12,2.0,168.24,49.0,0.0,-0.0,1.0,0.4178505713045887,Loyal,70.299180116284
15862,8,4,832.88,373,142,1,208.22,1.0,173.15,121.33333333333333,0.0,-0.0,0.7873675594561412,0.0843180809414089,Champions,70.22684325448064
13975,31,6,2457.94,276,240,1,409.6566666666667,2.0,994.57,48.4,1.0,0.008035183934514268,1.359287124923977,0.028561487921753795,Champions,70.20242362239553
13606,29,3,276.75,311,40,1,92.25,1.0,30.119999999999997,141.0,0.0,-0.0,0.24425252402384137,0.25361043503824515,Loyal,70.18668789683434
13448,16,6,3463.94,373,137,1,577.3233333333334,2.0,2081.6800000000003,71.0,1.0,0.0008516313792964081,3.011994849015381,0.020185906975185176,Champions,69.92277060762294
17771,56,2,245.33,323,50,1,122.665,1.0,129.53,266.0,0.0,-0.0,1.118566493955095,0.28495862348895046,Loyal,69.90889910054422
16861,59,2,173.76,158,6,1,86.88,1.0,102.96,98.0,1.0,0.10186464088397792,1.454237288135593,0.4011768888909508,Loyal,69.70849621369162
17376,70,2,203.2,311,23,1,101.6,1.0,97.35,240.0,0.0,-0.0,0.9196976854038734,0.34292237229040134,Loyal,69.68182604940955
16387,322,1,94.36,322,4,1,94.36,0.0,0.0,323.0,0.0,-0.0,1.0,0.7373843074834877,Hibernating,69.5795832541419
13565,19,2,240.22,334,35,1,120.11,1.0,130.04,315.0,0.0,-0.0,1.1802504991831548,0.28963210694195035,New / recent,69.57542472959531
13638,15,1,122.64,15,8,1,122.64,1.0,122.64,16.0,0.0,-0.0,1.0,0.5672731580794045,New / recent,69.57038010685817
16542,53,1,119.62,53,5,1,119.62,1.0,119.62,54.0,0.0,-0.0,1.0,0.5814489545554324,Needs attention,69.55292394392083
16321,72,3,230.7,323,7,0,76.89999999999999,1.0,75.0,125.0,0.0,-0.0,0.9633911368015415,0.30145773509587986,At risk (was loyal),69.54629948661947
13877,86,1,117.24,86,3,1,117.24,1.0,117.24,87.0,0.0,-0.0,1.0,0.5926639377835268,Hibernating,69.48392006574068
13502,16,3,292.0,323,17,1,97.33333333333333,1.0,102.84,153.0,0.0,-0.0,1.0873334743074647,0.23754947236812748,Loyal,69.36444593149322
13451,26,5,2898.2599999999998,334,315,1,579.6519999999999,1.0,512.76,76.5,1.0,0.020598566036173428,0.8597945923286523,0.02391843387482479,Champions,69.32184016204968
14768,17,2,139.5,127,3,1,69.75,1.0,59.400000000000006,109.0,0.0,-0.0,0.7415730337078652,0.49677539279520444,Loyal,69.30016729493101
15017,33,1,125.58,33,20,1,125.58,1.0,125.58,34.0,0.0,-0.0,1.0,0.551718999836708,Needs attention,69.28487199949379
16657,9,4,874.43,254,158,1,218.6075,2.0,459.64,81.0,0.0,-0.0,1.1081270040261335,0.07922859312307755,Champions,69.27985868461269
15212,241,1,101.8,241,5,1,101.8,0.0,0.0,242.0,1.0,0.12622789783889982,1.0,0.6797152987757012,Hibernating,69.19501741536638
17349,179,1,98.25,179,8,1,98.25,0.0,0.0,180.0,0.0,-0.0,1.0,0.7037524773147955,Hibernating,69.14368089617867
13182,45,1,121.18,45,11,1,121.18,1.0,121.18,46.0,0.0,-0.0,1.0,0.5696595503839268,Needs attention,69.03134431552425
15256,148,1,98.45,148,6,1,98.45,0.0,0.0,149.0,0.0,-0.0,1.0,0.7001802900720561,Hibernating,68.93274955759392
16620,3,2,178.96,260,9,1,89.48,1.0,83.2,257.0,0.0,-0.0,0.8688387635756057,0.3851236156371878,Loyal,68.92172225443113
16080,81,2,176.6,274,9,1,88.3,1.0,86.9,192.0,0.0,-0.0,0.9687848383500558,0.390219453076237,Hibernating,68.91275541326345
12756,86,1,112.07999999999998,86,4,0,112.07999999999998,1.0,112.07999999999998,87.0,0.0,-0.0,1.0,0.6141645995266244,Hibernating,68.83556831494406
16959,87,1,117.35000000000001,87,7,1,117.35000000000001,1.0,117.35000000000001,88.0,0.0,-0.0,1.0,0.586431688672227,Hibernating,68.81775866568584
17939,159,1,99.14,159,12,1,99.14,0.0,0.0,160.0,0.0,-0.0,1.0,0.6939944264864477,Hibernating,68.80260744186643
14262,8,8,2618.23,240,87,1,327.27875,5.0,1763.23,32.714285714285715,0.0,-0.0,1.237354385964912,0.026172893631605364,Champions,68.52665529307811
15397,289,1,94.0,289,6,1,94.0,0.0,0.0,290.0,0.0,-0.0,1.0,0.7284326792213321,Hibernating,68.47267184680523
16655,17,6,3789.52,331,208,1,631.5866666666667,3.0,1922.3300000000002,62.2,0.0,-0.0,1.0295310064856817,0.018014279755597315,Champions,68.26547341943113
16852,10,2,144.91000000000003,176,9,1,72.45500000000001,1.0,31.85,165.0,0.0,-0.0,0.28170882717141343,0.471076253204906,Loyal,68.26365985192294
14057,23,17,6141.099999999999,360,172,1,361.2411764705882,4.0,1405.98,20.5,0.0,-0.0,0.9650093345047221,0.011115658832120581,Champions,68.2623724539357
14291,1,11,3883.25,275,145,1,353.02272727272725,4.0,1527.71,27.2,1.0,0.002562286744350737,1.134980726287815,0.017503388798616133,Champions,67.9700345522261
13536,1,7,3444.39,75,91,1,492.05571428571426,7.0,3444.39,11.833333333333334,0.0,-0.0,1.0,0.01972392351373678,Champions,67.93688491147982
16728,46,4,1048.28,264,218,1,262.07,1.0,499.96999999999997,72.33333333333333,0.0,-0.0,2.7355145811675876,0.06474572836951244,Loyal,67.87165213519249
14044,26,4,646.42,309,165,1,161.605,1.0,110.71000000000001,94.0,0.0,-0.0,0.6199809598476788,0.10496372456783795,Champions,67.8506508351418
16470,51,4,752.77,358,120,1,188.1925,1.0,213.64,102.0,1.0,0.006575713697410896,1.1888041845195034,0.09004330877950599,Loyal,67.78190154994873
17790,26,14,1964.3,364,121,1,140.30714285714285,2.0,600.79,25.46153846153846,0.0,-0.0,2.643720984811259,0.03447941105130465,Champions,67.72790712807772
15836,50,1,117.47,50,8,1,117.47,1.0,117.47,51.0,0.0,-0.0,1.0,0.5759612652608342,Needs attention,67.6581698301902
13551,319,1,91.80000000000001,319,4,1,91.80000000000001,0.0,0.0,320.0,0.0,-0.0,1.0,0.7368299248343694,Hibernating,67.64098709979511
15755,10,6,2364.25,294,127,1,394.0416666666667,3.0,1219.42,56.4,2.0,0.019190017976102355,1.0651537782902267,0.028590460068601033,Champions,67.59499521718999
17962,142,1,102.41,142,33,1,102.41,0.0,0.0,143.0,0.0,-0.0,1.0,0.6596706578787705,Hibernating,67.55687207336489
14696,4,7,2078.95,373,117,1,296.99285714285713,2.0,620.41,60.833333333333336,2.0,0.003838476153827654,1.0634092997106699,0.032489919873182276,Champions,67.54491892035229
13792,66,2,195.55,287,13,1,97.775,1.0,120.95,221.0,0.0,-0.0,1.621313672922252,0.3451926344757989,Needs attention,67.50241967174247
17025,60,3,357.77,373,8,1,119.25666666666666,1.0,196.8,156.0,0.0,-0.0,2.4451761197738713,0.1885903987063485,Loyal,67.4719869451703
15694,0,13,6408.6,372,41,1,492.9692307692308,5.0,3173.62,30.583333333333332,0.0,-0.0,1.5696517443693623,0.01052205801643304,Champions,67.43166100411278
13104,3,6,1098.48,354,14,1,183.08,3.0,722.04,69.8,0.0,-0.0,1.9180745935607266,0.0613752575707701,Champions,67.41949293633954
14944,29,12,5884.95,296,101,1,490.41249999999997,5.0,2736.06,24.0,1.0,0.0067290291336375,1.216455322351686,0.01144629725879938,Champions,67.36088705317141
17287,26,7,1049.06,372,88,1,149.8657142857143,2.0,346.65,57.333333333333336,0.0,-0.0,1.2337879585996783,0.06397398331367055,Champions,67.11254693503922
18227,217,1,93.75,217,5,1,93.75,0.0,0.0,218.0,0.0,-0.0,1.0,0.7155934696233713,Hibernating,67.08688777719107
14201,60,7,717.74,359,31,1,102.53428571428572,2.0,226.2,49.5,1.0,0.04137988686711066,1.1504658827358913,0.09341609261081525,Loyal,67.04846631048655
18116,67,8,1399.51,364,229,1,174.93875,1.0,163.56,42.0,0.0,-0.0,0.9263481532424451,0.04790640930420157,Loyal,67.04549888532314
16339,284,1,94.05,284,17,1,94.05,0.0,0.0,285.0,0.0,-0.0,1.0,0.7126554199750388,Hibernating,67.02524224865239
17928,45,2,184.46,246,22,1,92.23,1.0,106.2,200.0,0.0,-0.0,1.3570150779453107,0.3632572419674426,Loyal,67.00643085331446
14698,1,5,1217.27,51,148,1,243.454,5.0,1217.27,12.0,0.0,-0.0,1.0,0.055007160661676976,Champions,66.95856645863954
15291,25,14,4623.3,373,61,1,330.2357142857143,3.0,983.28,26.307692307692307,5.0,0.015527869703458569,0.990478074296295,0.014457022407861793,Champions,66.83915169826743
12500,23,11,4035.42,333,32,0,366.85636363636365,5.0,2387.58,30.7,1.0,0.0027878139078460233,1.7386979318380422,0.01655592269092989,Champions,66.8101015454323
15526,33,2,148.44,33,4,1,74.22,2.0,148.44,0.0,0.0,-0.0,1.0,0.4489394632514473,Loyal,66.64057392504483
17799,22,10,3009.32,361,280,1,300.932,1.0,524.18,37.22222222222222,0.0,-0.0,1.8983316835268835,0.02212086561761316,Champions,66.56876332039563
14385,9,3,202.11,23,13,1,67.37,3.0,202.11,7.0,0.0,-0.0,1.0,0.3288275140439587,Loyal,66.4593288634245
17772,10,2,173.45,10,50,1,86.725,2.0,173.45,0.0,0.0,-0.0,1.0,0.3830858519273867,Loyal,66.44624101680522
15901,16,3,349.75,154,101,1,116.58333333333333,2.0,239.26,69.0,0.0,-0.0,1.0827224183183999,0.1899424841547633,Champions,66.43238383312847
12431,35,15,6248.99,373,160,0,416.59933333333333,4.0,1582.88,23.714285714285715,1.0,0.0008161318869129252,0.9328798506679011,0.010621585780929591,Loyal,66.3741833291712
17211,26,8,2302.2200000000003,369,149,1,287.77750000000003,2.0,852.33,48.57142857142857,1.0,0.0011076265517630805,1.763575167771348,0.02881346278472729,Champions,66.33493029225487
18273,2,3,204.0,257,1,1,68.0,1.0,51.0,127.5,0.0,-0.0,0.6666666666666666,0.3250060848243303,Champions,66.30124130416338
16438,5,5,798.35,82,74,1,159.67000000000002,5.0,798.35,18.5,0.0,-0.0,1.0,0.08304775327519959,Champions,66.3011738272556
13067,82,1,115.46000000000001,82,14,1,115.46000000000001,1.0,115.46000000000001,83.0,0.0,-0.0,1.0,0.5739516032686216,Hibernating,66.26845211339506
17491,1,10,3558.87,367,72,1,355.887,4.0,1440.76,40.111111111111114,1.0,0.004762747726104072,1.0203152810760538,0.018616528046098542,Champions,66.25380316741871
17596,23,7,2806.69,368,168,1,400.9557142857143,3.0,1069.6100000000001,57.0,0.0,-0.0,0.8210022950391846,0.02359182011552929,Champions,66.21492560005491
12821,214,1,92.72,214,6,1,92.72,0.0,0.0,215.0,0.0,-0.0,1.0,0.7136378988980745,Hibernating,66.16850598582947
14765,29,3,254.11,176,38,1,84.70333333333333,1.0,158.61,73.0,0.0,-0.0,3.321675392670157,0.26030119321098766,Loyal,66.14513620684407
13569,17,2,337.12,367,72,1,168.56,1.0,227.3,350.0,0.0,-0.0,2.0697505008195227,0.19604346632637462,New / recent,66.09017336794741
16519,25,2,212.98,365,12,1,106.49,1.0,109.28,340.0,0.0,-0.0,1.0538090646094502,0.3102615332027942,Loyal,66.07950134153111
13188,11,1,114.60000000000001,11,2,1,114.60000000000001,1.0,114.60000000000001,12.0,0.0,-0.0,1.0,0.5765523742358561,New / recent,66.07290208742911
14963,9,5,1472.34,183,149,1,294.46799999999996,4.0,1178.14,43.0,0.0,-0.0,1.0011386811692726,0.044726577733330275,Champions,65.85272945989149
14582,40,1,114.11,40,6,1,114.11,1.0,114.11,41.0,0.0,-0.0,1.0,0.5770054745853005,Needs attention,65.84209470492864
15276,66,1,128.63,66,49,1,128.63,1.0,128.63,67.0,0.0,-0.0,1.0,0.5114157163447004,Needs attention,65.78340359341881
13999,10,12,3901.81,361,102,1,325.1508333333333,3.0,1032.8400000000001,31.545454545454547,3.0,0.009367447415430274,1.080011293251585,0.01685236531016808,Champions,65.75472749086691
13519,78,1,122.75,78,8,1,122.75,1.0,122.75,79.0,1.0,0.09735234215885946,1.0,0.5345783271638255,Hibernating,65.61948965935957
14173,10,4,450.84,219,28,1,112.71,3.0,336.8,69.0,0.0,-0.0,0.9844499006196655,0.1450382694183476,Champions,65.38905338456783
12353,204,1,89.0,204,4,0,89.0,0.0,0.0,205.0,0.0,-0.0,1.0,0.733449414333545,Hibernating,65.27699787568551
13988,19,6,4135.46,254,187,1,689.2433333333333,3.0,2211.96,46.2,3.0,0.008864793759339953,1.1499662074343646,0.015775852008982034,Champions,65.24040494906484
13573,50,2,290.25,253,24,1,145.125,1.0,258.48,202.0,0.0,-0.0,5.0,0.22475912050450012,Needs attention,65.23633472643115
15610,51,1,112.46000000000001,51,6,1,112.46000000000001,1.0,112.46000000000001,52.0,0.0,-0.0,1.0,0.5797261450275645,Needs attention,65.1960022697999
17898,85,2,152.06,207,27,1,76.03,1.0,52.22,121.0,0.0,-0.0,0.5230368589743589,0.42792519177285676,Hibernating,65.0703046609806
15180,367,1,87.5,367,6,1,87.5,0.0,0.0,368.0,0.0,-0.0,1.0,0.7433492213545176,Hibernating,65.0430568685203
13047,56,9,3206.09,373,105,1,356.2322222222222,1.0,550.58,39.375,7.0,0.03648993010177506,1.6586795003596295,0.020267247415225488,Loyal,64.97861926548029
12938,25,1,114.14,25,9,1,114.14,1.0,114.14,26.0,0.0,-0.0,1.0,0.5684989806348915,New / recent,64.88847364966651
18211,25,5,600.07,278,37,1,120.01400000000001,3.0,331.37,62.75,0.0,-0.0,0.8221560600421784,0.1080961606807361,Champions,64.86526313968932
17412,2,7,1258.06,372,48,1,179.72285714285712,3.0,548.24,61.0,0.0,-0.0,1.0298197665135762,0.05141521030599405,Champions,64.68341947755887
14353,215,1,90.6,215,6,1,90.6,0.0,0.0,216.0,0.0,-0.0,1.0,0.7138525394563514,Hibernating,64.67504007474544
16554,42,3,740.25,331,46,1,246.75,1.0,455.89,144.5,3.0,0.13333333333333333,3.206428470952314,0.08705759762843378,Loyal,64.4443866444481
17549,23,2,148.86,51,5,1,74.43,2.0,148.86,27.0,0.0,-0.0,1.0,0.43148258367215747,Loyal,64.23049740543736
15436,12,3,1067.75,234,243,1,355.9166666666667,2.0,583.65,110.0,0.0,-0.0,0.6028196653583969,0.060150000132749265,Loyal,64.22516264174303
15545,54,2,288.96999999999997,371,78,1,144.48499999999999,1.0,153.64000000000001,316.0,0.0,-0.0,1.13529889898766,0.22213429134092316,Loyal,64.19014616878655
15532,25,4,1543.23,358,204,1,385.8075,1.0,350.24,110.33333333333333,2.0,0.03385755849743719,0.8807450188182633,0.041575617512979716,Champions,64.16074021455569
14710,14,4,599.48,59,124,1,149.87,4.0,599.48,14.333333333333334,0.0,-0.0,1.0,0.10702411534890317,Champions,64.15881666936048
17297,17,1,128.18,17,49,1,128.18,1.0,128.18,18.0,0.0,-0.0,1.0,0.49941962228887626,New / recent,64.01560718498817
13610,12,7,1065.88,285,163,1,152.26857142857145,2.0,317.57,44.833333333333336,0.0,-0.0,1.0609573572449922,0.0600242329799957,Champions,63.978629448717825
15083,256,1,88.2,256,5,1,88.2,0.0,0.0,257.0,0.0,-0.0,1.0,0.72335495269795,Hibernating,63.79990682795919
18018,108,2,122.14,199,29,1,61.07,0.0,0.0,91.0,0.0,-0.0,1.0,0.5213050844028791,Hibernating,63.67220300896766
16775,10,11,1691.51,367,84,1,153.77363636363637,3.0,516.96,35.2,0.0,-0.0,1.1736920522753398,0.03763992198937533,Champions,63.668304444248264
16363,53,1,109.36000000000001,53,5,1,109.36000000000001,1.0,109.36000000000001,54.0,0.0,-0.0,1.0,0.5819949958528976,Needs attention,63.64697274647289
12662,0,11,3511.08,373,126,0,319.1890909090909,4.0,1106.1200000000001,36.8,0.0,-0.0,0.8048824096866476,0.018125102619310794,Champions,63.638685304609744
14673,3,5,1736.4,367,39,1,347.28000000000003,4.0,1362.91,90.5,0.0,-0.0,0.9122801145947681,0.03651360579087136,Champions,63.40222509526903
15488,92,1,91.32000000000001,92,2,1,91.32000000000001,0.0,0.0,93.0,0.0,-0.0,1.0,0.6942662632043283,Hibernating,63.40039515581926
15860,40,8,965.16,368,105,1,120.645,2.0,198.02,46.142857142857146,0.0,-0.0,0.7743827723753162,0.06564823932891478,Loyal,63.36105467069539
12867,26,7,3984.44,360,239,1,569.2057142857143,1.0,993.38,55.0,3.0,0.00538344158777645,1.9926982407574572,0.01590027438950893,Champions,63.353689288534966
14117,143,1,90.0,143,3,1,90.0,0.0,0.0,144.0,0.0,-0.0,1.0,0.7034037794745449,Hibernating,63.30634015270904
16106,65,1,108.38,65,6,1,108.38,1.0,108.38,66.0,0.0,-0.0,1.0,0.5832870706486092,Needs attention,63.21665271689626
18105,37,1,113.48000000000002,37,18,1,113.48000000000002,1.0,113.48000000000002,38.0,0.0,-0.0,1.0,0.5566426500887416,Needs attention,63.1678079320704
14641,21,1,110.46,21,7,1,110.46,1.0,110.46,22.0,0.0,-0.0,1.0,0.5710080650527477,New / recent,63.07355086572651
17186,46,2,144.0,60,1,1,72.0,2.0,144.0,13.0,0.0,-0.0,1.0,0.4379466387424127,Loyal,63.06431597890743
17227,18,6,939.32,368,28,1,156.55333333333334,3.0,465.57000000000005,69.6,0.0,-0.0,0.9827335092348285,0.06707497229809678,Champions,63.00486297904827
15552,217,1,90.12,217,17,1,90.12,0.0,0.0,218.0,0.0,-0.0,1.0,0.6990308853667031,Hibernating,62.99666338924729
13138,22,6,962.39,372,31,1,160.39833333333334,3.0,472.94,69.6,0.0,-0.0,0.9662682602921647,0.06544824153873512,Champions,62.98673317446329
16531,22,7,1244.59,360,68,1,177.79857142857142,3.0,560.06,55.833333333333336,0.0,-0.0,1.0908896128243708,0.05060077416053509,Champions,62.97721751246037
16666,19,1,118.98,19,32,1,118.98,1.0,118.98,20.0,0.0,-0.0,1.0,0.528764042062873,New / recent,62.91234572464063
14345,38,1,108.97999999999999,38,6,1,108.97999999999999,1.0,108.97999999999999,39.0,0.0,-0.0,1.0,0.5768002397793689,Needs attention,62.85969013115562
14936,33,8,8137.02,275,210,0,1017.1275,5.0,3064.14,34.285714285714285,1.0,0.0024087442331467783,0.36241424989355164,0.007721728467129875,Loyal,62.83185897160514
14037,176,2,147.20000000000002,364,27,1,73.60000000000001,0.0,0.0,188.0,0.0,-0.0,1.0,0.426161899286677,Hibernating,62.731031574998866
15827,73,14,1691.89,372,68,1,120.84928571428573,1.0,237.93,22.692307692307693,5.0,0.025622233123902854,2.1273556356433465,0.03703562018787311,At risk (was loyal),62.66019543966064
17867,30,6,596.27,288,61,1,99.37833333333333,2.0,200.39000000000001,51.4,1.0,0.021382930551595753,1.0123774881277154,0.10498063820796179,Champions,62.596805144261374
14652,77,1,114.18,77,29,1,114.18,1.0,114.18,78.0,0.0,-0.0,1.0,0.548148242834656,Hibernating,62.587566366861026
14755,9,11,4970.33,334,127,1,451.8481818181818,4.0,2142.6,32.0,1.0,0.000995909728327898,1.3259929342617576,0.012550829704467633,Champions,62.38176540500661
17468,10,2,137.0,14,5,1,68.5,2.0,137.0,4.0,0.0,-0.0,1.0,0.45524967111549075,Loyal,62.369204942822236
14661,26,1,107.95,26,4,1,107.95,1.0,107.95,27.0,0.0,-0.0,1.0,0.5772406353034003,New / recent,62.31312658100207
13193,61,1,112.08,61,22,1,112.08,1.0,112.08,62.0,0.0,-0.0,1.0,0.5559386849676813,Needs attention,62.30960781117772
17219,31,1,114.23,31,24,1,114.23,1.0,114.23,32.0,0.0,-0.0,1.0,0.5452323377530536,New / recent,62.28188994153131
14871,3,4,501.28000000000003,360,68,1,125.32000000000001,1.0,165.98000000000002,118.66666666666667,0.0,-0.0,1.485058156874441,0.12417820877154541,Champions,62.24805249300029
12587,7,1,104.0,7,3,0,104.0,1.0,104.0,8.0,0.0,-0.0,1.0,0.5976693897993387,New / recent,62.157616539131226
16784,19,1,107.6,19,3,1,107.6,1.0,107.6,20.0,0.0,-0.0,1.0,0.5772124895966131,New / recent,62.108063880595566
13841,252,1,85.0,252,1,1,85.0,0.0,0.0,253.0,0.0,-0.0,1.0,0.7279123101326638,Hibernating,61.87254636127642
12820,3,4,942.34,326,55,1,235.585,3.0,771.88,107.33333333333333,0.0,-0.0,1.5094059212327429,0.06565657005760288,Champions,61.8708122280815
15392,4,4,1535.53,360,74,1,383.8825,3.0,1196.55,118.0,1.0,0.012894570604286466,1.176618089562806,0.04024636831608755,Champions,61.799505940401914
17038,30,1,112.4,30,22,1,112.4,1.0,112.4,31.0,0.0,-0.0,1.0,0.5483981421414365,New / recent,61.63995117669746
12814,101,1,85.92,101,1,0,85.92,0.0,0.0,102.0,0.0,-0.0,1.0,0.7173269778261387,Hibernating,61.63273393482184
14883,18,6,761.59,211,39,1,126.93166666666667,4.0,403.11,38.0,1.0,0.006499560130779028,0.5622489399687569,0.08063672671939377,Champions,61.4121247022231
15168,25,1,106.56,25,5,1,106.56,1.0,106.56,26.0,0.0,-0.0,1.0,0.5754445989511996,New / recent,61.31937646423983
16918,49,6,1045.42,317,97,1,174.23666666666668,3.0,246.12,53.2,1.0,0.001989630961718735,0.30791942950081325,0.05851262612043962,Loyal,61.17026959883
13296,137,1,87.4,137,5,1,87.4,0.0,0.0,138.0,0.0,-0.0,1.0,0.6993908989558162,Hibernating,61.12676456873834
17901,29,1,110.38,29,19,1,110.38,1.0,110.38,30.0,0.0,-0.0,1.0,0.5532215320557745,New / recent,61.06459270831639
14436,98,1,89.06,98,9,1,89.06,0.0,0.0,99.0,0.0,-0.0,1.0,0.6855412518634373,Hibernating,61.054303890957726
14027,60,1,104.82,60,6,1,104.82,1.0,104.82,61.0,0.0,-0.0,1.0,0.582283225931649,Needs attention,61.034927742155446
15958,74,1,104.35,74,7,1,104.35,1.0,104.35,75.0,0.0,-0.0,1.0,0.5840248807855184,Hibernating,60.94299630996884
14030,18,8,2358.84,366,210,1,294.855,2.0,701.34,49.285714285714285,0.0,-0.0,1.2693936651583708,0.025816177512351688,Champions,60.89623216323566
18255,89,1,103.3,89,6,1,103.3,1.0,103.3,90.0,0.0,-0.0,1.0,0.5892698191114544,Hibernating,60.87157231421323
13854,8,25,8079.82,365,39,1,323.1928,5.0,1640.3600000000001,14.416666666666666,3.0,0.006782329309316297,1.0189425821419809,0.007512755988101443,Champions,60.7017160877818
17836,47,1,109.83,47,22,1,109.83,1.0,109.83,48.0,0.0,-0.0,1.0,0.5526657421080832,Needs attention,60.69927845573077
14227,26,10,3334.46,284,117,1,333.446,3.0,934.94,28.444444444444443,5.0,0.005623099392405367,0.9091512746993845,0.01811605461723881,Champions,60.40725947899813
17752,359,1,80.64,359,1,1,80.64,0.0,0.0,360.0,0.0,-0.0,1.0,0.7482334534977539,Hibernating,60.33754569005888
17791,29,1,106.1,29,10,1,106.1,1.0,106.1,30.0,0.0,-0.0,1.0,0.568255153206132,New / recent,60.2918717551706
13558,5,4,594.52,68,123,1,148.63,4.0,594.52,20.333333333333332,0.0,-0.0,1.0,0.10139750963391783,Champions,60.282847427556824
17446,176,2,120.9,310,6,1,60.45,0.0,0.0,133.0,0.0,-0.0,1.0,0.4983280539416588,Hibernating,60.24786172154655
17957,66,1,110.72,66,30,1,110.72,1.0,110.72,67.0,0.0,-0.0,1.0,0.5440044311164205,Needs attention,60.23217061321008
18015,4,1,120.03,4,46,1,120.03,1.0,120.03,5.0,0.0,-0.0,1.0,0.5016842385404862,New / recent,60.21715915201455
18174,7,1,104.0,7,1,1,104.0,1.0,104.0,8.0,0.0,-0.0,1.0,0.5777899052493213,New / recent,60.090150145929414
15853,51,1,110.8,51,29,1,110.8,1.0,110.8,52.0,0.0,-0.0,1.0,0.542004107712306,Needs attention,60.0540551345235
16712,9,11,3603.66,276,258,1,327.6054545454545,3.0,1113.85,26.2,0.0,-0.0,1.1929692091632158,0.016607020253259858,Champions,59.84605460586241
17114,5,7,739.72,334,82,1,105.67428571428572,2.0,199.18,54.333333333333336,0.0,-0.0,0.9212084212084213,0.08082455022691155,Champions,59.78753629385102
13747,373,1,79.6,373,1,1,79.6,0.0,0.0,374.0,0.0,-0.0,1.0,0.7508193402122301,Hibernating,59.765219480893506
17427,71,1,100.8,71,2,1,100.8,1.0,100.8,72.0,0.0,-0.0,1.0,0.5915897855431361,Needs attention,59.63225038274812
16411,19,2,211.7,369,41,1,105.85,1.0,83.15,349.0,0.0,-0.0,0.64683002722676,0.2811048934388432,Loyal,59.509905941003105
16792,282,2,110.38000000000001,282,11,1,55.190000000000005,0.0,0.0,0.0,0.0,-0.0,1.0,0.5381046684372924,Hibernating,59.395993302108344
14410,92,9,992.23,305,140,1,110.24777777777778,0.0,0.0,26.25,6.0,0.40734507120324925,1.0,0.05984760957536148,At risk (was loyal),59.38259364896092
13097,32,10,5980.52,360,214,1,598.052,2.0,1366.71,36.0,4.0,0.0132847979774334,1.1848862436901388,0.009914266677689267,Champions,59.29247015125422
12826,2,7,1474.72,365,58,1,210.67428571428573,3.0,656.1,59.833333333333336,1.0,0.0044754258435499615,1.0686276905035303,0.040188913135227856,Champions,59.267393978783225
14099,16,11,3101.2200000000003,354,167,1,281.9290909090909,3.0,794.25,33.4,1.0,0.002660243388085979,0.9180873613441006,0.019057759270220336,Champions,59.102304203992716
17274,35,1,107.82,35,24,1,107.82,1.0,107.82,36.0,0.0,-0.0,1.0,0.5465530657309186,Needs attention,58.929351547107636
15719,32,13,5028.42,337,298,1,386.8015384615385,2.0,968.1,25.0,1.0,0.0003281348813344947,1.3113621586475945,0.011680251204196636,Champions,58.73320876020645
16386,28,2,302.57,253,76,1,151.285,1.0,241.47,225.0,0.0,-0.0,3.952045826513911,0.1938682791787575,Loyal,58.65872523111666
18277,58,1,110.38,58,8,1,110.38,1.0,110.38,59.0,1.0,0.11551005616959595,1.0,0.5304390989781143,Needs attention,58.549867745204246
16516,30,1,101.69999999999999,30,6,1,101.69999999999999,1.0,101.69999999999999,31.0,0.0,-0.0,1.0,0.5752716200890197,New / recent,58.50512376305329
15753,304,1,79.2,304,1,1,79.2,0.0,0.0,305.0,0.0,-0.0,1.0,0.7379383134384885,Hibernating,58.44471442432829
16678,2,12,3070.99,282,92,1,255.91583333333332,4.0,933.6899999999999,25.0,3.0,0.014897476058209243,0.8737098208019464,0.019006122823513574,Champions,58.367613129781944
16150,42,5,2013.22,372,90,1,402.644,2.0,644.32,82.0,5.0,0.05322319468314442,0.7060267367959676,0.028984479719254583,Loyal,58.35213426039771
13170,26,1,108.81,26,29,1,108.81,1.0,108.81,27.0,0.0,-0.0,1.0,0.536015649959084,New / recent,58.32386287204793
14946,14,1,100.9,14,3,1,100.9,1.0,100.9,15.0,0.0,-0.0,1.0,0.5763723452916429,New / recent,58.155969639926774
16078,283,1,79.2,283,1,1,79.2,0.0,0.0,284.0,0.0,-0.0,1.0,0.7339330800272724,Hibernating,58.12749993815998
13521,1,3,1070.47,10,312,1,356.8233333333333,3.0,1070.47,3.5,0.0,-0.0,1.0,0.05409312148350447,Loyal,57.90506375444703
15527,18,8,2428.53,354,127,1,303.56625,3.0,1097.74,47.42857142857143,1.0,0.00693835365426822,1.3747974260902671,0.023822582840985564,Champions,57.85385710681868
13133,273,2,109.8,304,7,1,54.9,0.0,0.0,30.0,0.0,-0.0,1.0,0.5262506526115682,Hibernating,57.78232165675019
16700,8,13,5063.8,366,158,1,389.5230769230769,3.0,980.6,29.416666666666668,3.0,0.004700027647221454,0.800515935214211,0.011407171146365616,Champions,57.76363325096621
16110,45,3,1320.95,311,283,1,440.31666666666666,1.0,642.77,132.5,0.0,-0.0,1.8955734465776046,0.043712626446296796,Loyal,57.742193904235755
15304,60,8,694.4000000000001,368,8,1,86.80000000000001,2.0,202.5,43.57142857142857,2.0,0.020305299539170506,1.2350071152673308,0.08300357575799515,Loyal,57.637683006351836
15216,87,1,96.6,87,2,1,96.6,1.0,96.6,88.0,0.0,-0.0,1.0,0.5955995896967438,Hibernating,57.53492036470544
16790,3,6,1545.6200000000001,37,88,1,257.60333333333335,6.0,1545.6200000000001,6.4,2.0,0.016498233718507782,1.0,0.03721280907007803,Champions,57.51686195489401
18113,368,1,76.32000000000001,368,1,1,76.32000000000001,0.0,0.0,369.0,0.0,-0.0,1.0,0.7499201723833832,Hibernating,57.233907556299805
17314,24,8,2527.92,312,120,1,315.99,3.0,1021.0,40.57142857142857,3.0,0.005205860944966612,1.1292349074049495,0.022640422733065827,Champions,57.233177435371765
18281,180,1,80.82,180,7,1,80.82,0.0,0.0,181.0,0.0,-0.0,1.0,0.7054649722525508,Hibernating,57.01567905745115
14373,358,1,76.55,358,4,1,76.55,0.0,0.0,359.0,0.0,-0.0,1.0,0.7442791981205218,Hibernating,56.97457261612594
13967,145,1,80.7,145,2,1,80.7,0.0,0.0,146.0,0.0,-0.0,1.0,0.7052663897981161,Hibernating,56.91499765670797
16873,4,6,7123.62,364,179,1,1187.27,2.0,3252.15,71.2,4.0,0.008045066974375388,1.6800595122782818,0.007979689015116758,Champions,56.84427226186604
14090,324,1,76.32000000000001,324,1,1,76.32000000000001,0.0,0.0,325.0,0.0,-0.0,1.0,0.7417344670663323,Hibernating,56.609174526502485
14642,58,1,96.12,58,2,1,96.12,1.0,96.12,59.0,0.0,-0.0,1.0,0.588751425655738,Needs attention,56.59078703402954
14060,4,19,6135.38,372,86,1,322.91473684210524,5.0,2037.64,19.944444444444443,0.0,-0.0,1.3923265019254518,0.009221999247110028,Champions,56.580469740733925
13892,26,4,632.97,246,26,1,158.2425,3.0,578.4499999999999,73.0,0.0,-0.0,3.5366226461237464,0.08932507196702102,Champions,56.5400908029653
14132,2,11,3586.0299999999997,183,100,1,326.00272727272727,6.0,2033.57,17.7,1.0,0.0016452734639699057,1.091584753659783,0.015749522621624535,Champions,56.47826060682423
17309,95,1,82.75,95,11,1,82.75,0.0,0.0,96.0,0.0,-0.0,1.0,0.682061245838326,Hibernating,56.44056809312147
15511,11,5,900.53,85,117,1,180.106,5.0,900.53,18.0,0.0,-0.0,1.0,0.06264481600676082,Champions,56.41353615856832
14910,2,4,401.97,54,24,1,100.4925,4.0,401.97,17.0,2.0,0.030126626365151624,1.0,0.14025912668961385,Champions,56.379961155424084
14113,3,4,1814.92,354,25,1,453.73,3.0,1406.92,116.66666666666667,4.0,0.24078196284133735,1.1494444444444445,0.030983211042271086,Champions,56.23204938483864
16148,296,1,76.32000000000001,296,1,1,76.32000000000001,0.0,0.0,297.0,0.0,-0.0,1.0,0.7364353265029712,Hibernating,56.20474411870676
13132,261,1,77.3,261,3,1,77.3,0.0,0.0,262.0,0.0,-0.0,1.0,0.7270653021674323,Hibernating,56.20214785754251
15541,114,1,85.13000000000001,114,29,1,85.13000000000001,0.0,0.0,115.0,0.0,-0.0,1.0,0.6596247928738515,Hibernating,56.15385861735098
12984,18,1,97.5,18,4,1,97.5,1.0,97.5,19.0,0.0,-0.0,1.0,0.575881791999616,New / recent,56.14847471996256
16011,8,16,3352.96,366,99,1,209.56,4.0,1167.3,23.4,0.0,-0.0,1.602216264194797,0.016738495621554182,Champions,56.123506279246314
17538,25,1,98.42,25,9,1,98.42,1.0,98.42,26.0,0.0,-0.0,1.0,0.5693422358106798,New / recent,56.0346628484871
16469,23,4,625.42,246,148,1,156.355,2.0,357.12,74.0,0.0,-0.0,1.3310473350726797,0.08947939994876727,Champions,55.96220631595803
17995,281,1,76.1,281,2,1,76.1,0.0,0.0,282.0,0.0,-0.0,1.0,0.7322620896254247,Hibernating,55.725145020494814
16442,1,3,609.3,360,161,1,203.1,1.0,176.87,179.0,0.0,-0.0,0.8180283514094767,0.09144357196153031,Champions,55.71656839616042
14462,66,11,1975.57,339,149,1,179.59727272727272,2.0,469.92,26.9,3.0,0.016764781809806794,1.404469830305848,0.028141195992978155,Loyal,55.59490256784785
14495,50,2,123.8,121,6,1,61.9,1.0,83.2,70.0,0.0,-0.0,2.0492610837438425,0.4483623918975995,Loyal,55.50726411692282
17337,151,4,1970.66,310,419,1,492.665,0.0,0.0,52.333333333333336,2.0,0.03785533780560828,1.0,0.02816096470292612,At risk (was loyal),55.495686701468394
18050,359,1,74.4,359,5,1,74.4,0.0,0.0,360.0,0.0,-0.0,1.0,0.7432068117464073,Hibernating,55.29458679393271
15512,155,2,121.0,359,7,1,60.5,0.0,0.0,203.0,0.0,-0.0,1.0,0.4566612171664398,Hibernating,55.25600727713922
15668,217,1,76.32000000000001,217,1,1,76.32000000000001,0.0,0.0,218.0,0.0,-0.0,1.0,0.7211128837009136,Hibernating,55.03533528405374
16701,8,13,5316.7,361,99,1,408.9769230769231,3.0,1347.8799999999999,29.0,5.0,0.031303252017228736,1.1320577232863502,0.010330339090260482,Champions,54.923313841187905
12512,66,2,132.18,66,31,0,66.09,2.0,132.18,0.0,0.0,-0.0,1.0,0.41453691532677933,Needs attention,54.79348946789369
17735,2,19,13110.02,367,319,1,690.001052631579,3.0,2018.78,19.72222222222222,0.0,-0.0,0.970750490176632,0.004174190263667514,Champions,54.72371784048639
14290,11,5,2314.65,361,89,1,462.93,4.0,1537.0900000000001,87.0,1.0,0.0031106214762491088,0.4942030197026596,0.02358241870589207,Champions,54.58504545759308
13126,4,8,2056.29,366,122,1,257.03625,3.0,1002.27,51.285714285714285,0.0,-0.0,1.5848370998652777,0.026516708869278406,Champions,54.526043280808494
17917,45,3,335.03,362,77,1,111.67666666666666,1.0,108.32,158.0,0.0,-0.0,0.9555820210842045,0.1624050903281633,Loyal,54.41057741264455
14049,16,4,5570.7699999999995,317,348,1,1392.6924999999999,1.0,2333.98,100.0,2.0,0.006214580749160349,2.163235798429926,0.009766559899876022,Champions,54.40725889343234
17536,177,1,76.5,177,3,1,76.5,0.0,0.0,178.0,0.0,-0.0,1.0,0.710408437048092,Hibernating,54.34624543417904
15628,4,9,2870.2400000000002,366,85,1,318.91555555555556,4.0,1244.84,44.75,1.0,0.0016026534366464125,0.9573335794266027,0.018927043417866697,Champions,54.32515709969771
18032,334,1,73.5,334,5,1,73.5,0.0,0.0,335.0,0.0,-0.0,1.0,0.7385018796559334,Hibernating,54.2798881547111
17449,2,7,2500.21,359,177,1,357.17285714285714,3.0,1021.66,59.0,0.0,-0.0,0.9213170561248069,0.021708095919140104,Champions,54.27479849799328
18249,17,1,95.34,17,8,1,95.34,1.0,95.34,18.0,0.0,-0.0,1.0,0.5692197191819289,New / recent,54.26940802680511
12686,371,1,71.14,371,6,0,71.14,0.0,0.0,372.0,0.0,-0.0,1.0,0.7619357098896935,Hibernating,54.2041064015528
17288,9,7,1417.63,358,118,1,202.51857142857145,2.0,753.93,57.666666666666664,0.0,-0.0,2.839874943498568,0.03820575447021552,Champions,54.16162370961163
16498,161,2,100.97,162,15,1,50.485,0.0,0.0,0.0,1.0,0.14707338813508963,1.0,0.5357562106353921,Hibernating,54.095304587855544
16610,219,1,75.66,219,6,1,75.66,0.0,0.0,220.0,0.0,-0.0,1.0,0.7147530705761986,Hibernating,54.078217319795186
18077,8,11,2584.41,366,101,1,234.94636363636363,4.0,962.0699999999999,35.4,0.0,-0.0,1.0377741410555124,0.020909521201889644,Champions,54.03877568937561
14054,65,1,92.46,65,6,1,92.46,1.0,92.46,66.0,0.0,-0.0,1.0,0.5841331939919643,Needs attention,54.00895511649701
18241,9,17,2058.09,217,59,1,121.06411764705884,6.0,723.51,12.625,0.0,-0.0,0.9938969563458167,0.026211316055553897,Champions,53.94524746077492
17895,44,1,95.45,44,15,1,95.45,1.0,95.45,45.0,0.0,-0.0,1.0,0.5642418865499997,Needs attention,53.856888071197474
18229,11,20,7276.900000000001,373,66,1,363.845,6.0,2064.84,18.42105263157895,0.0,-0.0,0.9243869026833922,0.0074004517831968535,Champions,53.85234758114519
14422,0,6,4263.64,267,189,1,710.6066666666667,4.0,3231.4900000000002,52.6,0.0,-0.0,1.5654168483263091,0.012609612112356249,Champions,53.7628465867266
15428,15,1,93.78,15,6,1,93.78,1.0,93.78,16.0,0.0,-0.0,1.0,0.5720948149629581,New / recent,53.65105174722621
13171,21,3,468.41,299,37,1,156.13666666666668,2.0,328.06,138.5,2.0,0.08881108430648363,1.1687210545065907,0.11441264435120506,Loyal,53.592026740547965
17991,225,2,93.35,226,4,1,46.675,0.0,0.0,0.0,0.0,-0.0,1.0,0.5734623655114321,Hibernating,53.53271182049219
16899,7,6,1271.06,360,80,1,211.84333333333333,3.0,760.88,70.0,0.0,-0.0,1.4913951938531498,0.042092087284166996,Champions,53.5015684634133
16330,17,3,248.16,112,38,1,82.72,1.0,202.95,47.0,1.0,0.02397646679561573,5.0,0.21551134564787894,Champions,53.48129553597764
16570,15,10,3698.8,311,67,1,369.88,4.0,1604.33,32.666666666666664,4.0,0.0205066508056667,1.1489756358410481,0.014376950016079143,Champions,53.17746271947354
13947,65,1,90.6,65,5,1,90.6,1.0,90.6,66.0,0.0,-0.0,1.0,0.5858532721536782,Needs attention,53.07830645712324
15696,33,8,2641.21,326,138,1,330.15125,2.0,1081.16,41.285714285714285,4.0,0.008367377073386818,2.0790872087433097,0.020077491261522182,Loyal,53.028870694845004
13160,22,1,91.8,22,4,1,91.8,1.0,91.8,23.0,0.0,-0.0,1.0,0.5771446362469247,New / recent,52.98187760746769
16115,9,8,1660.8799999999999,292,169,1,207.60999999999999,3.0,736.29,39.857142857142854,0.0,-0.0,1.3272369374533575,0.03187935370736435,Champions,52.94778098548729
14135,1,15,4690.31,372,95,1,312.68733333333336,5.0,1499.99,26.142857142857142,0.0,-0.0,0.9403382732766618,0.01123188949938974,Champions,52.681043637882695
14211,53,9,2241.1,295,87,1,249.0111111111111,3.0,1111.17,29.75,4.0,0.01463566998349025,1.9667944031931182,0.023482872549131853,Loyal,52.62746566985939
12506,232,1,73.5,232,23,0,73.5,0.0,0.0,233.0,0.0,-0.0,1.0,0.7136737674514841,Hibernating,52.455021907684085
17063,21,7,1436.14,289,65,1,205.16285714285715,3.0,789.27,44.5,3.0,0.010131324244154468,1.626849289656345,0.03645293103143339,Champions,52.351512371482755
13185,267,1,71.4,267,1,1,71.4,0.0,0.0,268.0,0.0,-0.0,1.0,0.7309054197311939,Hibernating,52.18664696880725
17572,71,4,226.75000000000003,373,7,1,56.68750000000001,1.0,30.75,100.0,0.0,-0.0,0.47066326530612246,0.23014327361468132,Loyal,52.184987292128994
12401,303,1,69.3,303,4,0,69.3,0.0,0.0,304.0,0.0,-0.0,1.0,0.7521290482881355,Hibernating,52.12254304636779
12955,1,10,4740.16,267,81,1,474.01599999999996,5.0,2913.8,29.22222222222222,2.0,0.0012446837237561602,1.5954138285989619,0.01098379367743277,Champions,52.06493943801972
13838,5,4,674.82,369,144,1,168.705,1.0,207.28,121.33333333333333,0.0,-0.0,1.3300252384822688,0.07713110568905128,Champions,52.04961274108559
17906,247,1,72.9,247,12,1,72.9,0.0,0.0,248.0,0.0,-0.0,1.0,0.7121979519195725,Hibernating,51.919230694936836
16717,23,5,3292.71,366,148,1,658.542,2.0,2283.42,85.0,2.0,0.009004740775835102,3.3936034241892816,0.01575241741614422,Champions,51.86814235031224
16813,8,10,1652.18,204,248,1,165.21800000000002,3.0,505.34,21.333333333333332,0.0,-0.0,1.028152721100299,0.03130464852010734,Champions,51.72091419195094
18044,4,10,2088.6,360,88,1,208.85999999999999,3.0,983.07,39.0,1.0,0.0014124293785310737,2.0748690673251744,0.024738557347576903,Champions,51.66895087614912
15422,323,2,97.7,323,6,1,48.85,0.0,0.0,0.0,0.0,-0.0,1.0,0.5283019430826432,Hibernating,51.61509983917424
16954,0,9,2085.08,359,40,1,231.67555555555555,5.0,839.7,44.375,0.0,-0.0,0.5394016284186353,0.024731143979713027,Champions,51.566413689220035
13769,2,10,2796.51,367,73,1,279.651,2.0,619.89,40.22222222222222,6.0,0.008810982260031252,1.1391790941919124,0.01842522570692792,Champions,51.526327941681
15208,1,5,870.12,353,25,1,174.024,3.0,546.6,87.75,1.0,0.0028731669195053555,1.1263600395647875,0.05921604858183394,Champions,51.52506819202535
15060,8,4,293.0,9,80,1,73.25,4.0,293.0,0.0,0.0,-0.0,1.0,0.17566535133138006,Champions,51.46994794009436
16912,28,11,2532.18,323,87,1,230.1981818181818,4.0,1017.0,29.2,2.0,0.006417395287854734,1.174612917277155,0.020296982179867064,Champions,51.39561233621578
12877,3,12,1535.77,358,100,1,127.98083333333334,3.0,476.54,31.636363636363637,0.0,-0.0,1.3496785400715614,0.03343002338453081,Champions,51.340827013260885
16597,4,1,90.04,4,7,1,90.04,1.0,90.04,5.0,0.0,-0.0,1.0,0.5680125628537915,New / recent,51.14385115935539
14219,4,1,89.94,4,7,1,89.94,1.0,89.94,5.0,0.0,-0.0,1.0,0.5680179297855348,New / recent,51.087532604911
18033,65,1,93.82000000000001,65,32,1,93.82000000000001,1.0,93.82000000000001,66.0,0.0,-0.0,1.0,0.5413634669443592,Needs attention,50.79072046871978
13686,182,1,72.0,182,8,1,72.0,0.0,0.0,183.0,0.0,-0.0,1.0,0.7045441028924906,Hibernating,50.72717540825932
13106,133,1,76.5,133,1,1,76.5,0.0,0.0,134.0,1.0,0.2222222222222222,1.0,0.6627492499281928,Hibernating,50.700317619506755
13983,29,12,2603.43,366,91,1,216.9525,4.0,922.37,30.09090909090909,1.0,0.004981889276838632,1.0973671374014016,0.019377158762402702,Champions,50.447076436802064
14974,37,1,89.94,37,17,1,89.94,1.0,89.94,38.0,0.0,-0.0,1.0,0.5595594652992189,Needs attention,50.32677830901174
14805,15,4,546.4,313,30,1,136.6,3.0,437.15,99.0,0.0,-0.0,1.3337909992372234,0.09184551220718488,Champions,50.18438787000582
15858,15,5,1427.57,367,145,1,285.514,3.0,611.35,87.25,0.0,-0.0,0.49933432979670506,0.034998863550165085,Champions,49.96332763830917
15903,9,7,5126.76,295,46,1,732.3942857142857,5.0,4485.12,47.0,1.0,8.192308592561383e-05,2.796035159902749,0.009744053122028326,Champions,49.95542178388994
17960,171,1,73.78,171,26,1,73.78,0.0,0.0,172.0,0.0,-0.0,1.0,0.6765516887946962,Hibernating,49.915983599272685
16814,14,21,6406.8,369,121,1,305.0857142857143,5.0,1285.01,17.25,1.0,0.0013267153649247675,0.8028505659154319,0.00779000687501481,Champions,49.90901604684489
16042,22,5,1177.47,332,68,1,235.494,3.0,736.99,77.25,2.0,0.04237899904031525,1.1154346773217096,0.042280641118649216,Champions,49.784186497975895
17049,2,9,5597.7300000000005,275,200,1,621.97,4.0,2991.08,33.75,1.0,0.0014112863607212208,1.4343506032647266,0.008889236272006096,Champions,49.75954455689669
16581,182,1,70.44,182,7,1,70.44,0.0,0.0,183.0,0.0,-0.0,1.0,0.7059429066465128,Hibernating,49.72661834418036
16440,7,5,3640.67,214,186,1,728.134,4.0,3368.21,51.25,0.0,-0.0,3.090554576818616,0.013645138525433654,Champions,49.677446475390546
13576,10,18,6717.34,373,78,1,373.18555555555554,5.0,1876.4,20.823529411764707,2.0,0.002090113050701617,1.0077877437026692,0.007379279119518419,Champions,49.56912680070586
15525,2,3,716.97,373,130,1,238.99,2.0,442.04,185.0,0.0,-0.0,0.8039137234932527,0.06907260751823083,Loyal,49.522987412345955
17629,5,8,1784.12,359,106,1,223.015,3.0,1015.74,50.142857142857146,0.0,-0.0,2.203206746661808,0.027719261851192993,Champions,49.45448945395044
17852,11,2,114.34,11,21,1,57.17,2.0,114.34,0.0,0.0,-0.0,1.0,0.4324223199244029,Loyal,49.443168060156225
13884,7,5,787.6,283,45,1,157.52,2.0,591.35,68.75,1.0,0.007998984255967496,4.519872611464968,0.06243652167785709,Champions,49.17500447348025
12548,166,1,67.19999999999999,166,4,0,67.19999999999999,0.0,0.0,167.0,0.0,-0.0,1.0,0.7262363420511813,Hibernating,48.80308218583937
13991,12,6,851.88,143,57,1,141.98,5.0,725.53,25.8,1.0,0.00626848851950979,1.148444796201029,0.05722970566826312,Champions,48.752841664679984
14393,218,1,67.95,218,5,1,67.95,0.0,0.0,219.0,0.0,-0.0,1.0,0.7159642235267247,Hibernating,48.64976898864095
13782,12,6,908.86,327,96,1,151.47666666666666,3.0,424.07,62.4,0.0,-0.0,0.874749891705687,0.053485546551560396,Champions,48.610873838851184
14719,1,5,1581.84,249,177,1,316.368,3.0,1093.72,61.25,1.0,0.006290143124462651,1.4937856811166652,0.030664567720582514,Champions,48.50643980312624
15660,25,9,1561.26,365,54,1,173.47333333333333,3.0,716.52,42.25,2.0,0.005924701843382909,1.6964273030755026,0.030923722335742518,Champions,48.279970733901365
18084,16,1,90.47999999999999,16,1,1,90.47999999999999,1.0,90.47999999999999,17.0,1.0,0.03260389036251106,1.0,0.5325626887484913,New / recent,48.18627207796349
16607,17,13,3038.67,358,139,1,233.74384615384616,4.0,1080.1299999999999,28.0,0.0,-0.0,1.2408694742001698,0.015819509867013852,Champions,48.07027004759898
14506,17,5,1960.65,369,204,1,392.13,2.0,1141.69,87.25,0.0,-0.0,2.091109455895282,0.024461356841525828,Champions,47.96015929133762
13006,56,1,81.57,56,4,1,81.57,1.0,81.57,57.0,0.0,-0.0,1.0,0.5858096729737063,Needs attention,47.78449502446522
17861,3,8,2097.88,319,172,1,262.235,3.0,798.39,44.857142857142854,1.0,0.01982954220451122,1.0239786377732802,0.022776824838593685,Champions,47.78304529238892
17620,59,1,81.44,59,4,1,81.44,1.0,81.44,60.0,0.0,-0.0,1.0,0.5865307904360902,Needs attention,47.767067573115185
17068,12,21,4525.09,368,115,1,215.4804761904762,5.0,1012.85,17.4,0.0,-0.0,0.9228070974648658,0.010553567666987536,Champions,47.75584351420863
14533,24,7,1812.6200000000001,352,51,1,258.9457142857143,5.0,1077.64,54.333333333333336,0.0,-0.0,0.5864867071212823,0.02623560734758348,Champions,47.55518659037677
15048,65,4,381.0,368,86,1,95.25,1.0,59.52,100.33333333333333,1.0,0.009133858267716535,0.555431131019037,0.12477069498661285,Loyal,47.53763478989949
16885,15,3,450.41,357,82,1,150.13666666666668,2.0,272.46,170.0,0.0,-0.0,0.7655521213824109,0.1054464433566558,Champions,47.494132552271346
14109,72,1,80.2,72,4,1,80.2,1.0,80.2,73.0,0.0,-0.0,1.0,0.5896871205750344,Hibernating,47.29290707011776
16156,8,9,3037.56,310,106,1,337.50666666666666,4.0,1657.0700000000002,37.125,2.0,0.011627753855067884,1.500436439235344,0.015533237613914628,Champions,47.18314124652252
12789,65,1,76.85,65,3,0,76.85,1.0,76.85,66.0,0.0,-0.0,1.0,0.61268809950137,Needs attention,47.08508044668029
14110,3,12,5669.65,266,93,1,472.4708333333333,7.0,2423.5299999999997,23.545454545454547,0.0,-0.0,0.5332806110503794,0.00830043615173391,Champions,47.060567827678156
15028,8,4,627.13,368,35,1,156.7825,3.0,441.16,119.66666666666667,0.0,-0.0,0.7907368571991897,0.07499355456585133,Champions,47.030707874882346
17747,112,1,71.4,112,1,1,71.4,0.0,0.0,113.0,1.0,0.09453781512605042,1.0,0.6576962705594147,Hibernating,46.959513717942215
15611,9,11,1570.45,334,22,1,142.76818181818183,4.0,638.3100000000001,32.0,2.0,0.014683689388391864,1.198363443259596,0.02987863407485034,Champions,46.922900882848715
14437,365,1,63.0,365,5,1,63.0,0.0,0.0,366.0,0.0,-0.0,1.0,0.7443997649598552,Hibernating,46.89718519247087
14794,2,7,1319.91,334,68,1,188.55857142857144,3.0,640.37,54.666666666666664,2.0,0.03621459038873862,1.2564774210004808,0.03552823256996975,Champions,46.89406945142878
17659,17,12,2958.91,372,125,1,246.57583333333332,3.0,1336.48,31.727272727272727,1.0,0.0014059231270974785,2.471256078844696,0.015763839752007514,Champions,46.64378308061255
12445,22,1,77.4,22,3,0,77.4,1.0,77.4,23.0,0.0,-0.0,1.0,0.6025983261882931,New / recent,46.64111044697389
12472,32,7,6068.11,369,218,0,866.8728571428571,2.0,1518.51,55.666666666666664,6.0,0.05646403905005018,0.8344195094074204,0.007681109230842861,Champions,46.60981573476987
12626,23,9,5772.69,326,226,0,641.41,3.0,1666.48,37.5,4.0,0.008720371265389272,0.8116876633197035,0.008036565065620005,Champions,46.39259878865394
13266,11,12,3790.69,256,81,1,315.8908333333333,4.0,1283.83,21.90909090909091,6.0,0.0192629837839549,1.0242534485372137,0.01221252902039995,Champions,46.29391163233989
16789,8,1,80.8,8,5,1,80.8,1.0,80.8,9.0,0.0,-0.0,1.0,0.5727427213192843,New / recent,46.277611882598165
14525,19,9,4194.72,361,215,1,466.08000000000004,2.0,1395.61,42.125,3.0,0.010644333829194799,1.7450671820685864,0.010967917533376049,Champions,46.007343035603185
14178,8,7,1580.26,182,190,1,225.75142857142856,4.0,1102.97,28.5,0.0,-0.0,1.733175846969348,0.029088249270490397,Champions,45.96699679218516
13651,39,1,79.2,39,5,1,79.2,1.0,79.2,40.0,0.0,-0.0,1.0,0.5802561423551275,Needs attention,45.956286474526095
17965,37,14,2599.19,369,274,1,185.65642857142856,2.0,347.78,25.0,0.0,-0.0,0.9268325182885392,0.017678886563544143,Loyal,45.9507851670983
15298,2,12,4764.1,366,114,1,397.0083333333334,5.0,1405.88,32.72727272727273,1.0,0.20780420226275687,0.5860938235136471,0.009638862554362347,Champions,45.920505095237665
17571,50,4,1424.42,298,246,1,356.105,1.0,864.87,82.33333333333333,0.0,-0.0,4.636958270038424,0.03216605349483707,Loyal,45.81796991911582
14840,267,1,62.85,267,4,1,62.85,0.0,0.0,268.0,0.0,-0.0,1.0,0.7270020862673346,Hibernating,45.692081121901985
16414,21,2,126.25,280,5,1,63.125,1.0,75.45,258.0,0.0,-0.0,1.4852362204724412,0.35817133252670935,Loyal,45.21913073149705
13302,155,1,63.75,155,1,1,63.75,0.0,0.0,156.0,0.0,-0.0,1.0,0.7087970559539488,Hibernating,45.18581231706424
14659,8,9,2510.03,315,146,1,278.89222222222224,3.0,888.38,37.875,3.0,0.021314486281040462,1.0956494928005425,0.017919544263047787,Champions,44.97859368657784
12523,19,11,1662.27,331,81,0,151.11545454545455,4.0,734.52,30.8,1.0,0.004030632809351068,1.3855133387227163,0.027023371627101184,Champions,44.92013995458149
14467,17,4,596.26,312,67,1,149.065,3.0,464.56,98.0,0.0,-0.0,1.1758035940268288,0.07533460252269703,Champions,44.91901010018333
14287,8,3,156.23000000000002,198,8,1,52.076666666666675,1.0,93.35,95.0,0.0,-0.0,2.9691475826972007,0.2866304382814979,Loyal,44.780273372718426
15687,8,9,2993.1,330,119,1,332.56666666666666,4.0,1313.65,39.625,2.0,0.003875580501820855,0.9777382476405967,0.014958489342696977,Champions,44.77225445162632
17942,7,1,77.50000000000001,7,2,1,77.50000000000001,1.0,77.50000000000001,8.0,0.0,-0.0,1.0,0.5775747239088058,New / recent,44.76204110293246
14798,52,3,173.74,310,11,1,57.913333333333334,1.0,76.34,128.0,0.0,-0.0,1.5675564681724845,0.25751618635692813,Loyal,44.7408622176527
17628,81,1,75.75,81,5,1,75.75,1.0,75.75,82.0,0.0,-0.0,1.0,0.5904437708636505,Hibernating,44.72611564292153
15059,40,9,1337.72,334,161,1,148.63555555555556,2.0,329.12,36.25,2.0,0.00889573303830398,1.1420979575649415,0.03343025588693699,Loyal,44.72032190507335
13130,94,1,64.0,94,2,1,64.0,0.0,0.0,95.0,0.0,-0.0,1.0,0.6948715956574745,Hibernating,44.471782122078366
16468,74,1,74.9,74,2,1,74.9,1.0,74.9,75.0,0.0,-0.0,1.0,0.5936682377056767,Hibernating,44.46575100415519
12659,29,1,73.68,29,4,0,73.68,1.0,73.68,30.0,0.0,-0.0,1.0,0.6028391024078241,New / recent,44.41718506540848
13992,30,1,76.8,30,5,1,76.8,1.0,76.8,31.0,0.0,-0.0,1.0,0.5782313029708442,New / recent,44.408164068160836
15729,212,1,62.0,212,4,1,62.0,0.0,0.0,213.0,0.0,-0.0,1.0,0.7161641858587027,Hibernating,44.40217952323957
16085,23,5,981.51,320,123,1,196.302,3.0,656.47,74.0,0.0,-0.0,1.346439412585118,0.0450196702964269,Champions,44.187256592645966
13079,4,5,220.10000000000002,140,2,1,44.02,3.0,160.60000000000002,33.5,0.0,-0.0,1.7994397759103644,0.19931081809407933,Champions,43.86831106250686
17372,40,8,1337.18,362,215,1,167.1475,2.0,281.55,45.57142857142857,0.0,-0.0,0.8001383060352585,0.032713197469733224,Loyal,43.74343339257788
13115,11,4,2278.28,184,88,1,569.57,3.0,1399.73,57.0,9.0,0.031888091016029636,0.5310758256976458,0.019189306562926185,Champions,43.718613356183475
17263,208,1,63.440000000000005,208,23,1,63.440000000000005,0.0,0.0,209.0,0.0,-0.0,1.0,0.6888298983318989,Hibernating,43.69936875017567
13218,127,1,62.63999999999999,127,5,1,62.63999999999999,0.0,0.0,128.0,0.0,-0.0,1.0,0.6974937694339194,Hibernating,43.691009717340705
13095,70,1,74.39999999999999,70,6,1,74.39999999999999,1.0,74.39999999999999,71.0,0.0,-0.0,1.0,0.5862832278962682,Needs attention,43.61947215548235
13403,17,1,75.0,17,3,1,75.0,1.0,75.0,18.0,0.0,-0.0,1.0,0.578473059948303,New / recent,43.38547949612273
13684,285,1,62.13,285,28,1,62.13,0.0,0.0,286.0,0.0,-0.0,1.0,0.6978071572671724,Hibernating,43.35475868100942
16817,2,9,1512.95,368,71,1,168.10555555555555,2.0,425.32,45.25,4.0,0.04362338477808255,1.3686823644070134,0.028631899499650438,Champions,43.31863234799613
16171,59,1,73.2,59,3,1,73.2,1.0,73.2,60.0,0.0,-0.0,1.0,0.5885858987428012,Needs attention,43.08448778797305
15601,11,14,6764.06,372,229,1,483.1471428571429,3.0,1191.1,27.23076923076923,3.0,0.0027646117864123026,0.7836709157551223,0.006367489840205539,Champions,43.07008332854068
12395,19,12,2667.78,371,89,0,222.31500000000003,4.0,1008.0600000000001,31.454545454545453,2.0,0.0020616392656066093,1.2147350155447907,0.016134174075678836,Champions,43.042426915614485
13391,203,1,59.8,203,1,1,59.8,0.0,0.0,204.0,0.0,-0.0,1.0,0.7184501637068086,Hibernating,42.96331978966715
17174,217,1,59.9,217,4,1,59.9,0.0,0.0,218.0,0.0,-0.0,1.0,0.7171745168216701,Hibernating,42.95875355761804
12494,15,7,1026.4,365,61,0,146.62857142857143,2.0,283.44,57.666666666666664,4.0,0.03025136399064692,0.9537525573382146,0.04183167845821584,Champions,42.93603476951274
13013,1,13,4810.9400000000005,371,155,1,370.07230769230773,4.0,1124.8500000000001,30.333333333333332,2.0,0.004978237101273347,0.6866116942342699,0.008922558533959093,Champions,42.92589375336516
15038,58,6,668.34,369,103,1,111.39,2.0,170.64000000000001,61.8,1.0,0.033665499596014004,0.6857142857142858,0.06406365330704215,Loyal,42.816302051228554
14395,2,9,3454.06,372,181,1,383.78444444444443,3.0,1511.69,45.625,1.0,0.0028806679675512296,1.5565417505418637,0.012337502852464002,Champions,42.614475102581814
13194,135,1,60.7,135,3,1,60.7,0.0,0.0,136.0,0.0,-0.0,1.0,0.7019629733515088,Hibernating,42.609152482436585
17419,11,12,4211.72,367,155,1,350.9766666666667,4.0,1551.72,31.90909090909091,1.0,0.0025524013942047428,1.1667067669172932,0.010089501403094975,Champions,42.49415484944317
13682,187,1,59.5,187,3,1,59.5,0.0,0.0,188.0,0.0,-0.0,1.0,0.712536883502723,Hibernating,42.39594456841202
14292,7,9,4871.93,282,64,1,541.3255555555556,5.0,2281.7200000000003,34.125,5.0,0.010796542643264578,0.704721238818474,0.008624593266237084,Champions,42.01841467157844
15899,368,1,56.25,368,4,1,56.25,0.0,0.0,369.0,0.0,-0.0,1.0,0.7462679901298134,Hibernating,41.977574444802
14553,19,5,859.27,339,103,1,171.85399999999998,3.0,546.95,79.5,0.0,-0.0,1.1674991461748636,0.04863128908631016,Champions,41.787407773193735
14957,253,1,58.49,253,12,1,58.49,0.0,0.0,254.0,0.0,-0.0,1.0,0.7134994804840881,Hibernating,41.73258461351431
17293,8,9,1854.06,361,93,1,206.00666666666666,4.0,987.03,43.75,0.0,-0.0,1.4230043943116155,0.02246545454771575,Champions,41.652300658737865
17690,30,15,4726.8,373,186,1,315.12,4.0,1231.27,24.0,1.0,0.00200981636625201,0.968663550305676,0.00876877723348185,Champions,41.44825622722201
18055,7,10,6743.49,369,222,1,674.3489999999999,3.0,3088.48,39.77777777777778,1.0,0.0021057345677090054,1.9716644642103123,0.0061384960320819875,Champions,41.394886607384564
12577,35,3,622.65,359,136,0,207.54999999999998,2.0,426.76,161.5,1.0,0.10021681522524695,1.0892848026953903,0.06637170929161681,Loyal,41.32634479042521
13938,35,1,71.66,35,7,1,71.66,1.0,71.66,36.0,0.0,-0.0,1.0,0.5764438732994768,Needs attention,41.307967960640504
16877,12,6,846.62,208,111,1,141.10333333333332,4.0,657.64,38.6,0.0,-0.0,1.7399724838607258,0.0486802114134022,Champions,41.21364058681457
13080,179,1,58.08,179,6,1,58.08,0.0,0.0,180.0,0.0,-0.0,1.0,0.7068009177915441,Hibernating,41.05099730533288
12856,7,6,2170.78,63,155,1,361.7966666666667,6.0,2170.78,10.8,2.0,0.007946452427238135,1.0,0.018893178454155998,Champions,41.01293392471276
17775,254,1,56.4,254,3,1,56.4,0.0,0.0,255.0,0.0,-0.0,1.0,0.7258354555228554,Hibernating,40.937119691489045
17022,31,1,71.0,31,7,1,71.0,1.0,71.0,32.0,0.0,-0.0,1.0,0.5755203506602483,New / recent,40.86194489687763
16905,5,7,3020.65,371,116,1,431.5214285714286,4.0,2215.42,60.666666666666664,0.0,-0.0,2.0634663388100294,0.013522693109554985,Champions,40.84732294137727
17451,1,7,1674.3,105,82,1,239.18571428571428,6.0,1345.69,17.0,3.0,0.01514065579645225,0.6825162553381414,0.024360424792978532,Champions,40.786659230883956
16005,12,4,578.71,270,173,1,144.6775,2.0,303.3,86.0,0.0,-0.0,1.1012672016266656,0.070453168061747,Champions,40.77195288901361
12839,2,14,5591.42,367,95,1,399.38714285714286,5.0,2494.03,27.692307692307693,1.0,0.0005901899696320434,1.4493667248877282,0.007261463318711796,Champions,40.60189122951151
17837,42,8,1525.38,163,108,1,190.6725,5.0,1154.77,16.857142857142858,2.0,0.015012652584929655,1.8695178219691864,0.026594359958263498,Loyal,40.56650479313598
16506,19,2,90.30000000000001,40,3,1,45.150000000000006,2.0,90.30000000000001,20.0,0.0,-0.0,1.0,0.4444716579590778,Loyal,40.13579071370473
17071,28,9,2429.03,309,102,1,269.89222222222224,3.0,1026.6100000000001,34.625,5.0,0.017928967530248696,1.464054990659004,0.01651577275469989,Champions,40.11730749434868
17338,17,8,6484.75,361,388,1,810.59375,1.0,1325.8700000000001,48.857142857142854,2.0,0.004441188943290026,1.7990513444778713,0.006185919455832927,Champions,40.114141191212575
17024,45,3,95.85,157,2,1,31.95,1.0,39.599999999999994,55.5,0.0,-0.0,1.4079999999999997,0.41714043265963,Loyal,39.98291047042554
16898,26,3,501.03,368,150,1,167.01,1.0,187.26,171.0,1.0,0.12843542302856115,1.1936131561334735,0.07938808274439856,Champions,39.77581109742601
16744,11,7,1291.91,173,198,1,184.55857142857144,4.0,892.8,26.5,0.0,-0.0,1.6777329558267144,0.030773463578536536,Champions,39.75654533174714
17883,3,4,664.34,246,133,1,166.085,3.0,544.99,80.66666666666667,0.0,-0.0,1.5221058511381091,0.05975960330656339,Champions,39.700694860682326
14760,297,1,53.8,297,3,1,53.8,0.0,0.0,298.0,0.0,-0.0,1.0,0.7341696323492083,Hibernating,39.498326220387405
12504,18,2,92.65,30,5,0,46.325,2.0,92.65,12.0,1.0,0.3524015110631408,1.0,0.4252302876011434,New / recent,39.397586146245935
17365,12,8,4762.32,332,277,1,595.29,3.0,2425.51,45.285714285714285,0.0,-0.0,1.7299295478308752,0.008272699390595094,Champions,39.397241761818826
15482,15,9,6879.12,358,43,1,764.3466666666667,5.0,4950.82,42.5,2.0,0.07640512158531904,2.053962557693305,0.00571144292602527,Champions,39.28970126127896
12433,0,7,13375.87,373,219,0,1910.8385714285716,4.0,6980.64,61.666666666666664,0.0,-0.0,0.81865390298707,0.002936414872081704,Champions,39.277103595031505
17097,2,8,937.92,365,152,0,117.24,2.0,314.89,51.57142857142857,0.0,-0.0,1.5162512238575991,0.04173222985100652,Champions,39.14149302185603
16791,29,7,1677.53,332,215,1,239.64714285714285,2.0,913.91,50.0,0.0,-0.0,2.992031376862838,0.023318709844350586,Champions,39.11783532519344
15965,17,4,808.87,367,88,1,202.2175,3.0,652.6800000000001,116.33333333333333,0.0,-0.0,1.3929188808502466,0.04826249473413043,Champions,39.038084115596085
13588,15,9,2451.17,255,130,1,272.3522222222222,5.0,1053.19,29.5,2.0,0.0006690682408808855,0.6026924562583156,0.015855820984712495,Champions,38.86531272309773
16349,290,1,53.5,290,9,1,53.5,0.0,0.0,291.0,0.0,-0.0,1.0,0.724910576765344,Hibernating,38.782715856945906
17382,65,1,65.4,65,2,1,65.4,1.0,65.4,66.0,0.0,-0.0,1.0,0.5920377024549632,Needs attention,38.7192657405546
16332,28,7,1582.8,305,125,1,226.1142857142857,4.0,931.03,45.5,1.0,0.006317917614354309,1.0713480215413413,0.02436955943963476,Champions,38.5721386810539
16729,38,21,7191.56,241,233,1,342.4552380952381,4.0,1862.06,9.7,4.0,0.020322433519292058,1.484896331738437,0.005346522383187474,Loyal,38.449836510035716
14191,1,13,4668.86,220,145,1,359.1430769230769,6.0,2426.5,17.833333333333332,1.0,0.0018955376687242714,1.2624719789269638,0.00820609767151423,Champions,38.31312117462593
14800,47,12,4327.64,369,245,1,360.6366666666667,3.0,495.15000000000003,28.90909090909091,3.0,0.022933977872466284,0.38759396632476534,0.008798461055748209,Loyal,38.07657200329818
13209,30,8,5891.61,361,255,1,736.45125,3.0,1735.53,47.0,3.0,0.012127415086877782,0.6959803468653155,0.00644840179893601,Champions,37.99146852262938
13011,372,1,50.550000000000004,372,3,1,50.550000000000004,0.0,0.0,373.0,0.0,-0.0,1.0,0.7483056254474162,Hibernating,37.82684936636689
14282,3,15,3701.44,367,70,1,246.76266666666666,6.0,1233.9,25.571428571428573,0.0,-0.0,0.750079026074552,0.010124974031667006,Champions,37.47698387977352
14092,7,14,4076.91,358,117,1,291.2078571428571,4.0,1331.49,26.53846153846154,3.0,0.003387369355713028,1.2124647594903513,0.00911157280689014,Champions,37.14706229213848
17371,17,3,418.4,361,83,1,139.46666666666667,2.0,326.26,171.5,0.0,-0.0,1.7704579986976339,0.08826513354360818,Champions,36.93013187464566
15570,7,12,4135.12,369,231,1,344.5933333333333,3.0,1338.84,32.36363636363637,1.0,0.010120625278105594,1.4363797616833793,0.008896642023424944,Champions,36.788682363904954
17844,106,1,51.559999999999995,106,5,0,51.559999999999995,0.0,0.0,107.0,0.0,-0.0,1.0,0.7131137804236337,Hibernating,36.76814651864255
17109,29,6,881.29,232,107,1,146.88166666666666,4.0,416.7,40.2,2.0,0.017428996130672086,0.448459932413526,0.041535781275018314,Champions,36.60506867986089
17509,57,8,6083.64,63,75,1,760.455,8.0,6083.64,0.7142857142857143,3.0,0.002367003964731641,1.0,0.006004253845778168,Loyal,36.5277188663299
14821,366,1,48.800000000000004,366,2,1,48.800000000000004,0.0,0.0,367.0,0.0,-0.0,1.0,0.7484650441105516,Hibernating,36.52509415259492
16293,21,10,2248.9900000000002,367,102,1,224.89900000000003,4.0,794.6600000000001,38.111111111111114,2.0,0.005446889492616685,0.819614530402316,0.016208187828560268,Champions,36.45205234455376
15313,110,1,52.0,110,1,1,52.0,0.0,0.0,111.0,0.0,-0.0,1.0,0.6996783916485178,Hibernating,36.38327636572292
16462,73,2,102.0,283,1,1,51.0,1.0,68.0,210.0,0.0,-0.0,2.0,0.3558777498175517,Hibernating,36.29953048139028
14351,164,1,51.0,164,1,1,51.0,0.0,0.0,165.0,0.0,-0.0,1.0,0.710702308460127,Hibernating,36.24581773146648
17434,2,7,2348.87,85,98,1,335.55285714285714,7.0,2348.87,13.333333333333334,2.0,0.00657763094594422,1.0,0.015333371087513498,Champions,36.01609534632783
17730,3,13,5298.4800000000005,326,127,1,407.5753846153847,5.0,2242.71,26.5,2.0,0.001821277045492292,1.1742820958383648,0.006784160081200914,Champions,35.945736507041424
12708,29,10,2442.91,368,85,0,244.291,3.0,609.14,37.111111111111114,6.0,0.039538910561584345,0.775084479878429,0.014642035551411064,Champions,35.7691750688976
14785,10,2,77.4,15,2,1,38.7,2.0,77.4,4.0,0.0,-0.0,1.0,0.46199268271902616,Loyal,35.75823364245263
13283,59,2,93.66,185,7,1,46.83,1.0,68.16,125.0,0.0,-0.0,2.672941176470588,0.3804520899110224,Needs attention,35.63314274106636
15150,17,10,5280.83,269,282,1,528.083,5.0,1711.21,27.555555555555557,0.0,-0.0,0.47938155882138717,0.0066556280564883654,Champions,35.14724030954545
16242,8,7,3579.86,277,184,1,511.40857142857146,4.0,2733.27,44.333333333333336,1.0,0.0013827356377065026,2.4214230028703385,0.009778570667479877,Champions,35.005913989684515
13571,12,12,2088.94,253,157,1,174.07833333333335,5.0,1005.11,21.454545454545453,0.0,-0.0,1.2983161565928236,0.01672811742975956,Champions,34.944033623721936
14825,3,12,2221.01,368,82,1,185.08416666666668,5.0,887.54,32.81818181818182,0.0,-0.0,0.9318214882974494,0.015707233675073606,Champions,34.88592306467523
13756,2,14,5189.52,367,66,1,370.68,6.0,2217.19,27.53846153846154,1.0,0.008555704573833419,0.9945912241686938,0.006714820600406331,Champions,34.846695802220665
14836,10,3,102.44999999999999,30,5,1,34.15,3.0,102.44999999999999,10.0,0.0,-0.0,1.0,0.3393880610444879,Loyal,34.77030685400778
15953,15,8,1657.28,369,63,1,207.16,4.0,833.24,50.0,2.0,0.01499444873527708,1.0111645065773507,0.020828167952759973,Champions,34.518106184750046
14446,0,4,1005.55,246,232,1,251.3875,3.0,702.51,81.33333333333333,0.0,-0.0,0.7727362724392819,0.03431850120219588,Champions,34.508968883868064
14428,7,5,1224.06,325,108,1,244.81199999999998,3.0,893.44,79.0,2.0,0.012001045700374167,1.8015445728227775,0.02798851622198724,Champions,34.2596231666857
14901,11,9,1418.74,372,73,1,157.63777777777779,4.0,599.17,44.625,1.0,0.002643190436584575,0.9138481154751882,0.02379614466815238,Champions,33.760542286494506
16600,4,6,813.52,338,50,1,135.58666666666667,4.0,576.06,66.2,0.0,-0.0,1.2129621831045228,0.04144935669028356,Champions,33.71988065467948
16891,1,5,742.43,371,166,1,148.486,2.0,226.64000000000001,92.0,0.0,-0.0,0.6591054498923982,0.0452721306671334,Champions,33.611387971199846
14031,7,17,14700.86,372,117,1,864.7564705882353,5.0,6243.83,22.4375,1.0,0.00013264530102320544,1.771921348274749,0.0022857469481463322,Champions,33.60244588012649
13366,50,1,56.160000000000004,50,1,1,56.160000000000004,1.0,56.160000000000004,51.0,0.0,-0.0,1.0,0.5905823102610402,Needs attention,33.167102544260025
15081,22,5,494.85,367,25,1,98.97,3.0,256.75,85.5,1.0,0.01515610791148833,0.7188856222875541,0.06674468227258883,Champions,33.02860602259058
17135,16,7,1139.73,371,34,1,162.81857142857143,5.0,639.18,59.0,0.0,-0.0,0.510782139646389,0.028912315644440006,Champions,32.95223350943761
14701,10,9,2510.9900000000002,316,265,1,278.9988888888889,2.0,584.66,37.75,3.0,0.019135878677334437,1.0622842399796506,0.013063798040022103,Champions,32.80306624051511
16670,16,11,4052.1,358,178,1,368.3727272727273,3.0,855.93,33.7,5.0,0.007314725697786333,0.7141297240134286,0.00802664677328563,Champions,32.5247753900307
18210,1,6,2621.38,267,109,1,436.8966666666667,5.0,2478.98,52.6,0.0,-0.0,3.481713483146067,0.012388424175852477,Champions,32.47476736609617
12665,324,1,45.0,324,2,0,45.0,0.0,0.0,325.0,1.0,0.027777777777777776,1.0,0.721038306406574,Hibernating,32.44672378829583
15058,25,11,2102.54,312,199,1,191.14,4.0,867.78,28.4,0.0,-0.0,1.2298867796170916,0.015404403104140627,Champions,32.388373702579834
12757,15,9,4161.75,211,234,0,462.4166666666667,6.0,2495.07,23.875,0.0,-0.0,0.7485150118799049,0.007782020756936064,Champions,32.38682488517866
13426,0,10,3641.32,359,103,1,364.132,5.0,2082.64,39.333333333333336,1.0,0.022793931870860016,1.3361562347627483,0.00885650900413925,Champions,32.24938336695234
15214,1,8,1661.44,242,109,1,207.68,6.0,1009.8100000000001,34.0,0.0,-0.0,0.5165559187473463,0.019398089734836903,Champions,32.228762209047424
15984,2,10,2761.58,368,214,1,276.158,3.0,973.12,40.111111111111114,1.0,0.0005974840489864498,1.2695913430176426,0.011634131703341636,Champions,32.12858542931419
15769,7,25,51837.72,371,18,1,2073.5088,6.0,11465.0,14.75,0.0,-0.0,0.8992664683809595,0.0006194848931785102,Champions,32.112684436817524
14524,31,9,1843.83,360,161,1,204.87,4.0,814.96,40.625,0.0,-0.0,0.9901153692886372,0.017344803184636062,Champions,31.98086845592751
15622,43,9,3301.46,282,154,1,366.8288888888889,4.0,749.41,29.625,6.0,0.023301811925632902,0.3670627534726984,0.009682650837543284,Loyal,31.966884434115652
17323,15,7,898.17,292,124,1,128.31,3.0,370.62,45.833333333333336,2.0,0.007938363561463867,0.9367074210975265,0.03552086738588446,Champions,31.903777459979846
14449,18,4,885.8,372,201,1,221.45,2.0,485.89,117.33333333333333,0.0,-0.0,1.2149983746342927,0.0359708425848257,Champions,31.8629723616386
13880,21,13,3219.77,367,125,1,247.67461538461538,5.0,1539.01,28.5,0.0,-0.0,1.465061043813513,0.009871031898099925,Champions,31.782452374545194
17812,12,4,699.81,368,113,1,174.9525,3.0,506.51,118.0,0.0,-0.0,0.8734436971891707,0.045189603537168097,Champions,31.624136451345603
15916,16,8,1495.91,366,124,1,186.98875,3.0,648.96,49.57142857142857,2.0,0.01998783349265664,1.2770529547198772,0.021135914479984367,Champions,31.617425829753415
14952,59,11,8099.49,364,117,1,736.3172727272727,4.0,4564.88,30.2,4.0,0.023050834064860873,2.260090929409468,0.0038803192766510637,Loyal,31.428607178042522
14595,19,6,1740.6,313,94,1,290.09999999999997,5.0,1576.8,58.0,0.0,-0.0,1.9252747252747253,0.017996275741458838,Champions,31.324317555583253
15514,12,11,2947.4,364,95,1,267.94545454545454,5.0,1521.78,34.8,1.0,0.013554319060867202,1.2809416253980725,0.010554640331038747,Champions,31.108746911703605
17069,28,9,2692.36,373,110,1,299.1511111111111,4.0,1196.57,42.625,3.0,0.01379458913369683,0.9999481879140787,0.011500901448900846,Champions,30.964567024962683
15504,81,1,52.83,81,13,1,52.83,1.0,52.83,82.0,0.0,-0.0,1.0,0.5786874653727612,Hibernating,30.57205879564297
14682,187,2,52.0,201,1,1,26.0,0.0,0.0,13.0,0.0,-0.0,1.0,0.5861750289983155,Hibernating,30.481101507912406
15640,4,15,12416.11,372,240,1,827.7406666666667,4.0,3579.37,25.714285714285715,2.0,0.006392501355094309,1.1139025817213135,0.002453654672108623,Champions,30.4648463109146
16710,19,10,2467.99,368,268,1,246.79899999999998,3.0,632.91,38.44444444444444,0.0,-0.0,0.8047551060444231,0.012150682815922227,Champions,29.987763682867893
13924,1,6,1804.1000000000001,72,89,1,300.68333333333334,6.0,1804.1000000000001,13.4,5.0,0.06763483177207472,1.0,0.01656115432365746,Champions,29.877978515310424
14589,371,1,39.75,371,3,1,39.75,0.0,0.0,372.0,0.0,-0.0,1.0,0.7481870623543522,Hibernating,29.7404357285855
17888,38,6,515.73,357,49,1,85.955,3.0,347.0,63.4,0.0,-0.0,2.056540034374444,0.0572037988492797,Loyal,29.501715180539023
15178,260,1,40.5,260,3,1,40.5,0.0,0.0,261.0,0.0,-0.0,1.0,0.7271085802227724,Hibernating,29.447897499022282
13268,17,10,3116.36,267,254,1,311.636,4.0,1034.9,27.333333333333332,2.0,0.0034334929212286123,0.7457986221210111,0.009387364565196555,Champions,29.254407436395937
12583,2,15,6644.54,373,113,0,442.96933333333334,6.0,2797.17,26.0,1.0,0.0022875925195724608,1.0905514676259367,0.004402586856432256,Champions,29.25316447103838
14329,17,7,4947.34,329,217,1,706.7628571428571,3.0,1490.21,51.666666666666664,6.0,0.011763897367069981,0.5747387765767173,0.005883667744797422,Champions,29.108504780546077
15998,36,5,3080.22,362,370,1,616.044,2.0,974.96,80.75,1.0,0.001882982384375142,0.6946600419900631,0.009419126673161922,Loyal,29.012982361206813
18184,15,1,49.8,15,1,1,49.8,1.0,49.8,16.0,0.0,-0.0,1.0,0.5825897489473809,New / recent,29.01296949757957
17490,0,7,2072.04,176,62,1,296.0057142857143,6.0,1766.84,28.833333333333332,4.0,0.06525453176579603,0.9648536478811709,0.01399434438849813,Champions,28.996841346743665
15603,78,1,48.480000000000004,78,2,1,48.480000000000004,1.0,48.480000000000004,79.0,0.0,-0.0,1.0,0.5960070685408108,Hibernating,28.894422682858508
17609,40,5,1098.28,327,198,1,219.656,3.0,569.53,71.25,1.0,0.007557271369778199,0.7180835303388495,0.0262624177449308,Loyal,28.8434881609026
13014,10,10,3456.33,281,67,1,345.633,5.0,1443.8,29.666666666666668,6.0,0.026299572089470626,0.7174054548255182,0.008329177684490928,Champions,28.788386706236526
12855,372,1,38.1,372,3,1,38.1,0.0,0.0,373.0,0.0,-0.0,1.0,0.7483820524112551,Hibernating,28.51335619686882
17644,1,11,2840.08,260,100,1,258.1890909090909,4.0,1258.51,25.5,6.0,0.025034506070251542,1.3925355817320761,0.009997512865934229,Champions,28.393736340282484
17228,15,8,1906.09,372,140,1,238.26125,4.0,1218.51,50.42857142857143,0.0,-0.0,1.7721719654440213,0.014835383085055031,Champions,28.27757534459254
17758,19,8,3408.2000000000003,250,310,1,426.02500000000003,4.0,1974.95,32.57142857142857,0.0,-0.0,1.3779522065236351,0.00822906414472046,Champions,28.046296418036277
14432,9,6,2248.5,89,256,1,374.75,6.0,2248.5,15.4,0.0,-0.0,1.0,0.012435642492020697,Champions,27.961542143308538
16659,189,1,39.12,189,2,1,39.12,0.0,0.0,190.0,0.0,-0.0,1.0,0.7144391185109809,Hibernating,27.94885831614957
13832,19,1,52.199999999999996,19,3,1,52.199999999999996,1.0,52.199999999999996,20.0,1.0,0.21551724137931036,1.0,0.532797177617275,New / recent,27.81201267162175
16945,21,19,4345.5,358,137,1,228.71052631578948,6.0,1338.44,18.333333333333332,0.0,-0.0,0.9643815997463747,0.006393740661393208,Champions,27.784000044084184
14426,23,10,4050.73,312,159,1,405.073,4.0,1580.19,31.77777777777778,5.0,0.028989836399858793,0.9594198029580578,0.006783119743515521,Champions,27.476586638650627
12977,156,1,39.239999999999995,156,9,1,39.239999999999995,0.0,0.0,157.0,0.0,-0.0,1.0,0.698023475862664,Hibernating,27.390441192850933
16162,252,1,37.4,252,2,1,37.4,0.0,0.0,253.0,0.0,-0.0,1.0,0.7268957642234056,Hibernating,27.18590158195537
16892,1,5,518.19,183,87,1,103.638,4.0,415.21,45.5,2.0,0.055385090410853155,1.0079869877646146,0.05227811095320272,Champions,27.08999431484012
15023,3,11,6701.51,369,346,1,609.2281818181818,3.0,1692.44,36.2,1.0,0.005909116005198828,0.9010002522091592,0.004035956944720321,Champions,27.047005824612683
13418,11,18,5883.23,372,220,1,326.8461111111111,3.0,1383.3,20.823529411764707,4.0,0.006423342279666102,1.5370239092608105,0.0045362674013510245,Champions,26.687904463650387
13666,60,3,84.65,287,12,1,28.21666666666667,1.0,20.6,113.5,0.0,-0.0,0.643247462919594,0.314915433188925,Loyal,26.657591419442504
14576,372,1,35.400000000000006,372,1,1,35.400000000000006,0.0,0.0,373.0,0.0,-0.0,1.0,0.7509052631063554,Hibernating,26.582046313964987
14080,32,1,45.599999999999994,32,4,1,45.599999999999994,1.0,45.599999999999994,33.0,0.0,-0.0,1.0,0.5819983487219538,New / recent,26.53912470172109
15940,311,1,35.8,311,1,1,35.8,0.0,0.0,312.0,0.0,-0.0,1.0,0.7395373085196858,Hibernating,26.47543564500475
15602,8,8,1165.1200000000001,368,30,1,145.64000000000001,4.0,754.92,50.857142857142854,2.0,0.05385711343037627,1.840370550950756,0.02269395389623441,Champions,26.441179563580636
13137,10,8,3603.29,308,345,1,450.41125,3.0,1714.97,42.0,0.0,-0.0,1.5136647037225326,0.007193849407876359,Champions,25.921525632906807
13090,8,13,8895.82,372,97,1,684.2938461538462,5.0,3998.8,29.916666666666668,4.0,0.024891465879480476,1.3065251928724,0.0029108800464944296,Champions,25.894664935206077
13148,29,12,3546.9,364,227,1,295.575,2.0,917.25,30.181818181818183,5.0,0.06266880938284135,1.7440533911357023,0.00729929963194093,Champions,25.889885864531283
17651,11,10,3927.15,177,149,1,392.71500000000003,6.0,2796.9900000000002,17.88888888888889,3.0,0.010307729523955032,1.6499079776314858,0.0065700645874122166,Champions,25.801629144455887
13102,1,24,6363.19,365,138,1,265.13291666666663,5.0,1462.3899999999999,15.434782608695652,3.0,0.0042274393818194965,1.1339132386549133,0.00404753701882426,Champions,25.755247082812343
16686,47,7,2955.38,355,405,1,422.19714285714286,1.0,559.9399999999999,50.833333333333336,2.0,0.005024734551901955,1.4025147780783487,0.008687317064504166,Loyal,25.674323106094324
15910,0,8,1228.88,316,215,1,153.61,3.0,565.52,44.714285714285715,0.0,-0.0,1.4208474031194727,0.020842196042095137,Champions,25.612557872209873
17813,14,5,1657.37,71,293,1,331.474,5.0,1657.37,14.0,1.0,0.009400435629943827,1.0,0.01541669655817553,Champions,25.55117037462338
15423,38,1,43.5,38,2,1,43.5,1.0,43.5,39.0,0.0,-0.0,1.0,0.5867840791382253,Needs attention,25.525107442512798
14083,4,9,1002.9,371,162,1,111.43333333333334,2.0,469.51,45.5,0.0,-0.0,3.0808320365961115,0.025443805782448377,Champions,25.517592819217477
14419,10,6,1051.79,364,112,1,175.29833333333332,4.0,744.65,70.2,0.0,-0.0,1.2122322068112261,0.024047996829900394,Champions,25.293442585720936
14546,5,5,2549.58,248,249,1,509.916,3.0,1690.55,60.25,4.0,0.026051349634057374,1.3119836715054578,0.009890791137393233,Champions,25.21736326807504
17613,22,14,4515.3,305,210,1,322.5214285714286,5.0,1542.8600000000001,21.384615384615383,2.0,0.004546763227249574,0.934299094346732,0.005556089798891485,Champions,25.087412268934724
14300,18,1,43.2,18,3,1,43.2,1.0,43.2,19.0,0.0,-0.0,1.0,0.5804071912466445,New / recent,25.073590661855047
16765,294,1,34.0,294,1,1,34.0,0.0,0.0,295.0,0.0,-0.0,1.0,0.7363220717193522,Hibernating,25.034950438457972
16458,2,18,3482.7400000000002,360,52,1,193.48555555555558,7.0,1331.24,20.529411764705884,0.0,-0.0,0.9723209720792803,0.007137407154451445,Champions,24.857733393094225
12901,8,27,17167.7,270,29,1,635.8407407407408,8.0,5709.07,9.576923076923077,3.0,0.05060899246841452,1.1833038722779248,0.0014457574011619019,Champions,24.820329335927184
15615,10,23,10399.74,359,184,1,452.1626086956522,4.0,3031.89,15.454545454545455,4.0,0.0038174031273858775,1.954637716565891,0.0023740770421008827,Champions,24.689783977818234
17652,25,12,4805.08,281,116,1,400.42333333333335,6.0,2092.9500000000003,22.818181818181817,4.0,0.014141283807969899,0.771699734157286,0.00511586141581551,Champions,24.58212337190679
12989,3,15,6862.91,364,41,1,457.52733333333333,7.0,2393.77,25.357142857142858,3.0,0.0012239705897352582,0.6121395039889426,0.003564301773771686,Champions,24.46148228623544
14560,7,21,2184.13,357,39,1,104.00619047619048,6.0,618.9300000000001,17.15,1.0,0.004555589639810817,0.9885797342192694,0.011180936948036778,Champions,24.42061981631557
18069,26,5,1999.34,327,333,1,399.868,2.0,1021.02,74.75,1.0,0.0024758170196164738,1.5654693760732685,0.012155904075389435,Champions,24.30378525408911
15992,3,1,41.989999999999995,3,3,1,41.989999999999995,1.0,41.989999999999995,4.0,0.0,-0.0,1.0,0.5768823747072508,New / recent,24.223290913957456
15024,9,10,1636.43,367,105,1,163.643,5.0,805.81,39.44444444444444,0.0,-0.0,0.9701307457080253,0.014769303530599893,Champions,24.168931376579582
15144,8,17,6530.04,312,132,1,384.12,7.0,3019.6,18.5,0.0,-0.0,1.2288243883143668,0.003688213769774536,Champions,24.08418344517851
17348,14,5,1156.6,297,180,1,231.32,4.0,996.45,70.5,0.0,-0.0,1.5554948485794569,0.020563883635444886,Champions,23.784187812755555
15426,19,5,1399.12,369,216,1,279.82399999999996,3.0,769.94,87.25,1.0,0.008962776602435817,0.8158131748201363,0.01687561976349596,Champions,23.611017123502464
14684,25,5,1201.51,362,231,1,240.302,3.0,708.07,83.75,0.0,-0.0,0.9566445092952875,0.01936180754994656,Champions,23.263405389336288
16145,8,11,3799.4900000000002,359,134,1,345.40818181818184,3.0,1199.18,34.8,7.0,0.015136241969316934,1.229781577324755,0.006103769448620514,Champions,23.191210982339157
17408,163,1,32.65,163,2,1,32.65,0.0,0.0,164.0,0.0,-0.0,1.0,0.7092482706833533,Hibernating,23.156956037811483
15867,5,15,3803.6,369,301,1,253.57333333333332,3.0,862.73,25.571428571428573,1.0,0.003904196024818593,1.1734350719344955,0.006062266240709895,Champions,23.058435873164157
18122,8,6,1791.84,150,238,1,298.64,5.0,1672.65,28.0,0.0,-0.0,2.806695192549711,0.01283073442810447,Champions,22.99062317765471
18019,51,1,38.45,51,5,1,38.45,1.0,38.45,52.0,0.0,-0.0,1.0,0.5852869296032711,Needs attention,22.504282443245774
16904,4,15,3634.95,367,385,1,242.32999999999998,2.0,705.2,25.428571428571427,0.0,-0.0,1.564570355832409,0.0061732842552399084,Champions,22.439579603584303
14723,10,6,1120.66,371,192,1,186.77666666666667,3.0,666.71,71.8,0.0,-0.0,1.4686859786320077,0.019976376311463182,Champions,22.38672587720433
18037,154,6,70.02,362,19,1,11.67,0.0,0.0,41.0,0.0,-0.0,1.0,0.317347777804412,At risk (was loyal),22.220691401864926
13120,238,1,30.599999999999998,238,1,1,30.599999999999998,0.0,0.0,239.0,0.0,-0.0,1.0,0.7255357262104384,Hibernating,22.201393222039414
17988,11,7,191.17000000000002,326,36,1,27.310000000000002,2.0,55.12,52.333333333333336,0.0,-0.0,1.0128629180448363,0.11528595287523238,Champions,22.039215611158177
16794,1,10,1181.78,180,140,1,118.178,6.0,589.45,19.444444444444443,1.0,0.007192540066679077,0.663425230305179,0.018399238550047076,Champions,21.743852133674633
17340,29,11,12322.69,366,229,1,1120.2445454545455,4.0,4729.04,33.4,4.0,0.013340431350622305,1.089834269422478,0.001759192746204893,Champions,21.677986861731572
13267,2,19,4456.79,366,87,1,234.5678947368421,4.0,1402.15,19.88888888888889,6.0,0.011746122209033857,1.72133622947385,0.004863408419608233,Champions,21.675190010425776
14390,10,9,4604.37,372,134,1,511.59666666666664,5.0,3022.16,44.875,2.0,0.004810647276391775,1.5280702308795924,0.004685242650925961,Champions,21.572590704643964
17231,12,10,3093.92,361,291,1,309.392,3.0,1218.9,38.22222222222222,1.0,0.00507446863525883,1.5168371537370269,0.006830208524733403,Champions,21.132118758843173
14547,3,8,3974.75,54,198,1,496.84375,8.0,3974.75,6.714285714285714,1.0,0.005233033524121014,1.0,0.0052893334325867965,Champions,21.02377806117437
16592,4,16,4097.18,287,141,1,256.07375,6.0,1882.8500000000001,18.666666666666668,2.0,0.0058332804514324476,1.4171705813195565,0.00511873720412857,Champions,20.972387698011495
16016,3,8,1457.01,366,155,1,182.12625,4.0,674.44,51.42857142857143,1.0,0.011633413634772582,0.8618270570044854,0.014277243942737638,Champions,20.802087197008166
12705,15,8,6364.59,357,227,0,795.57375,4.0,2453.77,48.285714285714285,5.0,0.005711286979993998,0.6274310758357582,0.003267392061773613,Champions,20.795610842443722
15955,24,14,4399.76,372,136,1,314.2685714285714,6.0,1936.1100000000001,26.46153846153846,1.0,0.002261486990199465,1.047827410549388,0.004724363186228187,Champions,20.78606417223933
17831,33,1,35.400000000000006,33,2,1,35.400000000000006,1.0,35.400000000000006,34.0,0.0,-0.0,1.0,0.5860236008860095,Needs attention,20.745235471364737
15744,77,1,34.8,77,3,1,34.8,1.0,34.8,78.0,0.0,-0.0,1.0,0.5948827116255022,Hibernating,20.701918364567476
14730,1,8,1897.57,276,317,1,237.19625,3.0,1025.44,39.142857142857146,0.0,-0.0,1.9596466887581745,0.010864910850119168,Champions,20.61692888186063
16856,14,1,35.400000000000006,14,2,1,35.400000000000006,1.0,35.400000000000006,15.0,0.0,-0.0,1.0,0.581492598551454,New / recent,20.584837988721475
15516,44,3,62.43,46,15,1,20.81,3.0,62.43,0.5,0.0,-0.0,1.0,0.3294680337408512,Loyal,20.568689346441342
15034,15,8,4274.16,353,299,1,534.27,3.0,1633.78,47.857142857142854,3.0,0.007241188911973347,1.0312783260995262,0.004764392132948839,Champions,20.36377427896461
12621,1,20,12366.07,365,259,0,618.3035,5.0,3188.63,18.63157894736842,2.0,0.002587725930712021,1.042326618316219,0.0016434277153104108,Champions,20.32274216746861
17218,4,10,1951.97,368,146,1,195.197,5.0,1008.39,39.888888888888886,0.0,-0.0,1.0686852201191208,0.010362091680286078,Champions,20.226492097168016
13021,4,9,2616.38,358,101,1,290.7088888888889,5.0,1463.91,43.875,3.0,0.012222995130676735,1.0161895754336339,0.007702853995266388,Champions,20.153593136135076
15861,12,7,2981.92,267,338,1,425.98857142857145,4.0,1858.16,42.166666666666664,0.0,-0.0,1.2401402434683562,0.006638034572161461,Champions,19.794088051419703
13488,17,13,8938.41,367,270,1,687.5699999999999,4.0,2371.93,28.833333333333332,4.0,0.00311017283834597,0.8127402352554183,0.0021559971608647688,Champions,19.271186582645257
15750,2,8,2463.05,366,214,1,307.88125,4.0,1354.8700000000001,51.57142857142857,1.0,0.00578550983536672,1.2226082405385408,0.007818734903316898,Champions,19.257935003614687
16500,4,6,400.86,330,8,1,66.81,5.0,235.86,64.8,0.0,-0.0,0.28589090909090914,0.04746005400286812,Champions,19.024837247589716
16401,1,12,4098.32,327,66,1,341.52666666666664,5.0,1642.8999999999999,29.272727272727273,7.0,0.00857180503230592,0.9367277288610504,0.004622263513544639,Champions,18.943515002830264
17102,261,1,25.5,261,1,1,25.5,0.0,0.0,262.0,0.0,-0.0,1.0,0.730040617021873,Hibernating,18.61603573405776
15863,25,2,68.84,192,18,1,34.42,1.0,59.64,167.0,0.0,-0.0,5.0,0.2677785097590843,Loyal,18.433872611815364
13069,0,23,3972.45,369,278,1,172.71521739130435,4.0,561.42,16.363636363636363,1.0,0.06482397512869892,0.7818005118688491,0.004631929832573215,Champions,18.400109663405466
16326,5,14,3014.2200000000003,334,157,1,215.3014285714286,6.0,1514.55,24.923076923076923,0.0,-0.0,1.346562910506978,0.006060024469361533,Champions,18.26624695603892
12437,1,18,4447.41,331,117,0,247.07833333333332,7.0,1942.0,18.941176470588236,1.0,0.012310535794990793,1.218049854400791,0.0041012977934672895,Champions,18.240152819644358
15502,15,9,6608.83,369,161,1,734.3144444444445,5.0,943.25,43.75,7.0,0.16042930443058756,0.1331902470709089,0.002720047177439292,Champions,17.976329387676117
17220,24,14,3187.55,364,303,1,227.68214285714288,4.0,899.47,25.76923076923077,0.0,-0.0,0.9827781371280725,0.005619098137194822,Champions,17.911156267215354
14865,7,2,52.2,372,4,1,26.1,1.0,15.0,364.0,0.0,-0.0,0.4032258064516129,0.3419627417102109,Loyal,17.85045511727301
14032,2,11,2950.63,366,52,1,268.2390909090909,5.0,1130.22,35.9,6.0,0.007045952898194622,0.7450321630841403,0.005975864909473465,Champions,17.632566277839693
15290,4,17,7826.5199999999995,359,93,1,460.3835294117647,6.0,4478.93,21.6875,2.0,0.002906783602418444,2.4529203596218974,0.002244000559532476,Champions,17.56271525919211
15657,22,1,30.0,22,1,1,30.0,1.0,30.0,23.0,0.0,-0.0,1.0,0.5853110146294935,New / recent,17.559330438884807
14299,8,9,3899.27,365,94,1,433.2522222222222,4.0,1528.48,44.25,8.0,0.2677219069210391,0.805891706983748,0.004476830449773232,Champions,17.45637066788727
15443,1,7,3189.74,320,234,1,455.6771428571428,5.0,2528.79,52.5,0.0,-0.0,1.5303971556093503,0.005419898889332322,Champions,17.288068283258877
12709,15,15,9362.82,366,90,0,624.188,4.0,2469.73,24.642857142857142,11.0,0.04305006397645154,0.9852994085381157,0.0018318098917560765,Champions,17.150906290731626
13230,4,14,2712.07,365,393,1,193.71928571428572,2.0,560.4,27.23076923076923,0.0,-0.0,1.5626931639145407,0.006309673728030382,Champions,17.112276827579358
17769,12,10,3935.03,320,198,1,393.50300000000004,6.0,2127.1,33.666666666666664,1.0,0.003799208646439798,0.7843592764469124,0.004339286256979488,Champions,17.075221599801996
13704,5,9,2308.06,88,111,1,256.4511111111111,9.0,2308.06,10.125,1.0,0.005524119823574777,1.0,0.007385446251890814,Champions,17.046053076139113
12957,9,8,4017.54,339,208,1,502.1925,4.0,2302.25,46.714285714285715,4.0,0.009582978638669434,1.3421928653463846,0.004241939370924285,Champions,17.042161100263154
12970,7,4,405.47,322,116,1,101.3675,2.0,381.67,105.0,0.0,-0.0,5.0,0.041974561691694584,Champions,17.019425529131404
18268,134,1,25.5,134,1,1,25.5,0.0,0.0,135.0,1.0,1.0,1.0,0.6661650727533033,Hibernating,16.987209355209234
13985,4,15,7030.43,264,107,1,468.69533333333334,8.0,4287.09,18.071428571428573,1.0,0.0008392089815274457,1.3673856503386383,0.002389856485284852,Champions,16.80171872984118
18065,5,14,2392.83,364,110,1,170.91642857142855,6.0,980.6800000000001,27.384615384615383,1.0,0.0053284186507190235,0.9259450719352288,0.006979346664412272,Champions,16.700390079005615
15152,9,13,4745.69,187,196,1,365.0530769230769,7.0,2362.48,14.25,3.0,0.012948591248058767,0.8496871266664949,0.0035020523122001315,Champions,16.61965463748504
15033,4,10,2526.23,329,312,1,252.623,4.0,948.23,35.44444444444444,0.0,-0.0,0.9013593155893537,0.006524450372680006,Champions,16.48226226497541
17139,15,12,10617.77,288,309,1,884.8141666666667,5.0,3765.95,24.545454545454547,3.0,0.004699668574474678,0.769478766225616,0.0015476715688384458,Champions,16.432820753465784
16210,1,17,21076.3,373,73,1,1239.7823529411764,7.0,9837.34,22.75,0.0,-0.0,1.2504131038052324,0.0007760906735947437,Champions,16.357119863884897
16782,10,13,2266.3,365,103,1,174.33076923076925,4.0,637.5500000000001,29.0,6.0,0.015884922561002515,0.8807290867229471,0.006925942177333001,Champions,15.69626275648978
16257,176,1,21.95,176,1,1,21.95,0.0,0.0,177.0,0.0,-0.0,1.0,0.7133114410263941,Hibernating,15.65718613052935
15271,7,15,2493.34,365,184,1,166.22266666666667,5.0,900.76,25.0,1.0,0.008522704484747366,1.1311959210840272,0.006181735328288382,Champions,15.413167963434557
12362,3,10,4688.38,295,197,0,468.838,6.0,3106.03,31.88888888888889,2.0,0.004863087036460355,1.3086148239432913,0.0032789479616475987,Champions,15.372954044429369
13458,7,14,9613.37,359,241,1,686.6692857142858,4.0,1934.95,26.615384615384617,7.0,0.00784844440607196,0.6299961450402557,0.0015881916208098001,Champions,15.267873681744309
14051,0,23,15610.390000000001,366,52,1,678.7126086956522,7.0,6338.55,16.136363636363637,3.0,0.008523169504413407,1.5625932162024243,0.0009732433840963166,Champions,15.192708790663302
14688,7,21,5515.35,373,147,1,262.6357142857143,5.0,1392.65,17.85,5.0,0.0833564506332327,1.0809615058092998,0.002741799706127683,Champions,15.121985009191317
14653,1,7,1916.7,338,153,1,273.81428571428575,6.0,1571.89,55.666666666666664,0.0,-0.0,0.7597855823980355,0.007887314320091427,Champions,15.117615357319238
17924,11,7,2962.5,373,26,1,423.2142857142857,5.0,2460.3,60.0,6.0,0.02301097046413502,1.9596176821983273,0.005023345881814717,Champions,14.8816621748761
15044,19,17,7609.2300000000005,362,233,1,447.6017647058824,4.0,2482.05,20.9375,5.0,0.00595986716132907,1.5733136929072122,0.001955593900154119,Champions,14.880563772869728
12963,8,8,1856.63,365,75,1,232.07875,7.0,1490.83,50.42857142857143,0.0,-0.0,0.5822190111692571,0.007948903234766541,Champions,14.758172212764604
17364,0,11,4462.68,331,288,1,405.69818181818187,5.0,1845.27,32.6,1.0,0.005702851201520163,0.8459981432026317,0.003275856812273072,Champions,14.619100678994794
16241,9,13,2590.31,369,347,1,199.2546153846154,3.0,811.88,29.666666666666668,0.0,-0.0,1.5217167201782849,0.005570897691624952,Champions,14.430351999593029
14367,8,15,9147.42,276,270,1,609.828,6.0,3808.12,18.714285714285715,2.0,0.0014539618821481906,1.0698368700016854,0.0015675575358123613,Champions,14.33910715424071
17954,5,12,2294.23,371,325,1,191.18583333333333,2.0,428.92,32.81818181818182,3.0,0.007606037755586842,1.1497284633653388,0.006181942744868398,Champions,14.182798503559425
17528,1,8,3628.5,71,183,1,453.5625,8.0,3628.5,9.571428571428571,3.0,0.024362684304809153,1.0,0.0038733221165352175,Champions,14.054349299848036
14487,26,6,1165.48,368,112,1,194.24666666666667,5.0,1040.3799999999999,67.8,1.0,0.010939698664927755,1.6632773780975216,0.0119975756401271,Champions,13.982934457055334
16746,4,18,6680.11,358,234,1,371.1172222222222,6.0,2276.58,20.294117647058822,1.0,0.0005014887479397794,1.033979557309704,0.002073681199364003,Champions,13.85241851668347
14704,19,7,1461.6200000000001,180,286,1,208.80285714285716,5.0,1254.1200000000001,26.333333333333332,0.0,-0.0,2.4175807228915662,0.009440515385738783,Champions,13.79844609810352
15187,1,15,4731.58,212,59,1,315.4386666666667,10.0,2893.3,14.642857142857142,1.0,0.016167960808017617,0.7869584611702243,0.0028613648072505628,Champions,13.538776494690618
18072,185,1,20.04,185,3,1,20.04,0.0,0.0,186.0,1.0,0.3892215568862276,1.0,0.672124789319844,Hibernating,13.469380777969674
17706,4,17,10123.91,366,264,1,595.5241176470588,5.0,2417.59,22.3125,4.0,0.003960920237339131,0.7529165671812228,0.0013084799935587528,Champions,13.246933691589392
12584,3,9,2053.9500000000003,280,40,0,228.2166666666667,5.0,1423.26,34.0,8.0,0.11879549161371988,1.8053370118441705,0.00643128018560733,Champions,13.209527937228177
16191,2,12,4968.67,360,63,1,414.05583333333334,5.0,2373.64,32.09090909090909,8.0,0.011331000046290054,1.2805616890748854,0.002638814857443515,Champions,13.11140021773387
16426,2,10,1863.76,276,211,1,186.376,6.0,1173.93,30.0,0.0,-0.0,1.1345114013597553,0.006938810195540978,Champions,12.932276890041452
18041,11,21,4075.12,372,285,1,194.05333333333334,5.0,1099.26,17.6,0.0,-0.0,1.1820556074546518,0.0031676710712134713,Champions,12.90863973572344
18225,3,12,5476.91,365,148,1,456.40916666666664,5.0,2774.18,32.27272727272727,5.0,0.021919293908426465,1.4370107261916656,0.0023481803395170456,Champions,12.860772383304303
16474,7,7,1800.94,145,236,1,257.27714285714285,6.0,1466.19,22.5,3.0,0.028029806656523815,0.7299925317401046,0.007121994047754864,Champions,12.826283960363645
17530,1,10,2362.53,365,305,1,236.25300000000001,4.0,1001.86,40.111111111111114,0.0,-0.0,1.1044485437321319,0.005381477212906131,Champions,12.713901359807123
17986,56,1,20.8,56,1,1,20.8,1.0,20.8,57.0,0.0,-0.0,1.0,0.5938721140409092,Needs attention,12.352539972050913
12540,19,17,11567.49,361,276,0,680.4405882352941,6.0,3705.38,20.875,2.0,0.006781938000378646,0.8640424347492807,0.0010574193397737085,Champions,12.231687638638975
16953,30,1,20.8,30,1,1,20.8,1.0,20.8,31.0,0.0,-0.0,1.0,0.5877031476900976,New / recent,12.22422547195403
15805,23,17,5439.78,364,218,1,319.9870588235294,6.0,1914.68,21.0625,2.0,0.005763100713631801,0.995786407950602,0.0022127535225478254,Champions,12.03689235688521
14189,2,15,4627.88,368,175,1,308.5253333333333,4.0,1369.86,25.571428571428573,7.0,0.005093044763477013,1.1562590162123005,0.002579692074111932,Champions,11.938505355941128
16093,106,1,17.0,106,1,1,17.0,0.0,0.0,107.0,0.0,-0.0,1.0,0.699092878686698,Hibernating,11.884578937673867
14607,15,9,10806.7,261,37,1,1200.7444444444445,8.0,10311.7,30.375,1.0,0.007402814920373472,2.6039646464646466,0.0010824355010815717,Champions,11.697555729538221
16353,3,23,6675.71,369,51,1,290.24826086956523,9.0,3207.9,16.227272727272727,0.0,-0.0,1.4389677250675976,0.0017220409870227064,Champions,11.495846237477352
16393,2,13,3028.93,369,120,1,232.99461538461537,4.0,1274.94,30.0,7.0,0.0307468313893025,1.6354796777632712,0.003727112472301539,Champions,11.289162780728299
16360,4,6,3372.71,88,362,1,562.1183333333333,6.0,3372.71,16.2,2.0,0.008390878551669131,1.0,0.003266802829817162,Champions,11.017978572152641
17763,263,1,15.0,263,1,1,15.0,0.0,0.0,264.0,0.0,-0.0,1.0,0.730494677769986,Hibernating,10.95742016654979
13881,3,20,17057.52,311,72,1,852.876,9.0,7760.84,15.789473684210526,1.0,0.003986511521018295,1.0203073689866824,0.0006418339419713835,Champions,10.948095301855712
17857,4,22,25229.04,365,18,1,1146.7745454545454,8.0,11047.02,16.714285714285715,1.0,0.0017123124780015408,1.3631545435699568,0.0004307068300402842,Champions,10.866319843359532
17900,190,1,15.0,190,1,1,15.0,0.0,0.0,191.0,0.0,-0.0,1.0,0.7161590876687751,Hibernating,10.742386315031627
13307,120,1,15.0,120,1,1,15.0,0.0,0.0,121.0,0.0,-0.0,1.0,0.7019890052881781,Hibernating,10.529835079322671
16168,10,27,3770.6,369,57,1,139.65185185185186,9.0,1155.48,13.384615384615385,0.0,-0.0,0.8836917617547188,0.002765553748844564,Champions,10.427796965393313
15993,8,7,2753.02,44,331,1,393.2885714285714,7.0,2753.02,5.333333333333333,2.0,0.009008289078902443,1.0,0.003784917263472854,Champions,10.419952924686037
15529,22,11,3935.15,366,414,1,357.7409090909091,3.0,1550.47,33.8,1.0,0.0006480057939341575,1.7338119440204418,0.0026465634985043582,Champions,10.414624351139425
15804,0,13,3878.33,198,167,1,298.33307692307693,8.0,1621.85,16.083333333333332,4.0,0.007678562680328904,0.44922013490037577,0.0026564110142402657,Champions,10.302438528858449
18223,4,14,6447.7,358,116,1,460.55,3.0,2430.86,26.692307692307693,12.0,0.020104843587635902,2.218946568280871,0.001543088361197385,Champions,9.949370826492379
17017,2,20,8654.76,372,88,1,432.738,6.0,3262.98,19.105263157894736,7.0,0.009318571514403635,1.4120791278575908,0.0011372070421663536,Champions,9.842254020259672
14415,1,13,5834.52,360,282,1,448.8092307692308,4.0,2089.44,29.5,5.0,0.011598212020868897,1.255310967990003,0.0016838498973333164,Champions,9.824455902989182
17870,2,12,1860.94,366,213,1,155.07833333333335,5.0,1120.52,32.81818181818182,0.0,-0.0,2.1187001971853814,0.0052633585399769235,Champions,9.794794441384656
17576,8,19,3437.78,365,243,1,180.93578947368422,5.0,1209.78,19.5,2.0,0.011010012275363752,1.5203698384201076,0.0028137605235910436,Champions,9.673089652790818
14735,3,30,5815.19,358,94,1,193.83966666666666,8.0,2454.98,11.862068965517242,1.0,0.0038691771034136463,2.009158653774615,0.0016560416019035823,Champions,9.630196562973692
13113,0,24,12181.18,366,89,1,507.5491666666667,4.0,1458.8999999999999,15.347826086956522,15.0,0.13607302412409963,0.6803123962440825,0.0007647690018489124,Champions,9.315788869941935
17956,249,1,12.75,249,1,1,12.75,0.0,0.0,250.0,0.0,-0.0,1.0,0.727795590513488,Hibernating,9.279393779046972
15194,3,15,7616.53,368,209,1,507.76866666666666,4.0,3147.0,25.642857142857142,7.0,0.01252013712281052,1.9362774161936491,0.001216087064942857,Champions,9.262363612749217
17602,2,6,5018.92,324,334,1,836.4866666666667,4.0,4109.37,63.6,2.0,0.003327409084026045,2.2590126985872137,0.001833600170207624,Champions,9.202692566258449
14534,2,18,4140.85,318,321,1,230.04722222222225,4.0,1190.04,18.176470588235293,4.0,0.028182619510486975,1.4115242933296281,0.0021970098269097063,Champions,9.097488141759058
14085,2,18,4421.29,368,272,1,245.62722222222223,6.0,1200.35,21.058823529411764,1.0,0.0028837737402432322,0.7453414220693336,0.002042455284365376,Champions,9.030287124211794
13269,1,15,5343.28,369,177,1,356.21866666666665,7.0,2364.78,26.0,2.0,0.005672545702265276,0.9073713997937599,0.0016754939377271812,Champions,8.952633247578893
14397,2,19,2612.96,213,18,1,137.52421052631578,9.0,1576.84,11.277777777777779,4.0,0.0215387912558937,1.6909667262908201,0.003426046333951907,Champions,8.952122028762975
18172,14,20,7561.68,289,100,1,378.084,9.0,1926.4,14.157894736842104,5.0,0.009456893177177557,0.41781222741175045,0.0011592983125104882,Champions,8.766242863744308
18109,1,26,7902.07,369,117,1,303.9257692307692,8.0,3178.05,14.16,2.0,0.0031384181613172244,1.5136710894534737,0.0010417857560198658,Champions,8.2322639690719
13755,3,9,2108.06,63,232,1,234.2288888888889,9.0,2108.06,7.0,1.0,0.003164046564139541,1.0,0.0038973047243561405,Champions,8.215752197226205
16910,4,8,1508.96,91,318,1,188.62,7.0,1397.18,12.0,0.0,-0.0,1.7856248242721673,0.005391769207287314,Champions,8.135964063028267
14071,3,7,1291.34,264,268,1,184.47714285714284,6.0,1065.94,43.166666666666664,0.0,-0.0,0.7881839692398699,0.005989385491574265,Champions,7.734333060689511
14505,17,8,5859.43,362,540,1,732.42875,2.0,1636.69,48.857142857142854,3.0,0.014837620724200135,1.162768723624945,0.0013043346510110071,Champions,7.642657584173426
14895,7,20,11113.710000000001,290,273,1,555.6855,7.0,3138.92,14.578947368421053,4.0,0.00840853324407421,0.7309813621603651,0.0006831814754897104,Champions,7.59268079596475
14849,21,25,7921.18,373,158,1,316.8472,8.0,2146.01,14.458333333333334,3.0,0.0021335205108329817,0.7896341146667544,0.0009529819324314869,Champions,7.5487414235376455
15021,8,9,1848.53,366,285,1,205.39222222222222,4.0,771.59,44.125,3.0,0.010440728578924877,0.8955814622913069,0.003914510550771215,Champions,7.236090188417113
16779,2,22,10508.64,366,160,1,477.6654545454545,7.0,4156.99,16.904761904761905,4.0,0.006907649324746115,1.4024443592272422,0.0006866994066538145,Champions,7.216276852738541
16713,18,15,6855.18,366,336,1,457.012,4.0,2940.01,24.285714285714285,4.0,0.0039823899591258,2.065051453704437,0.0010332916615999276,Champions,7.083400332766592
12476,15,11,5801.62,361,173,0,527.42,5.0,3166.05,34.1,8.0,0.029826152005819062,1.4415325717017575,0.0012207094618986519,Champions,7.082092428340457
15351,12,7,1909.76,369,156,1,272.8228571428571,6.0,1635.09,58.833333333333336,3.0,0.038261352211796246,0.9921542214293517,0.0036314951932449255,Champions,6.935284260251429
13004,11,18,5635.07,357,276,1,313.0594444444444,6.0,1865.78,19.88235294117647,3.0,0.003840236234864873,0.989990157297528,0.0012178013950002184,Champions,6.862396106923881
14502,19,10,2313.44,313,367,1,231.344,4.0,1244.72,32.111111111111114,2.0,0.0027232173732623277,1.7470244778800808,0.0028991608668692383,Champions,6.707034715849971
13050,14,17,5768.56,366,245,1,339.32705882352946,4.0,1327.12,21.375,9.0,0.01520310094720346,0.9711129723693219,0.0011358756106962218,Champions,6.5523666128377975
18283,3,16,2039.58,337,262,1,127.47375,6.0,958.7,21.8,0.0,-0.0,1.4782707917005895,0.0031618142448850656,Champions,6.448773097582682
17238,2,17,3719.1,371,297,1,218.7705882352941,6.0,1775.53,22.5625,0.0,-0.0,1.674824335286783,0.0016368746584873768,Champions,6.087700542380403
16626,0,17,4413.1,266,86,1,259.59411764705885,10.0,2247.7599999999998,16.125,3.0,0.00757970587568829,0.7266443145187361,0.0013429362856336694,Champions,5.926512122129947
12681,14,22,12352.79,367,266,0,561.4904545454546,7.0,3416.96,16.285714285714285,4.0,0.0034971856560339805,0.8194042571151358,0.0004703133226428626,Champions,5.809681708809527
17816,36,4,36.56,365,16,1,9.14,2.0,15.25,109.0,0.0,-0.0,0.715626466447677,0.14489894619055335,Loyal,5.297505472726631
14217,1,17,1965.03,366,76,1,115.59,7.0,793.48,22.25,5.0,0.020187986951853153,0.9675582409140516,0.0025743718343111226,Champions,5.058717885576385
13668,2,21,6271.08,362,283,1,298.62285714285713,5.0,1408.8600000000001,17.5,7.0,0.01741007928458894,0.9272208990954748,0.0007848473851313244,Champions,4.921840739949346
14056,1,23,8103.43,284,319,1,352.3230434782609,6.0,2818.7400000000002,12.318181818181818,5.0,0.004910266393366759,1.511239069841372,0.0006016579884224673,Champions,4.875493393122274
13468,1,37,5685.07,373,184,1,153.65054054054053,8.0,946.05,9.777777777777779,3.0,0.0049814690056586815,0.7236583196525863,0.000851111743120669,Champions,4.838629837463022
16558,0,20,8338.49,366,264,1,416.92449999999997,6.0,3653.32,18.789473684210527,4.0,0.009767955589081476,1.8194458970183223,0.0005660780342801378,Champions,4.720236028064586
16923,12,18,6926.33,362,312,1,384.7961111111111,5.0,2305.14,20.11764705882353,6.0,0.06324128362350624,1.2969308771117396,0.0006669691372627889,Champions,4.619648344497373
14702,1,17,3251.79,365,196,1,191.28176470588235,8.0,1600.54,22.0625,1.0,0.01276220174119485,1.09045117335352,0.0013810543105650746,Champions,4.4908985965524035
13890,1,10,1883.8100000000002,358,74,1,188.38100000000003,8.0,1382.7,39.333333333333336,4.0,0.012182757284439513,0.6898186027020016,0.002349521419265915,Champions,4.426051944827324
16523,1,21,9376.87,315,151,1,446.51761904761906,8.0,4130.92,15.25,6.0,0.008659606030583765,1.279605219264385,0.00045942753533483277,Champions,4.307992273255134
14796,1,17,7913.08,366,400,1,465.4752941176471,3.0,1394.31,22.25,9.0,0.015433939755442886,0.9981606959595137,0.000543577515672436,Champions,4.3013723677172395
12841,4,25,3952.45,371,228,1,158.09799999999998,8.0,1161.67,14.833333333333334,1.0,0.027026274842186494,0.8845372082356903,0.0010820133939005135,Champions,4.276603838722084
16764,3,13,2768.27,143,209,1,212.94384615384615,9.0,1988.97,11.166666666666666,4.0,0.006617851582396226,1.1343342315753453,0.0015429611971454129,Champions,4.271333193221732
13709,3,13,6274.85,315,244,1,482.6807692307693,8.0,3388.84,25.666666666666668,3.0,0.007353163820649099,0.7338938534516513,0.0006787708502642406,Champions,4.259185269780571
17865,30,19,10422.220000000001,364,190,1,548.5378947368422,8.0,3508.98,18.22222222222222,6.0,0.025501284755071373,0.6979140750212636,0.0003752600752002157,Champions,3.9110430609531925
14667,10,25,9164.84,368,352,1,366.5936,7.0,3163.58,14.458333333333334,1.0,0.00044190624168016025,1.3555353375791082,0.0004193239945715585,Champions,3.8430373184092024
12720,2,25,5115.7300000000005,369,210,0,204.62920000000003,8.0,1839.89,14.916666666666666,3.0,0.009861740162205588,1.1935156326316303,0.0007427290488638478,Champions,3.7996012771442524
14866,10,11,14174.84,366,29,1,1288.6218181818183,8.0,13047.44,35.0,1.0,0.0009799052405529798,4.339888238424694,0.00025648348024655596,Champions,3.6356122951380914
13969,7,18,8956.92,365,334,1,497.6066666666667,7.0,5076.24,20.529411764705884,0.0,-0.0,2.055554328475569,0.0003970739608276942,Champions,3.556559701216791
12474,17,18,6633.44,329,250,0,368.52444444444444,5.0,2690.23,17.823529411764707,10.0,0.029949769651945294,1.7738335011323263,0.0005341489396245443,Champions,3.543244942063037
16454,64,1,5.9,64,1,1,5.9,1.0,5.9,65.0,0.0,-0.0,1.0,0.596549025263373,Needs attention,3.519639249053901
15547,7,14,4910.6,362,441,1,350.75714285714287,6.0,2165.44,26.923076923076923,0.0,-0.0,1.0517614030997589,0.0007068140396145607,Champions,3.470881022931262
17949,1,40,54050.94,371,27,1,1351.2735,11.0,10219.92,9.102564102564102,1.0,0.015452090194916127,0.6147113495087602,6.380765777817792e-05,Champions,3.4488638821088284
14792,63,1,6.2,63,2,1,6.2,1.0,6.2,64.0,1.0,1.0,1.0,0.5508453188085317,Needs attention,3.4152409766128966
14159,19,11,4623.73,362,499,1,420.3390909090909,4.0,1895.25,33.9,3.0,0.0022622428212720038,1.2155806529642879,0.0006877736899719057,Champions,3.1800798435337994
15078,7,32,9689.61,368,95,1,302.8003125,10.0,3040.52,11.32258064516129,5.0,0.006838252519967264,1.0060239822291472,0.0003034575291985802,Champions,2.9403851094978553
17346,3,15,2602.6,373,298,1,173.50666666666666,7.0,1373.82,26.071428571428573,1.0,0.017175132559747945,1.2777551717964157,0.0010760959009642977,Champions,2.800647191849681
16738,297,1,3.75,297,1,1,3.75,0.0,0.0,298.0,0.0,-0.0,1.0,0.73708445124569,Hibernating,2.7640666921713377
17581,0,24,10788.64,372,229,1,449.52666666666664,8.0,4502.95,16.0,4.0,0.006704274125376322,1.4327623538545489,0.0002496352583665004,Champions,2.693224933823161
12682,3,31,11019.82,371,208,0,355.478064516129,11.0,3645.9,11.766666666666667,0.0,-0.0,0.8989667762749108,0.00023994019712677295,Champions,2.644097783101555
15838,11,19,33643.08,367,54,1,1770.6884210526316,7.0,19489.58,19.5,1.0,0.008346441526756765,2.3605969245365857,7.836977187475089e-05,Champions,2.636600504763994
15189,1,41,16225.39,332,80,1,395.74121951219513,8.0,3589.62,7.8,12.0,0.026085659574284503,1.1718464723558595,0.00015751139306485092,Champions,2.5556837819205014
15039,9,47,19644.54,368,407,1,417.96893617021277,9.0,1381.94,7.369565217391305,1.0,0.0003028831420842636,0.3194976497200715,0.00012872007401169242,Champions,2.5286466427256524
16029,38,59,60369.93,373,41,1,1023.2191525423729,9.0,15178.14,5.4655172413793105,0.0,-0.0,1.865892012686375,4.0978040534715605e-05,Loyal,2.4738414386179435
14769,2,8,10404.83,357,716,1,1300.60375,2.0,4119.99,50.0,2.0,0.0021768736250376026,1.9666324043253287,0.00023618547188519423,Champions,2.4574696834352254
17961,21,39,1296.44,372,211,1,33.242051282051285,8.0,116.82,8.763157894736842,0.0,-0.0,0.38374858005120294,0.0018398280278819213,Champions,2.385226648467238
13018,16,28,7277.7,295,313,1,259.91785714285714,10.0,2201.9900000000002,10.0,1.0,0.0006801599406405871,0.7808921313471415,0.00032151586227124147,Champions,2.339895990851414
18118,10,26,5574.58,369,423,1,214.40692307692308,7.0,1402.14,13.84,1.0,0.0017848878301145556,0.9121302095245398,0.00041530525081749344,Champions,2.3151523451021827
17675,1,30,20198.7,367,237,1,673.2900000000001,7.0,6200.11,12.137931034482758,7.0,0.0049805185482234005,1.4552744240669957,0.0001116606814764844,Champions,2.2554006069390655
14456,5,9,3003.32,142,577,1,333.70222222222225,6.0,2376.03,16.75,1.0,0.0008390714276201004,1.8938848060705573,0.0007117446825590513,Champions,2.13759704002325
16446,205,1,2.9,205,2,1,2.9,0.0,0.0,206.0,0.0,-0.0,1.0,0.717871161423633,Hibernating,2.0818263681285356
16033,5,20,8710.47,369,536,1,435.52349999999996,4.0,2914.27,18.68421052631579,4.0,0.002346601274098872,2.011159035229978,0.00023067454456352236,Champions,2.0092837001842243
14562,3,18,4791.02,304,183,1,266.1677777777778,11.0,2654.04,17.176470588235293,2.0,0.02264653455840301,0.7903370857259054,0.0004188337763159455,Champions,2.0066409990052216
17611,7,15,3956.02,361,439,1,263.73466666666667,6.0,1259.97,24.785714285714285,3.0,0.007899353390528864,0.7010088833664065,0.0005056542231883677,Champions,2.0003782200176463
13534,2,25,5798.83,358,118,1,231.9532,4.0,1498.55,14.458333333333334,18.0,0.032032323761862304,1.8295058693852495,0.00034260015555317877,Champions,1.9866800600264396
15555,12,16,4788.52,369,400,1,299.2825,6.0,1981.84,23.466666666666665,4.0,0.008931778503587747,1.1768590172968298,0.0004101682609481293,Champions,1.9640989209153363
15358,4,22,8324.1,365,292,1,378.3681818181818,7.0,2707.39,16.952380952380953,7.0,0.010625773356879422,1.032908944916152,0.00023479220999642894,Champions,1.9544338352312742
16931,5,21,4554.87,369,448,1,216.89857142857142,7.0,1657.54,17.7,0.0,-0.0,1.1441844732909263,0.00042035740436520544,Champions,1.9146733304209433
13319,5,26,10815.050000000001,365,209,1,415.96346153846156,7.0,3455.08,14.08,10.0,0.013935210655521703,1.2742000695266809,0.00017107548129713447,Champions,1.8501898840025743
15498,2,27,13316.4,366,360,1,493.2,8.0,4190.03,13.692307692307692,3.0,0.004794839446096543,1.0903920452490967,0.00013460395690257293,Champions,1.7924401316974221
17315,1,36,6228.3,357,254,1,173.00833333333333,8.0,1913.1399999999999,9.657142857142857,5.0,0.012033781288634138,1.5517362044512832,0.00028614572764356207,Champions,1.7822014354823976
16705,0,20,14021.09,358,133,1,701.0545,10.0,4254.64,18.57894736842105,8.0,0.005346231997654962,0.43563833327360507,0.00012541183125927997,Champions,1.7584105731511777
16161,1,19,5499.87,368,284,1,289.46684210526314,7.0,2497.01,19.833333333333332,6.0,0.02637153241803897,1.4255038767803268,0.00031633074941819024,Champions,1.7397779988026219
13081,11,11,28269.13,371,500,1,2569.9209090909094,3.0,9429.210000000001,35.4,7.0,0.010578677164808398,1.334642609947388,6.133710006399557e-05,Champions,1.7339464555320991
17428,0,28,17246.9,368,251,1,615.9607142857143,8.0,6595.76,13.333333333333334,5.0,0.009766972615368559,1.548134753650783,9.904114165325487e-05,Champions,1.7081526659795216
17377,23,20,4058.32,373,190,1,202.916,11.0,2017.98,17.94736842105263,1.0,0.04312129156892507,0.8092153981466548,0.00039878232030163665,Champions,1.618386266126538
17920,4,17,4107.6,373,406,1,241.62352941176474,8.0,1790.7,22.4375,0.0,-0.0,0.8694969571410074,0.0003935142313831022,Champions,1.6163990568292308
15856,4,27,16007.53,365,292,1,592.8714814814815,10.0,4895.71,13.461538461538462,2.0,0.004938300912133228,0.7489958440651487,0.00010063593500565202,Champions,1.610932748681025
16839,8,34,16392.64,369,107,1,482.1364705882353,12.0,5725.07,10.424242424242424,3.0,0.06285503738263025,0.9839130811109434,9.33588109574245e-05,Champions,1.530397378853115
17243,1,26,8521.7,369,179,1,327.7576923076923,10.0,4207.69,14.36,4.0,0.004500275766572397,1.5605675462041115,0.0001659492155171283,Champions,1.4141694298723122
17757,1,30,5589.4400000000005,372,274,1,186.31466666666668,10.0,2284.84,12.206896551724139,1.0,0.0035423942291177646,1.3828239423833446,0.00023267176899066154,Champions,1.3005048924671634
16549,10,10,4034.9,334,445,1,403.49,8.0,3254.54,35.666666666666664,0.0,-0.0,1.0426405761443436,0.00032033385844818234,Champions,1.2925150854525709
16422,17,50,34651.4,369,67,1,693.028,12.0,5566.7,6.673469387755102,7.0,0.009823556912563416,0.606087851459129,3.502198406646314e-05,Champions,1.2135607786806408
13777,0,33,25977.16,373,36,1,787.1866666666666,9.0,13616.92,11.28125,7.0,0.00843279249925704,2.9377897732298623,3.011894435164345e-05,Champions,0.7824046364537381
15005,15,28,6234.44,366,356,1,222.6585714285714,8.0,1776.92,12.518518518518519,7.0,0.012126189361033228,0.9965855453256518,0.00012204879389513551,Champions,0.7609058826115885
16133,3,33,14439.44,318,215,1,437.5587878787879,10.0,3969.77,9.375,11.0,0.009264902239976065,0.8720877544373413,4.179676710300388e-05,Champions,0.6035219107777984
13199,3,37,9788.96,366,46,1,264.56648648648644,16.0,5076.96,9.63888888888889,0.0,-0.0,1.4141574702886248,5.716025237982667e-05,Champions,0.559539424136028
13263,1,34,7411.71,325,448,1,217.9914705882353,11.0,2567.14,9.303030303030303,0.0,-0.0,1.1079737445503655,6.919315914281716e-05,Champions,0.5128396295504093
16013,3,46,35639.6,371,30,1,774.7739130434783,12.0,13721.26,7.844444444444444,4.0,0.061340475201741886,1.773715679806652,1.3962780354655183e-05,Champions,0.49762790672776885
17677,1,29,16303.53,368,178,1,562.1906896551725,10.0,4653.9800000000005,12.821428571428571,12.0,0.006266127642295871,0.7590475168568742,3.0011135416250466e-05,Champions,0.48928744659290196
13767,2,37,17187.91,373,54,1,464.5381081081081,9.0,7543.990000000001,9.86111111111111,14.0,0.014091300222074702,2.433677499513799,2.672646136192447e-05,Champions,0.4593720125072352
14194,4,21,11285.92,308,269,1,537.4247619047619,9.0,5666.47,14.9,11.0,0.006128875625558218,1.3444898225508428,3.903881009299433e-05,Champions,0.44058888760472653
12569,2,32,3152.69,252,91,0,98.5215625,17.0,1507.01,7.645161290322581,1.0,0.0075173899114724255,0.8080031998215649,0.00012570209432353257,Champions,0.39629973575285793
14088,10,13,50415.49,322,378,1,3878.1146153846153,6.0,24983.920000000002,25.5,0.0,-0.0,1.146130839215458,6.886888572082384e-06,Champions,0.3472058619369337
15061,3,48,54391.94,372,70,1,1133.1654166666667,11.0,17959.14,7.574468085106383,3.0,0.0026033268899767134,1.658066806933213,5.825614481455925e-06,Champions,0.3168664733384818
13078,3,26,12576.36,366,94,1,483.7061538461539,11.0,5710.79,14.16,15.0,0.011456415051731977,1.1342744898225359,1.7188851604278993e-05,Champions,0.21617318576199018
13798,1,57,36910.49,372,113,1,647.5524561403508,15.0,7992.71,6.160714285714286,5.0,0.01510735836885395,0.7739040825402228,5.602676446084549e-06,Champions,0.2067975329364393
12415,24,19,123806.88,337,441,0,6516.151578947369,6.0,22826.649999999998,16.88888888888889,1.0,0.0013626060199562415,0.4897764806701933,1.1829263581805074e-06,Champions,0.1464544216760911
13599,1,21,5110.14,366,168,1,243.34,13.0,2836.08,17.95,10.0,0.015962380678415853,0.7674731537426454,2.7953793584189002e-05,Champions,0.1428477987463076
17389,0,34,31727.48,331,45,1,933.1611764705882,9.0,22329.6,9.545454545454545,7.0,0.01579703146925,5.0,4.329335917530324e-06,Champions,0.137358918736725
13098,1,28,28882.44,317,156,1,1031.5157142857142,10.0,13712.98,11.222222222222221,13.0,0.007740343267397076,1.6271748631790452,4.626753163438293e-06,Champions,0.13363192063781668
15159,1,30,18611.13,361,361,1,620.371,12.0,9641.16,12.068965517241379,4.0,0.002012236763700001,1.612239505817745,6.209758124846016e-06,Champions,0.11557061573006544
12471,2,27,17353.85,364,148,0,642.7351851851852,10.0,7708.65,13.576923076923077,18.0,0.059371839678227026,1.3586763364160415,6.5631562811588655e-06,Champions,0.11389602962978877
14527,2,55,8496.18,369,328,1,154.476,15.0,3225.71,6.314814814814815,2.0,0.002195104152689797,1.6320922675460316,9.828534877586255e-06,Champions,0.08350500145625078
12921,9,37,16469.24,373,233,1,445.1145945945946,13.0,6466.32,9.805555555555555,12.0,0.004827180853518438,1.1934336712141593,3.650780117312108e-06,Champions,0.06012557393924127
14298,8,44,51527.3,360,884,1,1171.075,7.0,10344.79,7.953488372093023,1.0,0.012903063036487453,1.3277385056353848,1.0253542725187502e-06,Champions,0.0528337372063554
16684,4,28,65920.12,358,119,1,2354.29,10.0,32770.06,12.814814814814815,0.0,-0.0,1.7793665531827092,7.497817766237938e-07,Champions,0.049425704688853676
13694,3,50,63555.3,373,364,1,1271.106,11.0,19127.98,7.142857142857143,4.0,0.009342415188033098,1.5264792842864172,4.3917067652666015e-07,Champions,0.027911624097854845
12971,3,85,10969.76,372,93,1,129.056,22.0,3024.59,3.9761904761904763,1.0,0.0032817490993421916,1.0901372669295823,2.454748630654163e-06,Champions,0.026928003338604813
17811,4,39,7661.12,333,356,1,196.43897435897435,15.0,2862.11,8.157894736842104,11.0,0.00861753894991855,0.9542334773213641,2.5428425890593578e-06,Champions,0.019481022215894428
13408,1,62,28042.04,373,233,1,452.2909677419355,21.0,10265.36,5.786885245901639,11.0,0.005479629870009457,1.1274261185628214,4.681129888287672e-08,Champions,0.0013126843157255843
17511,2,30,88556.38,373,452,1,2951.8793333333333,9.0,29180.63,12.275862068965518,13.0,0.00472218941198816,1.146733079862851,1.1270071165963591e-08,Champions,0.0009980367048001149
14156,9,54,113866.28,371,713,0,2108.634814814815,13.0,18321.29,6.433962264150943,8.0,0.0015852805589152469,0.604767764379901,4.189859107456988e-09,Champions,0.0004770836702902475
14606,1,89,11734.92,373,811,1,131.85303370786517,22.0,2552.16,3.7386363636363638,16.0,0.0209247272243867,0.8464216937747772,1.1395817213331233e-09,Champions,1.3372900333306494e-05
13089,2,96,58235.08,369,636,1,606.6154166666666,26.0,15501.34,3.5052631578947366,17.0,0.015817785431049464,0.9766141911070019,1.7551243205720274e-11,Champions,1.0220980521845766e-06
14096,4,17,53258.43,101,1118,1,3132.8488235294117,14.0,53054.54,5.625,0.0,-0.0,5.0,1.4944684369106137e-11,Champions,7.959304263441334e-07
15311,0,90,59735.19,373,567,1,663.7243333333333,26.0,14597.52,3.6292134831460676,22.0,0.007857847275617605,0.7960614033262444,1.2825597439758707e-11,Champions,7.661394999274999e-07
17450,8,45,189607.53,367,123,1,4213.500666666667,22.0,103305.99,7.886363636363637,1.0,0.000168769668588584,1.2514459975822196,4.927909477079203e-16,Champions,9.343687440125792e-11
17841,1,124,39952.95,373,1319,1,322.20120967741934,43.0,17052.73,2.5528455284552845,23.0,0.002719699046002861,1.4027194681363169,3.937787177943682e-17,Champions,1.5732621423102503e-12
14646,1,72,278742.02,354,699,0,3871.4169444444447,30.0,101408.4,4.633802816901408,0.0,-0.0,0.8005913373899433,8.923028191585816e-20,Champions,2.4872229026395777e-14
18102,0,60,259657.3,367,150,1,4327.621666666667,33.0,124206.55,6.0,0.0,-0.0,0.7502619284802108,2.1592916752251163e-20,Champions,5.606758463014305e-15
12748,0,203,30021.69,373,1756,1,147.89009852216748,74.0,16918.63,1.49009900990099,3.0,0.00671847587527551,2.25087021141874,1.4479716216549705e-22,Champions,4.347055515412281e-18
14911,1,195,129654.58,373,1743,0,664.895282051282,89.0,59148.13,1.5257731958762886,37.0,0.006836164214175851,0.9991438714575807,2.8404610435740636e-32,Champions,3.682787836109569e-27
